,price,city,kms_driven,owner,age,power,brand
0,35000.0,Ahmedabad,17654.0,1.0,3.0,110.0,TVS
1,119900.0,Delhi,11000.0,1.0,4.0,350.0,Royal Enfield
2,600000.0,Delhi,110.0,1.0,8.0,675.0,Triumph
3,65000.0,Bangalore,16329.0,1.0,4.0,180.0,TVS
4,80000.0,Bangalore,10000.0,1.0,3.0,150.0,Yamaha
5,53499.0,Delhi,25000.0,1.0,6.0,150.0,Yamaha
6,85000.0,Delhi,8200.0,1.0,3.0,160.0,Honda
7,45000.0,Delhi,12645.0,1.0,3.0,100.0,Hero
8,145000.0,Bangalore,9190.0,1.0,3.0,350.0,Royal Enfield
9,88000.0,Delhi,19000.0,2.0,7.0,500.0,Royal Enfield
10,72000.0,Bangalore,20000.0,1.0,7.0,150.0,Yamaha
11,95000.0,Bangalore,9665.0,1.0,4.0,250.0,Yamaha
12,78000.0,Bangalore,9900.0,1.0,4.0,200.0,Bajaj
13,29499.0,Delhi,20000.0,1.0,8.0,100.0,Bajaj
14,29900.0,Delhi,20000.0,1.0,7.0,125.0,Bajaj
15,90000.0,Bangalore,11574.0,1.0,3.0,200.0,Bajaj
16,120000.0,Bangalore,23000.0,1.0,3.0,200.0,Bajaj
17,48000.0,Mumbai,24725.0,1.0,5.0,150.0,Suzuki
18,240000.0,Mumbai,15025.0,2.0,3.0,302.0,Benelli
22,46500.0,Delhi,3500.0,1.0,2.0,110.0,Hero
23,121700.0,Kalyan,24520.0,1.0,5.0,500.0,Royal Enfield
24,45000.0,Delhi,23000.0,1.0,6.0,150.0,Yamaha
26,20000.0,Ahmedabad,29305.0,1.0,16.0,125.0,Hero
27,20800.0,Faridabad,30500.0,2.0,7.0,125.0,Honda
28,50000.0,Bangalore,19000.0,1.0,8.0,150.0,Bajaj
29,81200.0,Mettur,9100.0,1.0,2.0,160.0,Honda
30,88000.0,Hyderabad,21914.0,1.0,3.0,200.0,Bajaj
31,80000.0,Kaithal,20000.0,2.0,4.0,150.0,Yamaha
32,40900.0,Gurgaon,15000.0,1.0,6.0,220.0,Bajaj
33,180000.0,Pune,17700.0,1.0,4.0,390.0,KTM
34,40000.0,Noida,30000.0,1.0,8.0,150.0,Honda
35,70000.0,Nashik,100000.0,2.0,8.0,200.0,KTM
36,98800.0,Kochi,39000.0,1.0,5.0,350.0,Royal Enfield
37,65000.0,Allahabad,43000.0,1.0,6.0,150.0,Honda
38,190500.0,Samastipur,4550.0,1.0,2.0,500.0,Royal Enfield
39,179000.0,Bangalore,3400.0,1.0,2.0,200.0,KTM
40,70000.0,Nadiad,45000.0,1.0,8.0,350.0,Royal Enfield
41,45000.0,Hyderabad,36100.0,1.0,6.0,220.0,Bajaj
42,78000.0,Lucknow,8500.0,1.0,13.0,350.0,Royal Enfield
43,110000.0,Bangalore,2550.0,1.0,2.0,220.0,Bajaj
44,85000.0,Delhi,18000.0,1.0,6.0,350.0,Royal Enfield
45,38000.0,Delhi,35000.0,1.0,9.0,200.0,Bajaj
46,55346.0,Noida,38000.0,1.0,10.0,350.0,Royal Enfield
47,28000.0,Jaipur,45000.0,1.0,2.0,110.0,Mahindra
48,37000.0,Mumbai,10800.0,1.0,8.0,150.0,Hero
49,97000.0,Delhi,4400.0,1.0,3.0,150.0,Suzuki
50,40000.0,Karnal,357000.0,1.0,8.0,150.0,Yamaha
51,90000.0,Delhi,15300.0,1.0,7.0,350.0,Royal Enfield
52,60000.0,Mumbai,30000.0,1.0,5.0,160.0,TVS
53,21900.0,Gorakhpur,30000.0,2.0,7.0,125.0,Honda
54,40000.0,Ahmedabad,64000.0,1.0,7.0,220.0,Bajaj
55,475000.0,Mumbai,11500.0,2.0,3.0,600.0,Benelli
56,34500.0,Ahmedabad,17056.0,1.0,5.0,110.0,Honda
57,25000.0,Vidisha,172082.0,1.0,9.0,150.0,Yamaha
58,30200.0,Bangalore,45000.0,1.0,7.0,150.0,Suzuki
59,65000.0,Hosur,35000.0,1.0,5.0,220.0,Bajaj
60,25000.0,Mumbai,38000.0,1.0,9.0,150.0,Bajaj
61,935000.0,Bagalkot,2500.0,1.0,2.0,900.0,Kawasaki
62,107100.0,Delhi,15438.0,2.0,3.0,350.0,Royal Enfield
63,80000.0,Delhi,6000.0,1.0,3.0,220.0,Bajaj
64,88000.0,Delhi,19000.0,1.0,5.0,350.0,Royal Enfield
65,94700.0,Baripara,32700.0,1.0,4.0,200.0,KTM
66,12200.0,Agra,46643.0,1.0,14.0,100.0,Hero
67,106000.0,Delhi,19000.0,1.0,6.0,350.0,Royal Enfield
68,29500.0,Hyderabad,40700.0,1.0,12.0,220.0,Bajaj
69,290000.0,Dharwad,11350.0,1.0,7.0,650.0,Kawasaki
70,110000.0,Delhi,1600.0,1.0,6.0,350.0,Royal Enfield
71,27000.0,Vadodara,44410.0,1.0,10.0,125.0,Bajaj
72,65000.0,Jalandhar,9800.0,1.0,11.0,350.0,Royal Enfield
73,150000.0,Bangalore,15000.0,1.0,3.0,350.0,Royal Enfield
74,55786.0,Surat,68000.0,2.0,7.0,223.0,Hero
75,45000.0,Bangalore,17757.0,1.0,8.0,180.0,Bajaj
76,146000.0,Chennai,3900.0,1.0,2.0,250.0,Yamaha
77,115000.0,Bangalore,23700.0,1.0,4.0,350.0,Royal Enfield
78,30000.0,Noida,8250.0,1.0,3.0,100.0,Bajaj
79,93100.0,Mumbai,10000.0,1.0,5.0,200.0,Bajaj
80,82000.0,Mumbai,4300.0,2.0,3.0,150.0,Yamaha
81,260000.0,Navi Mumbai,3800.0,1.0,2.0,650.0,Royal Enfield
82,38000.0,Bangalore,33000.0,1.0,7.0,125.0,Honda
83,130000.0,Gandhidham,17500.0,2.0,4.0,250.0,KTM
84,118000.0,Gurgaon,19000.0,1.0,4.0,410.0,Royal Enfield
85,14700.0,Delhi,10000.0,1.0,11.0,135.0,Bajaj
86,85000.0,Chennai,54000.0,1.0,6.0,350.0,Royal Enfield
87,40000.0,Mumbai,27000.0,1.0,7.0,220.0,Bajaj
88,50000.0,Bangalore,19000.0,1.0,6.0,150.0,Yamaha
89,71800.0,Mumbai,43500.0,1.0,7.0,350.0,Royal Enfield
91,75000.0,Bangalore,11575.0,1.0,4.0,200.0,Bajaj
92,1350000.0,Mumbai,190.0,1.0,1.0,1100.0,Ducati
93,790000.0,Mumbai,19000.0,1.0,3.0,765.0,Triumph
94,47000.0,Bangalore,8600.0,1.0,4.0,150.0,Bajaj
95,60000.0,Pune,2000.0,1.0,2.0,150.0,Bajaj
96,96700.0,Vadodara,5100.0,1.0,1.0,150.0,Suzuki
97,31900.0,Delhi,9000.0,1.0,5.0,100.0,Hero
98,35000.0,Visakhapatnam,44480.0,1.0,13.0,150.0,Bajaj
99,240000.0,Bangalore,11000.0,1.0,3.0,390.0,KTM
100,68000.0,Delhi,16000.0,1.0,7.0,250.0,Honda
101,80000.0,Bangalore,26691.0,1.0,5.0,200.0,Bajaj
102,135000.0,Bangalore,45000.0,1.0,5.0,350.0,Royal Enfield
103,11100.0,Pune,12000.0,,12.0,150.0,Bajaj
104,480000.0,Mumbai,14200.0,1.0,4.0,600.0,Benelli
105,65000.0,Thrissur,41000.0,1.0,3.0,150.0,Suzuki
106,60000.0,Bangalore,15000.0,1.0,5.0,150.0,Yamaha
107,80000.0,Bangalore,12314.0,1.0,4.0,150.0,Honda
108,46000.0,Delhi,11760.0,1.0,3.0,100.0,Hero
109,95000.0,Bangalore,22000.0,1.0,11.0,500.0,Royal Enfield
110,400000.0,Delhi,1800.0,1.0,4.0,650.0,Hyosung
111,55000.0,Bangalore,4400.0,1.0,4.0,150.0,Bajaj
112,63000.0,Delhi,16000.0,1.0,5.0,150.0,Yamaha
113,51000.0,Faridabad,9000.0,1.0,4.0,150.0,Bajaj
114,69900.0,Delhi,8700.0,1.0,3.0,160.0,TVS
115,125000.0,Gorakhpur,1342.0,1.0,4.0,200.0,Bajaj
116,210000.0,Kolkata,21000.0,1.0,6.0,300.0,Benelli
117,35900.0,Delhi,19000.0,1.0,5.0,125.0,Honda
118,67000.0,Delhi,13000.0,1.0,9.0,250.0,Honda
119,29339.0,Ernakulam,12771.0,1.0,4.0,100.0,Hero
120,19695.0,Ernakulam,51576.0,1.0,6.0,100.0,Hero
121,48672.0,Ernakulam,608.0,1.0,2.0,110.0,Hero
122,40000.0,Mumbai,13680.0,1.0,9.0,150.0,Honda
123,500000.0,Bangalore,285.0,1.0,5.0,600.0,Yamaha
124,800000.0,Mumbai,3.0,1.0,3.0,1299.0,Ducati
125,110000.0,Bangalore,24676.0,1.0,5.0,410.0,Royal Enfield
126,92500.0,Delhi,11000.0,1.0,6.0,350.0,Royal Enfield
127,57000.0,Bangalore,28948.0,1.0,5.0,200.0,Bajaj
128,72500.0,Delhi,10000.0,1.0,10.0,350.0,Royal Enfield
129,68000.0,Delhi,16000.0,1.0,9.0,200.0,KTM
130,21500.0,Barasat,10500.0,1.0,5.0,125.0,TVS
131,40000.0,Delhi,20000.0,1.0,6.0,160.0,TVS
132,91000.0,Delhi,18000.0,1.0,5.0,350.0,Royal Enfield
133,300000.0,Ghaziabad,3500.0,1.0,6.0,750.0,Harley-Davidson
134,47000.0,Jaipur,70000.0,1.0,6.0,150.0,Suzuki
135,53000.0,Bangalore,18158.0,1.0,6.0,150.0,Suzuki
136,51000.0,Bangalore,39140.0,1.0,5.0,150.0,Suzuki
137,48000.0,Bangalore,27776.0,1.0,8.0,220.0,Bajaj
138,55000.0,Bangalore,32734.0,1.0,6.0,220.0,Bajaj
139,173300.0,Vadodara,14000.0,1.0,2.0,410.0,Royal Enfield
140,77000.0,Delhi,13000.0,1.0,8.0,350.0,Royal Enfield
141,115000.0,Bangalore,5000.0,1.0,2.0,200.0,Bajaj
142,36000.0,Hyderabad,39500.0,1.0,7.0,150.0,Bajaj
143,72000.0,Hyderabad,29500.0,1.0,4.0,220.0,Bajaj
144,115000.0,Hyderabad,14900.0,1.0,3.0,350.0,Royal Enfield
145,65000.0,Mumbai,2000.0,1.0,3.0,125.0,Honda
146,99000.0,Mumbai,4000.0,1.0,2.0,150.0,Honda
147,68500.0,Delhi,68500.0,2.0,7.0,150.0,Yamaha
148,140000.0,Delhi,2473.0,1.0,2.0,150.0,Yamaha
149,130000.0,Delhi,9221.0,1.0,3.0,200.0,KTM
150,46000.0,Delhi,37128.0,1.0,7.0,200.0,Bajaj
151,30000.0,Delhi,16166.0,1.0,6.0,125.0,Hero
152,116000.0,Delhi,11716.0,1.0,3.0,400.0,Bajaj
153,130000.0,Delhi,8419.0,1.0,3.0,350.0,Royal Enfield
154,98000.0,Delhi,13459.0,1.0,5.0,350.0,Royal Enfield
155,85000.0,Delhi,14704.0,1.0,6.0,350.0,Royal Enfield
158,50000.0,Delhi,9200.0,1.0,4.0,150.0,Bajaj
159,100000.0,Bangalore,30294.0,1.0,5.0,350.0,Royal Enfield
160,66000.0,Delhi,19756.0,1.0,8.0,350.0,Royal Enfield
165,80000.0,Kolkata,12000.0,1.0,2.0,160.0,Honda
166,123600.0,Jaipur,7702.0,1.0,3.0,350.0,Royal Enfield
167,950000.0,Chennai,312.0,1.0,3.0,1300.0,Suzuki
168,107000.0,Ahmedabad,17000.0,1.0,4.0,350.0,Royal Enfield
169,600000.0,Bangalore,16000.0,1.0,5.0,821.0,Ducati
170,80000.0,Delhi,3500.0,1.0,3.0,150.0,Yamaha
171,75000.0,Bhubaneshwar,11050.0,1.0,4.0,150.0,Suzuki
172,43778.0,Ernakulam,948.0,1.0,2.0,125.0,Hero
173,118000.0,Delhi,11200.0,2.0,5.0,200.0,KTM
174,68000.0,Bangalore,10407.0,1.0,5.0,150.0,Yamaha
175,27000.0,Bangalore,23000.0,1.0,8.0,125.0,Bajaj
176,48500.0,Delhi,5500.0,1.0,2.0,100.0,Hero
177,15000.0,Delhi,38000.0,1.0,15.0,223.0,Hero
178,95000.0,Navi Mumbai,23000.0,1.0,5.0,200.0,KTM
179,145000.0,Amritsar,4500.0,1.0,4.0,200.0,KTM
180,62000.0,Delhi,11227.0,1.0,3.0,150.0,Yamaha
181,25000.0,Hyderabad,45000.0,1.0,9.0,100.0,Hero
182,700000.0,Ahmedabad,100.0,1.0,6.0,1198.0,Ducati
183,160000.0,Bangalore,3500.0,1.0,3.0,500.0,Royal Enfield
184,47500.0,Mumbai,30000.0,1.0,5.0,220.0,Bajaj
185,21000.0,Bagalkot,38000.0,1.0,9.0,150.0,Yamaha
186,18000.0,Bhopal,22000.0,1.0,12.0,125.0,Yamaha
187,36000.0,Bangalore,54560.0,1.0,8.0,223.0,Hero
188,52000.0,Bangalore,33150.0,1.0,6.0,150.0,Yamaha
189,435000.0,Jaipur,5550.0,2.0,7.0,883.0,Harley-Davidson
190,68000.0,Bangalore,12077.0,1.0,5.0,200.0,TVS
191,80000.0,Pune,5000.0,1.0,4.0,220.0,Bajaj
192,110800.0,Mumbai,13300.0,1.0,6.0,500.0,Royal Enfield
193,85000.0,Hyderabad,16000.0,1.0,2.0,160.0,TVS
194,145000.0,Bangalore,4000.0,1.0,2.0,350.0,Royal Enfield
195,145000.0,Bangalore,3000.0,1.0,3.0,400.0,Bajaj
196,149000.0,Mumbai,7000.0,1.0,3.0,350.0,Royal Enfield
197,60000.0,Mumbai,4000.0,1.0,2.0,100.0,Hero
198,140000.0,Mumbai,11000.0,1.0,4.0,350.0,Royal Enfield
199,85000.0,Mumbai,15000.0,1.0,7.0,200.0,KTM
200,86000.0,Mumbai,15000.0,1.0,3.0,220.0,Bajaj
201,115000.0,Hyderabad,15500.0,1.0,4.0,350.0,Royal Enfield
202,83000.0,Bangalore,500.0,1.0,3.0,150.0,Suzuki
207,28000.0,Bangalore,35251.0,1.0,12.0,180.0,Bajaj
208,14500.0,Delhi,35000.0,1.0,14.0,100.0,Hero
209,32000.0,Delhi,22000.0,1.0,5.0,110.0,Hero
210,62500.0,Delhi,26000.0,1.0,5.0,180.0,Bajaj
211,122500.0,Delhi,10000.0,1.0,3.0,150.0,Yamaha
212,24500.0,Delhi,15000.0,1.0,6.0,100.0,Bajaj
213,78500.0,Delhi,26000.0,1.0,4.0,200.0,TVS
214,102500.0,Delhi,21000.0,1.0,4.0,350.0,Royal Enfield
215,28000.0,Bangalore,28428.0,1.0,9.0,110.0,TVS
216,130000.0,Delhi,10149.0,1.0,3.0,350.0,Royal Enfield
217,130000.0,Delhi,7036.0,1.0,3.0,350.0,Royal Enfield
218,115000.0,Delhi,7593.0,1.0,4.0,400.0,Bajaj
219,96000.0,Delhi,17000.0,1.0,6.0,200.0,KTM
220,29500.0,Delhi,15798.0,1.0,4.0,100.0,Bajaj
221,100000.0,Hyderabad,4800.0,1.0,4.0,150.0,Yamaha
222,177982.0,Hamirpur(hp),7000.0,1.0,2.0,410.0,Royal Enfield
223,202000.0,Bangalore,11000.0,1.0,2.0,410.0,Royal Enfield
225,113000.0,Kottayam,28000.0,,6.0,200.0,KTM
226,45400.0,Delhi,23000.0,2.0,5.0,220.0,Bajaj
227,105000.0,Delhi,16000.0,1.0,4.0,350.0,Royal Enfield
228,885000.0,Delhi,300.0,1.0,2.0,959.0,Ducati
229,30000.0,Arrah,50000.0,1.0,6.0,150.0,Yamaha
230,22000.0,Delhi,22000.0,1.0,6.0,100.0,Bajaj
231,115000.0,Delhi,10000.0,1.0,4.0,350.0,Royal Enfield
232,55000.0,Patiala,3000.0,1.0,4.0,150.0,Bajaj
233,20000.0,Faridabad,55000.0,1.0,9.0,125.0,Bajaj
234,56000.0,Ranga Reddy,16500.0,1.0,4.0,110.0,Hero
235,28000.0,Mandi,36000.0,1.0,5.0,100.0,TVS
236,44000.0,Ludhiana,7329.0,1.0,3.0,125.0,Hero
237,190000.0,Mandya,8780.0,1.0,2.0,400.0,Bajaj
238,78000.0,Siliguri,20000.0,1.0,8.0,350.0,Royal Enfield
239,18787.0,Bangalore,28164.0,1.0,10.0,125.0,Honda
240,51500.0,Bangalore,20600.0,1.0,6.0,200.0,Bajaj
241,54200.0,Mumbai,5700.0,1.0,6.0,220.0,Bajaj
242,175000.0,Hyderabad,11277.0,1.0,3.0,500.0,Royal Enfield
243,48000.0,Aurangabad,26000.0,1.0,7.0,220.0,Bajaj
244,40000.0,Ludhiana,4000.0,1.0,5.0,110.0,Honda
245,102400.0,Kanpur,11600.0,1.0,4.0,400.0,Bajaj
246,65000.0,Chennai,8800.0,1.0,3.0,150.0,Yamaha
247,170000.0,Bhilwara,2100.0,1.0,4.0,390.0,KTM
248,12999.0,Meerut,65000.0,1.0,13.0,150.0,Bajaj
249,87000.0,Mumbai,20000.0,1.0,6.0,200.0,KTM
250,45600.0,Rewari,18000.0,2.0,5.0,220.0,Bajaj
251,42000.0,Ahmednagar,58000.0,1.0,7.0,180.0,Bajaj
252,47000.0,Delhi,24445.0,1.0,8.0,200.0,Bajaj
253,31000.0,Delhi,34525.0,1.0,7.0,100.0,Bajaj
254,72500.0,Bangalore,19000.0,1.0,4.0,150.0,Suzuki
255,80999.0,Wardha,4000.0,1.0,3.0,150.0,Suzuki
256,85000.0,Chandigarh,9148.0,1.0,6.0,200.0,Bajaj
257,60000.0,Mumbai,16000.0,1.0,5.0,160.0,TVS
258,148999.0,Ranchi,3694.0,1.0,4.0,400.0,Bajaj
259,49000.0,Bangalore,7524.0,1.0,5.0,150.0,Bajaj
260,30000.0,Delhi,23000.0,1.0,8.0,100.0,Hero
261,140000.0,Panvel,12800.0,1.0,6.0,200.0,KTM
262,237818.0,Delhi,1440.0,1.0,2.0,390.0,KTM
265,23600.0,Delhi,22672.0,2.0,6.0,150.0,Yamaha
266,100000.0,Bangalore,25000.0,1.0,8.0,500.0,Royal Enfield
267,160700.0,Hyderabad,10000.0,1.0,3.0,200.0,KTM
268,78000.0,Thane,34200.0,1.0,6.0,350.0,Royal Enfield
269,45000.0,Jabalpur,7000.0,1.0,4.0,150.0,Bajaj
270,60000.0,Gurgaon,3490.0,1.0,9.0,350.0,Royal Enfield
271,150000.0,Kota,7500.0,1.0,5.0,200.0,KTM
272,37000.0,Mumbai,13500.0,1.0,5.0,150.0,Bajaj
273,125000.0,Navi Mumbai,11000.0,1.0,5.0,350.0,Royal Enfield
274,70000.0,Mumbai,56353.0,1.0,5.0,200.0,Bajaj
275,40000.0,Rohtak,25000.0,1.0,7.0,220.0,Bajaj
276,62000.0,Delhi,1123.0,1.0,2.0,125.0,Yamaha
277,280000.0,Bangalore,1500.0,1.0,2.0,650.0,Royal Enfield
278,44000.0,Rajkot,15000.0,1.0,4.0,150.0,Bajaj
279,85000.0,Mumbai,31000.0,1.0,7.0,350.0,Royal Enfield
280,51000.0,Gurgaon,28000.0,1.0,5.0,220.0,Bajaj
281,75000.0,Delhi,11460.0,1.0,3.0,220.0,Bajaj
282,160000.0,Ghaziabad,23000.0,1.0,5.0,390.0,KTM
283,106000.0,Delhi,1175.0,1.0,2.0,200.0,Bajaj
284,599999.0,Mumbai,7800.0,,5.0,675.0,Triumph
285,85000.0,Delhi,15000.0,1.0,7.0,250.0,Honda
286,31500.0,Ahmedabad,28653.0,1.0,8.0,100.0,Hero
287,150000.0,Ahmednagar,8000.0,2.0,6.0,250.0,Hyosung
288,210000.0,Hosur,2100.0,1.0,2.0,295.0,Jawa
289,50000.0,Delhi,3300.0,1.0,4.0,125.0,Bajaj
290,29300.0,Varanasi,19000.0,1.0,6.0,100.0,Bajaj
291,35740.0,Rohtak,20400.0,1.0,4.0,125.0,Bajaj
292,24500.0,Rajkot,25000.0,1.0,10.0,150.0,Yamaha
293,45000.0,Kanpur,18000.0,1.0,7.0,223.0,Hero
294,210000.0,Chennai,12000.0,1.0,4.0,390.0,KTM
298,71000.0,Delhi,11000.0,1.0,9.0,350.0,Royal Enfield
303,80400.0,24 Pargana,5100.0,2.0,4.0,250.0,Yamaha
304,135000.0,Delhi,2200.0,1.0,4.0,350.0,Royal Enfield
305,350000.0,Mumbai,3100.0,1.0,6.0,750.0,Harley-Davidson
306,57000.0,Delhi,1500.0,1.0,11.0,223.0,Hero
307,76000.0,Jalandhar,3000.0,1.0,2.0,200.0,Hero
308,42100.0,Kota,22560.0,1.0,11.0,150.0,Bajaj
309,73000.0,Ludhiana,16658.0,1.0,6.0,150.0,Yamaha
310,366000.0,Delhi,3135.0,1.0,3.0,302.0,Benelli
311,61200.0,Banka,29000.0,2.0,3.0,160.0,Honda
312,82000.0,Delhi,29860.0,1.0,7.0,350.0,Royal Enfield
313,120000.0,Chennai,12000.0,1.0,5.0,350.0,Royal Enfield
315,80000.0,Delhi,7000.0,1.0,3.0,160.0,TVS
316,81800.0,Bangalore,3700.0,1.0,2.0,150.0,Suzuki
317,45900.0,Delhi,27000.0,1.0,6.0,220.0,Bajaj
319,86200.0,Bangalore,9300.0,1.0,4.0,200.0,Bajaj
320,40000.0,Delhi,9000.0,1.0,3.0,100.0,Hero
321,10000.0,Mumbai,21389.0,1.0,12.0,150.0,Hero
322,155000.0,Nagpur,13500.0,1.0,5.0,250.0,Hyosung
323,46000.0,Mumbai,24374.0,1.0,6.0,200.0,Bajaj
324,215000.0,Noida,9600.0,1.0,4.0,390.0,KTM
326,23000.0,Delhi,37000.0,1.0,7.0,110.0,Honda
327,55250.0,Pune,7781.0,2.0,3.0,220.0,Bajaj
328,58000.0,Delhi,7758.0,1.0,2.0,110.0,Hero
329,66000.0,Delhi,8000.0,1.0,3.0,150.0,Yamaha
330,55000.0,Hyderabad,32000.0,1.0,7.0,223.0,Hero
331,89730.0,Mumbai,12100.0,1.0,9.0,500.0,Royal Enfield
332,108000.0,Nagpur,26811.0,1.0,6.0,350.0,Royal Enfield
333,314100.0,Hyderabad,13500.0,1.0,3.0,320.0,Yamaha
334,125000.0,Hyderabad,16500.0,1.0,39.0,350.0,Royal Enfield
335,18800.0,Faridabad,10401.0,1.0,8.0,100.0,Hero
336,417000.0,Delhi,13000.0,2.0,5.0,750.0,Harley-Davidson
337,105000.0,Chennai,20500.0,1.0,4.0,400.0,Bajaj
338,20000.0,Bangalore,19211.0,1.0,6.0,110.0,Honda
339,88000.0,Chandigarh,22500.0,1.0,10.0,350.0,Royal Enfield
340,47000.0,Banki,14009.0,1.0,2.0,125.0,Bajaj
341,95000.0,Delhi,11000.0,1.0,2.0,220.0,Bajaj
342,108000.0,Pune,2982.0,1.0,3.0,150.0,Yamaha
343,186100.0,Delhi,12000.0,1.0,3.0,390.0,KTM
344,81500.0,Pali,3000.0,1.0,1.0,125.0,Honda
345,20000.0,Chhatarpur,30806.0,1.0,5.0,100.0,Bajaj
346,15000.0,Mumbai,55000.0,2.0,13.0,150.0,Bajaj
347,39000.0,Ludhiana,5000.0,1.0,5.0,150.0,Bajaj
348,102500.0,Delhi,29000.0,1.0,5.0,350.0,Royal Enfield
349,87000.0,Delhi,15000.0,1.0,7.0,350.0,Royal Enfield
350,118000.0,Hyderabad,14500.0,1.0,3.0,400.0,Bajaj
351,131100.0,Gurgaon,6200.0,1.0,4.0,350.0,Royal Enfield
355,42000.0,Delhi,19000.0,1.0,5.0,160.0,Honda
356,45000.0,Katihar,15000.0,1.0,4.0,110.0,Honda
359,255000.0,Mohali,2200.0,1.0,3.0,310.0,BMW
360,78700.0,Rudrapur,3710.0,1.0,2.0,160.0,TVS
361,62800.0,Mumbai,38400.0,2.0,7.0,250.0,Honda
362,35000.0,Delhi,18000.0,1.0,6.0,150.0,Bajaj
363,33800.0,Delhi,17000.0,1.0,5.0,150.0,Bajaj
364,125000.0,Coimbatore,21000.0,,11.0,250.0,Kawasaki
365,146000.0,Hyderabad,4700.0,1.0,5.0,410.0,Royal Enfield
366,569400.0,Jajpur,3174.0,1.0,6.0,899.0,Benelli
367,1900000.0,Chennai,1700.0,1.0,6.0,1800.0,Indian
368,600000.0,Bhubaneshwar,230.0,1.0,1.0,650.0,Kawasaki
369,185000.0,Kolkata,3000.0,1.0,2.0,200.0,KTM
370,32000.0,Delhi,32000.0,1.0,5.0,100.0,Hero
371,38000.0,Delhi,21000.0,1.0,4.0,125.0,Hero
372,35000.0,Bangalore,38717.0,1.0,5.0,150.0,Bajaj
373,42000.0,Bangalore,1999.0,1.0,3.0,150.0,Hero
374,9350.0,Bangalore,39822.0,2.0,13.0,150.0,TVS
375,330000.0,Mumbai,7500.0,1.0,5.0,650.0,Kawasaki
376,36500.0,Ahmednagar,23000.0,1.0,7.0,100.0,Hero
377,38000.0,Pune,17376.0,2.0,5.0,100.0,Hero
378,75000.0,Faridabad,33000.0,1.0,8.0,350.0,Royal Enfield
381,230000.0,Chennai,9500.0,1.0,4.0,300.0,Benelli
382,31500.0,Delhi,20000.0,1.0,8.0,160.0,TVS
385,46000.0,Chennai,35000.0,1.0,16.0,350.0,Royal Enfield
386,109900.0,Delhi,8600.0,1.0,5.0,350.0,Royal Enfield
388,35000.0,Delhi,18000.0,1.0,5.0,150.0,Bajaj
389,65000.0,Delhi,18000.0,1.0,3.0,160.0,Bajaj
390,175000.0,Bangalore,1800.0,1.0,2.0,295.0,Jawa
391,126000.0,Bangalore,23000.0,1.0,4.0,350.0,Royal Enfield
392,25000.0,Hyderabad,29000.0,1.0,9.0,125.0,Honda
393,89000.0,Mumbai,5000.0,1.0,2.0,150.0,Honda
394,160000.0,Mumbai,7500.0,1.0,2.0,350.0,Royal Enfield
395,130000.0,Mumbai,15000.0,1.0,2.0,200.0,Bajaj
396,33500.0,Pune,26000.0,2.0,12.0,125.0,Honda
397,128000.0,Bangalore,8000.0,1.0,3.0,150.0,Yamaha
398,143000.0,Bangalore,7000.0,1.0,3.0,350.0,Royal Enfield
399,31000.0,Bangalore,31464.0,2.0,9.0,135.0,Bajaj
400,72000.0,Delhi,7419.0,1.0,3.0,150.0,Suzuki
401,108500.0,Delhi,10000.0,1.0,2.0,200.0,TVS
402,74500.0,Delhi,10000.0,1.0,4.0,220.0,Bajaj
403,24000.0,Delhi,6300.0,1.0,4.0,100.0,Bajaj
404,80000.0,Delhi,17000.0,1.0,3.0,220.0,Bajaj
405,81000.0,Bangalore,22000.0,1.0,3.0,220.0,Bajaj
406,115000.0,Delhi,15000.0,2.0,5.0,350.0,Royal Enfield
419,56500.0,Delhi,10000.0,1.0,2.0,110.0,Hero
420,75000.0,Bangalore,16000.0,1.0,4.0,220.0,Bajaj
421,72000.0,Bangalore,32542.0,1.0,6.0,150.0,Yamaha
422,73000.0,Bangalore,7461.0,1.0,4.0,150.0,Suzuki
423,69500.0,Delhi,28000.0,1.0,6.0,200.0,Bajaj
424,78500.0,Delhi,9800.0,1.0,3.0,160.0,TVS
425,87000.0,Delhi,7000.0,1.0,2.0,160.0,TVS
426,40000.0,Delhi,16688.0,2.0,6.0,180.0,TVS
427,145000.0,Thane,16000.0,1.0,5.0,300.0,Mahindra
428,265000.0,Bangalore,12900.0,1.0,2.0,650.0,Royal Enfield
429,235000.0,Bangalore,7000.0,1.0,4.0,300.0,Benelli
430,400000.0,Noida,3000.0,1.0,6.0,750.0,Harley-Davidson
431,30000.0,Pune,11000.0,1.0,13.0,110.0,Honda
432,140000.0,Nagpur,14000.0,1.0,5.0,200.0,KTM
433,98000.0,Bangalore,17000.0,1.0,3.0,250.0,Yamaha
434,74500.0,Delhi,5432.0,2.0,6.0,350.0,Royal Enfield
435,75000.0,Bangalore,3419.0,1.0,3.0,200.0,TVS
436,27500.0,Mysore,25757.0,1.0,8.0,125.0,Hero
437,10200.0,Delhi,71474.0,1.0,12.0,150.0,TVS
438,57000.0,Bangalore,17000.0,1.0,5.0,150.0,Bajaj
439,21000.0,Delhi,34688.0,1.0,13.0,160.0,TVS
440,68500.0,Delhi,8100.0,1.0,3.0,160.0,Bajaj
441,174500.0,Delhi,7900.0,1.0,3.0,250.0,KTM
442,108000.0,Delhi,20000.0,1.0,5.0,350.0,Royal Enfield
448,50000.0,Delhi,12000.0,1.0,4.0,150.0,Suzuki
449,118000.0,Bangalore,12000.0,1.0,7.0,535.0,Royal Enfield
451,33000.0,Delhi,17525.0,1.0,5.0,125.0,Hero
452,150000.0,Adoni,9000.0,1.0,4.0,200.0,KTM
453,70000.0,Jalandhar,5000.0,1.0,4.0,220.0,Bajaj
454,105000.0,Bangalore,13200.0,1.0,6.0,350.0,Royal Enfield
455,135000.0,Chennai,5000.0,1.0,4.0,400.0,Bajaj
456,140000.0,Chennai,7500.0,1.0,4.0,400.0,Bajaj
457,26000.0,Bikaner,28000.0,1.0,8.0,110.0,Hero
458,230000.0,Delhi,1100.0,1.0,4.0,390.0,KTM
459,53000.0,Ahmednagar,25000.0,1.0,5.0,125.0,Honda
460,76000.0,Hyderabad,7500.0,1.0,4.0,150.0,Bajaj
461,135000.0,Delhi,7000.0,1.0,4.0,400.0,Bajaj
462,45000.0,Gurgaon,10200.0,1.0,4.0,125.0,Bajaj
463,60000.0,Delhi,3500.0,1.0,4.0,150.0,Bajaj
464,40000.0,Delhi,15000.0,1.0,4.0,110.0,Hero
465,133000.0,Delhi,8000.0,1.0,4.0,350.0,Royal Enfield
466,25000.0,Ahmedabad,33000.0,1.0,7.0,100.0,Bajaj
467,99999.0,Bangalore,5500.0,1.0,3.0,150.0,Suzuki
468,130000.0,Delhi,14500.0,2.0,8.0,250.0,Honda
469,25000.0,Ahmedabad,40688.0,1.0,5.0,100.0,Hero
470,75000.0,Delhi,15000.0,1.0,4.0,220.0,Bajaj
471,53000.0,Delhi,10000.0,1.0,5.0,180.0,Bajaj
472,25000.0,Delhi,16801.0,1.0,6.0,125.0,Suzuki
473,46500.0,Ahmedabad,21342.0,1.0,5.0,150.0,Bajaj
474,18999.0,Pune,38669.0,,6.0,110.0,Mahindra
475,17800.0,Malout,10000.0,1.0,8.0,110.0,Mahindra
476,52000.0,Delhi,17000.0,1.0,4.0,180.0,Bajaj
477,70000.0,Ahmedabad,13500.0,1.0,4.0,160.0,Honda
478,85000.0,Nadiad,7350.0,1.0,5.0,150.0,Yamaha
479,150000.0,Delhi,4000.0,1.0,2.0,350.0,Royal Enfield
480,115000.0,Jammu,27000.0,1.0,5.0,350.0,Royal Enfield
481,93200.0,Gurgaon,6500.0,1.0,5.0,150.0,Honda
482,155000.0,Bangalore,21250.0,1.0,5.0,390.0,KTM
483,78000.0,Delhi,16000.0,1.0,6.0,200.0,Bajaj
484,85000.0,Bhubaneshwar,12600.0,1.0,7.0,350.0,Royal Enfield
485,43000.0,Delhi,32000.0,1.0,5.0,150.0,Bajaj
486,50390.0,Ahmedabad,45949.0,1.0,4.0,160.0,TVS
487,128700.0,Bangalore,15900.0,2.0,5.0,500.0,Royal Enfield
488,510000.0,Rajnandgaon,5600.0,1.0,4.0,750.0,Harley-Davidson
489,65000.0,Unnao,33000.0,1.0,4.0,150.0,Yamaha
490,55000.0,Jaipur,2000.0,1.0,9.0,150.0,Honda
491,126000.0,Delhi,6518.0,1.0,4.0,350.0,Royal Enfield
492,53300.0,Delhi,10000.0,1.0,2.0,100.0,Hero
493,76000.0,Delhi,10000.0,1.0,4.0,200.0,Bajaj
494,140000.0,Mumbai,10200.0,1.0,4.0,400.0,Bajaj
495,13600.0,Delhi,87267.0,1.0,13.0,135.0,Bajaj
496,73000.0,Rohtak,2100.0,1.0,3.0,180.0,TVS
497,17000.0,Bangalore,28130.0,2.0,8.0,125.0,Bajaj
498,29000.0,Gurgaon,39000.0,1.0,6.0,150.0,Bajaj
499,49000.0,Delhi,7500.0,1.0,5.0,150.0,Suzuki
500,371100.0,Pune,6300.0,2.0,5.0,750.0,Harley-Davidson
501,30000.0,Thane,7334.0,1.0,7.0,100.0,Bajaj
502,70000.0,Kolkata,3400.0,1.0,4.0,150.0,Bajaj
503,131000.0,Delhi,9900.0,1.0,4.0,350.0,Royal Enfield
504,65000.0,Delhi,7000.0,1.0,4.0,160.0,Bajaj
505,65000.0,Delhi,2600.0,1.0,2.0,100.0,Hero
506,96000.0,Delhi,24000.0,1.0,5.0,350.0,Royal Enfield
507,28500.0,Ahmedabad,30000.0,1.0,7.0,150.0,Bajaj
508,62400.0,Godhara,8100.0,1.0,4.0,200.0,Bajaj
509,85000.0,Ghaziabad,34000.0,1.0,9.0,350.0,Royal Enfield
510,66000.0,Delhi,15000.0,1.0,2.0,150.0,Bajaj
511,85000.0,Gurgaon,7000.0,1.0,2.0,160.0,TVS
512,18551.0,Delhi,21832.0,1.0,13.0,135.0,Bajaj
513,95000.0,Delhi,13890.0,1.0,3.0,200.0,TVS
514,130000.0,Delhi,8500.0,1.0,3.0,400.0,Bajaj
515,98000.0,Gurgaon,7300.0,1.0,7.0,350.0,Royal Enfield
516,53400.0,Delhi,1500.0,1.0,3.0,110.0,Honda
517,120000.0,Bangalore,8700.0,1.0,5.0,200.0,Bajaj
518,58000.0,Pune,44580.0,1.0,5.0,160.0,Honda
519,97000.0,Ludhiana,10473.0,1.0,3.0,150.0,Yamaha
520,38000.0,Delhi,29451.0,1.0,5.0,100.0,Bajaj
521,24500.0,Ahmedabad,14324.0,1.0,6.0,125.0,Bajaj
522,129000.0,Delhi,1123.0,1.0,2.0,125.0,KTM
523,20000.0,Gurgaon,28000.0,1.0,9.0,150.0,Bajaj
524,123000.0,Jalandhar,900.0,1.0,4.0,350.0,Royal Enfield
525,62000.0,Noida,70000.0,1.0,14.0,350.0,Royal Enfield
526,82000.0,Bangalore,14180.0,1.0,7.0,150.0,Yamaha
527,24500.0,Ahmedabad,26453.0,1.0,9.0,125.0,Honda
528,59300.0,Delhi,9107.0,1.0,3.0,150.0,Yamaha
529,41000.0,Bhubaneshwar,35000.0,1.0,7.0,125.0,Hero
530,80000.0,Ludhiana,6300.0,1.0,3.0,150.0,Yamaha
531,93500.0,Gurgaon,10100.0,2.0,7.0,500.0,Royal Enfield
540,43000.0,Ludhiana,6336.0,1.0,4.0,150.0,Bajaj
544,150000.0,Kanpur,4981.0,1.0,6.0,390.0,KTM
545,22500.0,Ahmedabad,25431.0,1.0,9.0,100.0,Bajaj
547,69000.0,Delhi,15000.0,1.0,3.0,180.0,Bajaj
549,75800.0,Delhi,6500.0,1.0,3.0,200.0,Bajaj
555,30000.0,Delhi,22000.0,1.0,9.0,110.0,TVS
556,225000.0,Kolhapur,17300.0,1.0,6.0,300.0,Benelli
557,355000.0,Mumbai,7400.0,1.0,7.0,750.0,Harley-Davidson
558,58000.0,Delhi,14000.0,1.0,5.0,160.0,TVS
559,60000.0,Patiala,10300.0,1.0,5.0,150.0,Bajaj
560,75200.0,Ranchi,16000.0,1.0,3.0,150.0,Suzuki
561,130000.0,Bangalore,6200.0,1.0,4.0,350.0,Royal Enfield
562,26900.0,Delhi,20000.0,1.0,9.0,180.0,Bajaj
563,145000.0,Bangalore,15000.0,1.0,4.0,200.0,KTM
564,154000.0,Mumbai,8000.0,1.0,6.0,390.0,KTM
565,350000.0,Delhi,5000.0,1.0,5.0,750.0,Harley-Davidson
566,105000.0,Kanpur,20000.0,1.0,6.0,350.0,Royal Enfield
567,260000.0,Mumbai,8500.0,1.0,3.0,310.0,BMW
568,89900.0,Delhi,20000.0,1.0,6.0,350.0,Royal Enfield
569,25000.0,Delhi,16000.0,1.0,7.0,100.0,Hero
570,220000.0,Pune,12500.0,1.0,3.0,390.0,KTM
571,150000.0,Mumbai,11500.0,1.0,5.0,390.0,KTM
572,60000.0,Mumbai,21000.0,2.0,6.0,150.0,Honda
573,110000.0,Noida,37000.0,1.0,7.0,500.0,Royal Enfield
574,42000.0,Satara,25868.0,1.0,8.0,150.0,Honda
575,106000.0,Mumbai,4508.0,1.0,4.0,150.0,Yamaha
576,34000.0,Pune,17501.0,1.0,10.0,150.0,Bajaj
577,55000.0,Siwan,25000.0,1.0,5.0,160.0,Honda
578,526300.0,Hyderabad,12000.0,1.0,3.0,650.0,Kawasaki
579,41000.0,Gurgaon,15800.0,1.0,4.0,100.0,Bajaj
584,785000.0,Nagpur,2900.0,1.0,4.0,1130.0,Benelli
585,22000.0,Delhi,42554.0,1.0,6.0,125.0,Honda
586,165147.0,Pune,12000.0,1.0,4.0,390.0,KTM
587,90000.0,Delhi,13140.0,1.0,8.0,350.0,Royal Enfield
588,140000.0,Mumbai,9500.0,1.0,5.0,200.0,KTM
589,16800.0,Gurgaon,134200.0,1.0,10.0,150.0,Honda
590,70000.0,Mumbai,11000.0,1.0,7.0,350.0,Royal Enfield
591,58000.0,Delhi,29451.0,1.0,6.0,150.0,Suzuki
592,32000.0,Pune,21884.0,2.0,8.0,100.0,Hero
593,230000.0,Dadra & Nagar Haveli,16150.0,2.0,8.0,650.0,Hyosung
594,91800.0,Delhi,1050.0,1.0,2.0,160.0,TVS
595,119000.0,Mumbai,10544.0,1.0,9.0,500.0,Royal Enfield
596,23000.0,Rajkot,30000.0,1.0,7.0,100.0,Hero
597,210000.0,Hyderabad,6013.0,1.0,3.0,390.0,KTM
598,43000.0,Delhi,17000.0,1.0,5.0,150.0,Bajaj
599,45000.0,Delhi,5800.0,1.0,7.0,220.0,Bajaj
600,42000.0,Thane,6500.0,1.0,5.0,100.0,Hero
601,440000.0,Ahmedabad,10800.0,1.0,3.0,600.0,Benelli
602,72250.0,Pune,6282.0,1.0,5.0,200.0,KTM
603,18200.0,Bhiwani,40000.0,1.0,9.0,125.0,Honda
608,395000.0,Nashik,5000.0,1.0,6.0,650.0,Hyosung
609,140000.0,Delhi,2881.0,1.0,7.0,250.0,Hyosung
610,700000.0,Bangalore,14200.0,1.0,13.0,1000.0,Yamaha
611,72000.0,Mumbai,3490.0,1.0,3.0,200.0,Hero
612,18000.0,Hyderabad,39859.0,1.0,11.0,150.0,Yamaha
613,1000000.0,Coimbatore,4400.0,2.0,5.0,1200.0,Ducati
614,750000.0,Koppal,9500.0,1.0,4.0,1050.0,Triumph
615,29000.0,Noida,9000.0,1.0,9.0,150.0,Honda
616,120000.0,Pune,11795.0,1.0,5.0,350.0,Royal Enfield
617,1260000.0,Jaipur,17000.0,1.0,4.0,1300.0,Suzuki
618,700000.0,Nagpur,172.0,1.0,3.0,1130.0,Indian
619,35000.0,Mumbai,26000.0,1.0,2.0,150.0,Bajaj
620,115000.0,Delhi,14000.0,1.0,4.0,350.0,Royal Enfield
621,25000.0,Ghaziabad,20000.0,1.0,8.0,100.0,Hero
622,143500.0,Delhi,5700.0,1.0,3.0,350.0,Royal Enfield
623,118000.0,Delhi,10000.0,1.0,4.0,350.0,Royal Enfield
624,129500.0,Delhi,6300.0,1.0,3.0,350.0,Royal Enfield
625,138000.0,Bangalore,7253.0,1.0,2.0,250.0,Yamaha
626,63000.0,Bangalore,19333.0,1.0,4.0,220.0,Bajaj
627,200000.0,Bangalore,1255.0,1.0,2.0,295.0,Jawa
628,77500.0,Delhi,45.0,1.0,3.0,150.0,Yamaha
629,99000.0,Delhi,32158.0,1.0,6.0,350.0,Royal Enfield
630,27000.0,Delhi,29858.0,1.0,4.0,100.0,Bajaj
631,44000.0,Delhi,27000.0,1.0,6.0,220.0,Bajaj
632,28000.0,Bangalore,70251.0,1.0,13.0,150.0,Bajaj
633,22000.0,Delhi,19000.0,1.0,9.0,150.0,Yamaha
634,19000.0,Delhi,23420.0,1.0,10.0,100.0,Bajaj
635,126999.0,Bangalore,22000.0,1.0,5.0,200.0,KTM
636,25000.0,Hyderabad,41000.0,1.0,8.0,100.0,TVS
637,90000.0,Mumbai,12500.0,1.0,3.0,200.0,Bajaj
638,89000.0,Mumbai,800.0,1.0,2.0,160.0,Honda
639,47000.0,Bangalore,13935.0,1.0,5.0,150.0,Bajaj
640,119500.0,Delhi,12000.0,1.0,4.0,400.0,Bajaj
641,130000.0,Mumbai,20000.0,1.0,3.0,350.0,Royal Enfield
642,62000.0,Delhi,11500.0,1.0,4.0,220.0,Bajaj
643,70000.0,Delhi,7000.0,1.0,3.0,180.0,Bajaj
644,31000.0,Bangalore,21447.0,1.0,7.0,100.0,Bajaj
645,41500.0,Delhi,15000.0,1.0,3.0,100.0,Bajaj
646,52500.0,Delhi,9000.0,1.0,3.0,100.0,Hero
647,36000.0,Delhi,2980.0,1.0,6.0,160.0,TVS
648,40000.0,Nizamabad,17600.0,1.0,5.0,125.0,Honda
659,160000.0,Mumbai,5000.0,1.0,6.0,250.0,Hyosung
660,470000.0,Mumbai,12000.0,1.0,3.0,650.0,Kawasaki
664,89000.0,Delhi,3000.0,1.0,2.0,160.0,TVS
665,34000.0,Bangalore,26840.0,1.0,9.0,150.0,Bajaj
666,112000.0,Ludhiana,4000.0,1.0,3.0,150.0,Yamaha
667,27000.0,Gurgaon,35000.0,1.0,7.0,150.0,Honda
668,25000.0,Delhi,28000.0,1.0,8.0,100.0,Hero
669,39100.0,Delhi,16000.0,1.0,6.0,150.0,Suzuki
670,58500.0,Delhi,11500.0,2.0,5.0,220.0,Bajaj
671,126000.0,Madurai,20556.0,1.0,6.0,350.0,Royal Enfield
672,45000.0,Chennai,40500.0,1.0,5.0,150.0,Hero
673,48000.0,Delhi,13000.0,1.0,5.0,150.0,Bajaj
674,44800.0,Delhi,30000.0,1.0,5.0,150.0,Bajaj
675,20300.0,Ghaziabad,39450.0,1.0,14.0,135.0,Bajaj
676,62000.0,Rohtak,18500.0,1.0,5.0,150.0,Bajaj
677,45000.0,Wardha,23695.0,1.0,8.0,223.0,Hero
678,45000.0,Delhi,33000.0,1.0,5.0,150.0,Bajaj
679,16000.0,Gurgaon,50000.0,1.0,9.0,100.0,Hero
680,43300.0,Delhi,21000.0,1.0,8.0,150.0,Honda
681,135000.0,Delhi,18100.0,1.0,5.0,500.0,Royal Enfield
682,70000.0,Delhi,9761.0,2.0,5.0,200.0,TVS
683,75700.0,Pune,14000.0,1.0,5.0,223.0,Hero
684,110000.0,Bangalore,28500.0,1.0,8.0,500.0,Royal Enfield
685,95000.0,Pune,11000.0,1.0,6.0,200.0,Bajaj
686,28000.0,Kota,100000.0,1.0,12.0,150.0,Yamaha
687,113000.0,Delhi,13000.0,1.0,5.0,350.0,Royal Enfield
688,40000.0,Faridabad,40600.0,1.0,7.0,150.0,Honda
689,24000.0,Chennai,52345.0,1.0,7.0,110.0,Honda
690,101300.0,Nadiad,22500.0,1.0,4.0,200.0,Bajaj
691,28000.0,Delhi,33000.0,1.0,8.0,125.0,Hero
692,57000.0,Bhopal,500.0,1.0,4.0,150.0,Bajaj
693,89100.0,Ujjain,13800.0,2.0,4.0,200.0,Bajaj
694,108000.0,Delhi,5000.0,1.0,5.0,350.0,Royal Enfield
695,93000.0,Delhi,7500.0,1.0,3.0,200.0,TVS
696,54000.0,Delhi,8000.0,1.0,5.0,150.0,Bajaj
697,119000.0,Faridabad,1403.0,1.0,4.0,350.0,Royal Enfield
698,21100.0,Visakhapatnam,30000.0,1.0,16.0,100.0,Hero
699,75000.0,Bangalore,5399.0,1.0,4.0,220.0,Bajaj
700,22000.0,Ludhiana,40000.0,1.0,13.0,135.0,Bajaj
701,79999.0,Chennai,10922.0,1.0,4.0,200.0,Bajaj
702,85000.0,Thane,6000.0,1.0,4.0,150.0,Suzuki
703,52200.0,Ghaziabad,4500.0,1.0,4.0,150.0,Suzuki
704,48000.0,Coimbatore,27098.0,1.0,5.0,150.0,Bajaj
705,120000.0,Vadodara,14164.0,1.0,6.0,350.0,Royal Enfield
706,120000.0,Gurgaon,16562.0,1.0,4.0,350.0,Royal Enfield
707,29500.0,Kota,21017.0,1.0,9.0,100.0,Hero
708,51300.0,Palakkad,2800.0,1.0,2.0,100.0,Hero
709,35242.0,Tiruvallur,3000.0,1.0,5.0,100.0,Hero
710,65000.0,Mumbai,20000.0,1.0,7.0,220.0,Bajaj
711,110000.0,Ghaziabad,26000.0,1.0,6.0,200.0,KTM
712,70000.0,Panchkula,25000.0,1.0,5.0,200.0,Bajaj
713,68000.0,Jalandhar,5800.0,1.0,4.0,220.0,Bajaj
714,30000.0,Nanjangud,26000.0,1.0,8.0,110.0,Hero
715,30000.0,Jhansi,8000.0,1.0,5.0,100.0,TVS
716,108000.0,Chennai,9700.0,1.0,4.0,250.0,Yamaha
717,150000.0,Chennai,3300.0,1.0,4.0,400.0,Bajaj
718,174600.0,Thane,9200.0,1.0,4.0,500.0,Royal Enfield
719,33000.0,Delhi,44020.0,1.0,7.0,150.0,Honda
720,91500.0,Delhi,7000.0,1.0,6.0,200.0,Bajaj
721,94500.0,Delhi,10000.0,1.0,6.0,200.0,Bajaj
722,80000.0,Mumbai,17000.0,1.0,6.0,200.0,Bajaj
723,90000.0,Sonipat,12000.0,1.0,3.0,150.0,Suzuki
724,26900.0,Faridabad,31000.0,1.0,8.0,125.0,Bajaj
725,72378.0,Faridabad,21496.0,1.0,9.0,350.0,Royal Enfield
726,110000.0,Jalandhar,9000.0,1.0,4.0,350.0,Royal Enfield
727,17500.0,Puttur,52018.0,1.0,7.0,100.0,Bajaj
728,308000.0,Delhi,16000.0,1.0,3.0,320.0,Yamaha
729,150800.0,Chennai,7000.0,1.0,3.0,400.0,Bajaj
730,55000.0,Chennai,15558.0,1.0,4.0,150.0,Bajaj
731,110000.0,Bangalore,5700.0,1.0,6.0,200.0,Bajaj
732,120000.0,Mumbai,28000.0,1.0,7.0,500.0,Royal Enfield
733,199999.0,Nagpur,6550.0,1.0,3.0,310.0,TVS
734,58000.0,Delhi,35000.0,2.0,6.0,150.0,Yamaha
735,32000.0,Hoshiarpur,28329.0,1.0,6.0,110.0,Hero
736,31500.0,Delhi,26000.0,1.0,7.0,150.0,Bajaj
737,21000.0,Bangalore,40000.0,1.0,9.0,150.0,Bajaj
738,20000.0,Ludhiana,22500.0,1.0,12.0,100.0,Hero
739,52000.0,Delhi,3840.0,1.0,3.0,125.0,Honda
740,90000.0,Delhi,2684.0,1.0,3.0,200.0,TVS
741,154900.0,Bangalore,7050.0,1.0,3.0,350.0,Royal Enfield
742,125000.0,Bangalore,33000.0,1.0,4.0,350.0,Royal Enfield
743,95000.0,Chennai,24500.0,1.0,3.0,150.0,Yamaha
744,51900.0,Noida,25000.0,1.0,4.0,150.0,Bajaj
745,40000.0,Delhi,34400.0,1.0,5.0,160.0,TVS
746,130000.0,Ahmedabad,25000.0,1.0,3.0,400.0,Bajaj
747,60000.0,Gohana,30000.0,1.0,9.0,150.0,Honda
748,133600.0,Delhi,3000.0,1.0,5.0,350.0,Royal Enfield
749,28000.0,Hyderabad,36000.0,1.0,11.0,125.0,Honda
750,20600.0,Jhansi,30000.0,1.0,9.0,100.0,Hero
751,112000.0,Bangalore,25000.0,1.0,6.0,350.0,Royal Enfield
752,55000.0,Bangalore,20000.0,1.0,6.0,160.0,TVS
753,40000.0,Bikaner,14168.0,1.0,5.0,110.0,Honda
754,21000.0,Jaipur,50000.0,1.0,10.0,150.0,Hero
755,84000.0,Pune,3200.0,1.0,4.0,150.0,Suzuki
756,160000.0,Thane,10500.0,1.0,5.0,390.0,KTM
757,74700.0,Gautam Buddha Nagar,20194.0,1.0,2.0,160.0,TVS
758,48600.0,Ludhiana,20559.0,1.0,4.0,150.0,Yamaha
759,39300.0,Delhi,53000.0,1.0,5.0,160.0,Honda
760,26900.0,Durgapur,53000.0,1.0,9.0,150.0,Suzuki
761,100000.0,Mumbai,48000.0,1.0,12.0,500.0,Royal Enfield
762,85000.0,Delhi,13000.0,1.0,4.0,250.0,Yamaha
763,30000.0,Bangalore,46700.0,1.0,10.0,150.0,Hero
764,61000.0,Noida,10000.0,1.0,4.0,150.0,Yamaha
765,69825.0,Ahmedabad,28261.0,1.0,4.0,150.0,Yamaha
766,85000.0,Palwal,23399.0,,6.0,350.0,Royal Enfield
767,20000.0,Ahmedabad,38576.0,1.0,11.0,135.0,Bajaj
768,23500.0,Vadodara,22000.0,1.0,10.0,150.0,Hero
769,60000.0,Chatrapur,40997.0,1.0,6.0,150.0,Suzuki
770,75000.0,Delhi,39000.0,1.0,5.0,150.0,Yamaha
777,68900.0,Faridabad,16980.0,2.0,4.0,150.0,Yamaha
778,59999.0,Delhi,35958.0,1.0,5.0,200.0,TVS
779,65000.0,Delhi,15000.0,1.0,3.0,150.0,Yamaha
780,183000.0,Mumbai,11439.0,1.0,7.0,250.0,Hyosung
781,66400.0,Howrah,12500.0,1.0,5.0,180.0,TVS
782,31500.0,Ahmedabad,56423.0,1.0,8.0,125.0,Honda
783,130000.0,Delhi,11200.0,1.0,3.0,350.0,Royal Enfield
784,100000.0,Jaipur,11760.0,1.0,4.0,200.0,Bajaj
785,26500.0,Delhi,22000.0,1.0,10.0,160.0,TVS
786,23000.0,Mumbai,24121.0,1.0,10.0,100.0,Hero
787,66000.0,Faridabad,1112.0,1.0,2.0,200.0,Hero
788,75000.0,Delhi,13000.0,1.0,6.0,150.0,Yamaha
789,170000.0,Jind,4600.0,1.0,2.0,200.0,KTM
790,45000.0,Mumbai,22000.0,1.0,6.0,150.0,Bajaj
791,36500.0,Delhi,9000.0,1.0,3.0,110.0,Honda
792,40200.0,Hyderabad,43000.0,1.0,7.0,160.0,TVS
793,16000.0,Gurgaon,22141.0,1.0,7.0,150.0,Bajaj
794,19784.0,Delhi,89748.0,1.0,13.0,135.0,Bajaj
795,110900.0,Delhi,4200.0,1.0,3.0,150.0,Yamaha
796,135000.0,Delhi,9000.0,1.0,3.0,350.0,Royal Enfield
797,72500.0,Chennai,9500.0,1.0,4.0,160.0,Honda
798,33000.0,Delhi,14000.0,1.0,4.0,100.0,Bajaj
799,94300.0,Delhi,13000.0,1.0,6.0,200.0,Bajaj
800,22000.0,Sonipat,35000.0,1.0,11.0,220.0,Bajaj
801,110000.0,Navi Mumbai,23500.0,1.0,4.0,150.0,Honda
802,118000.0,Rajkot,25000.0,1.0,7.0,200.0,KTM
803,14800.0,Delhi,39525.0,1.0,11.0,100.0,Bajaj
804,133700.0,Hubli,2000.0,1.0,3.0,350.0,Royal Enfield
805,23000.0,Jhansi,25000.0,2.0,6.0,125.0,Hero
806,20000.0,Panipat,20000.0,1.0,10.0,200.0,Bajaj
807,115000.0,Jaipur,25000.0,1.0,6.0,350.0,Royal Enfield
808,18500.0,Bharatpur,20000.0,1.0,9.0,125.0,Bajaj
809,170000.0,Bangalore,4000.0,1.0,3.0,400.0,Bajaj
810,114000.0,Delhi,7500.0,1.0,4.0,350.0,Royal Enfield
811,36000.0,Vellore,9500.0,1.0,5.0,110.0,Hero
812,98000.0,Delhi,26000.0,1.0,5.0,350.0,Royal Enfield
813,50000.0,Ambala,17000.0,1.0,5.0,150.0,Bajaj
839,117000.0,Ludhiana,14640.0,1.0,5.0,350.0,Royal Enfield
840,26000.0,Ghaziabad,12340.0,1.0,5.0,100.0,TVS
841,87500.0,Delhi,13000.0,1.0,6.0,350.0,Royal Enfield
842,82000.0,Bangalore,17252.0,1.0,5.0,200.0,Bajaj
843,45000.0,Kolkata,12699.0,1.0,5.0,125.0,Hero
844,20400.0,Delhi,87000.0,1.0,11.0,150.0,Bajaj
845,355100.0,Delhi,1710.0,1.0,4.0,300.0,Kawasaki
846,310000.0,Navi Mumbai,6000.0,1.0,2.0,300.0,Kawasaki
847,120000.0,Ahmedabad,5100.0,1.0,6.0,350.0,Royal Enfield
848,52000.0,Ahmedabad,15583.0,1.0,4.0,125.0,Honda
849,67000.0,Delhi,26000.0,1.0,3.0,150.0,Bajaj
850,180000.0,Guwahati,200.0,1.0,2.0,410.0,Royal Enfield
851,22000.0,Gurgaon,28938.0,1.0,9.0,100.0,Hero
852,20000.0,Gurgaon,18438.0,1.0,9.0,110.0,Honda
853,195000.0,Mumbai,6000.0,1.0,2.0,400.0,Bajaj
854,101900.0,Mumbai,18000.0,1.0,5.0,350.0,Royal Enfield
855,108000.0,Delhi,27000.0,1.0,6.0,350.0,Royal Enfield
860,45000.0,Delhi,17000.0,1.0,5.0,160.0,Honda
861,90000.0,Delhi,12000.0,1.0,8.0,500.0,Royal Enfield
862,150000.0,Gangtok,21000.0,1.0,6.0,390.0,KTM
864,45000.0,Rajahmundry,13400.0,1.0,4.0,150.0,Hero
865,35000.0,Faridabad,30000.0,2.0,5.0,150.0,Yamaha
867,78000.0,Delhi,14500.0,1.0,3.0,200.0,TVS
868,21700.0,Jhansi,28000.0,1.0,8.0,125.0,Bajaj
869,21800.0,Jhansi,28000.0,1.0,8.0,150.0,Bajaj
870,65500.0,Delhi,12000.0,1.0,8.0,150.0,Honda
871,175000.0,Delhi,2382.0,1.0,2.0,350.0,Royal Enfield
872,95000.0,Tiruchirappalli,27800.0,1.0,6.0,200.0,KTM
873,89025.0,Delhi,5800.0,1.0,6.0,150.0,Yamaha
874,140000.0,Chennai,5103.0,1.0,5.0,500.0,Royal Enfield
875,145000.0,Gautam Buddha Nagar,2476.0,1.0,2.0,125.0,KTM
879,63647.0,Bangalore,6750.0,1.0,5.0,150.0,Bajaj
880,90000.0,Belgaum,31000.0,1.0,6.0,200.0,KTM
881,89000.0,Surat,6500.0,1.0,8.0,350.0,Royal Enfield
882,44000.0,Delhi,2525.0,1.0,4.0,150.0,Bajaj
883,82000.0,Gurgaon,37654.0,2.0,9.0,500.0,Royal Enfield
884,386000.0,Thane,22000.0,1.0,4.0,750.0,Harley-Davidson
885,19000.0,Delhi,25000.0,1.0,10.0,150.0,Hero
886,52000.0,Delhi,7845.0,1.0,5.0,150.0,Bajaj
887,115204.0,Nagpur,9000.0,1.0,4.0,250.0,Yamaha
888,147000.0,Jaipur,15000.0,1.0,6.0,390.0,KTM
889,85000.0,Balaghat,2500.0,1.0,2.0,150.0,Bajaj
890,33000.0,Kolkata,50000.0,1.0,9.0,125.0,Bajaj
891,18600.0,Delhi,49660.0,1.0,12.0,100.0,Hero
892,20000.0,Ludhiana,18000.0,1.0,10.0,100.0,Bajaj
898,48000.0,Jatani,51000.0,1.0,4.0,160.0,Bajaj
905,101500.0,Gurgaon,3000.0,1.0,8.0,350.0,Royal Enfield
906,61400.0,Chennai,33000.0,1.0,9.0,150.0,Yamaha
916,140000.0,Howrah,5200.0,1.0,4.0,500.0,Royal Enfield
917,27800.0,Ghaziabad,20000.0,1.0,10.0,150.0,Yamaha
918,175000.0,Faridabad,7976.0,1.0,2.0,250.0,KTM
919,110000.0,Gurgaon,17000.0,1.0,5.0,350.0,Royal Enfield
920,380000.0,Delhi,6500.0,1.0,6.0,750.0,Harley-Davidson
921,53200.0,Surat,28100.0,1.0,7.0,200.0,Bajaj
922,65000.0,Asansol,21000.0,1.0,8.0,250.0,Honda
923,69600.0,Chennai,20500.0,1.0,3.0,220.0,Bajaj
924,72000.0,Kolkata,50000.0,1.0,4.0,220.0,Bajaj
935,175000.0,Delhi,8000.0,1.0,3.0,300.0,Mahindra
936,35000.0,Delhi,22000.0,1.0,8.0,100.0,Hero
937,22900.0,Jhansi,12000.0,1.0,5.0,100.0,TVS
939,19000.0,Pune,48568.0,1.0,14.0,125.0,Yamaha
940,213300.0,Delhi,9900.0,1.0,4.0,390.0,KTM
941,115700.0,Delhi,15000.0,2.0,4.0,350.0,Royal Enfield
942,45000.0,Bilaspur,4894.0,1.0,5.0,110.0,Hero
943,200000.0,Mumbai,12000.0,1.0,3.0,390.0,KTM
944,210000.0,Mumbai,4500.0,1.0,3.0,390.0,KTM
945,78000.0,Thanjavur,29000.0,1.0,6.0,150.0,Yamaha
946,115000.0,Gurgaon,35000.0,1.0,5.0,300.0,Mahindra
947,60000.0,Vadodara,15252.0,1.0,6.0,150.0,Honda
950,41000.0,Kolkata,19500.0,2.0,4.0,150.0,Bajaj
951,35000.0,Bangalore,41016.0,1.0,9.0,180.0,Bajaj
952,65000.0,Coimbatore,15112.0,1.0,5.0,220.0,Bajaj
953,110000.0,Vadodara,12300.0,1.0,5.0,200.0,Bajaj
954,110000.0,Gurgaon,46026.0,1.0,6.0,350.0,Royal Enfield
955,27000.0,Bangalore,101250.0,,14.0,223.0,Hero
956,26000.0,Delhi,25000.0,1.0,7.0,110.0,Honda
957,30100.0,Ludhiana,15823.0,1.0,5.0,100.0,Hero
958,10669.0,Raigarh(mh),49000.0,1.0,15.0,100.0,Hero
959,23500.0,Mandi Dabwali,26000.0,1.0,13.0,100.0,Hero
960,37000.0,Jaipur,18110.0,1.0,6.0,125.0,Honda
961,90000.0,Faridabad,39000.0,1.0,6.0,200.0,Bajaj
962,155000.0,Vadodara,1650.0,1.0,2.0,350.0,Royal Enfield
963,41300.0,Basti,49000.0,2.0,7.0,200.0,Bajaj
964,43000.0,Delhi,28454.0,2.0,4.0,160.0,TVS
965,25300.0,Delhi,17000.0,1.0,8.0,150.0,Hero
966,65000.0,Delhi,7200.0,1.0,3.0,160.0,Bajaj
967,121700.0,Bangalore,18000.0,1.0,5.0,200.0,Bajaj
968,18000.0,Gurgaon,25000.0,1.0,9.0,100.0,Bajaj
969,24300.0,Delhi,29000.0,1.0,11.0,223.0,Hero
970,18000.0,Bolpur,50000.0,1.0,17.0,100.0,Bajaj
971,42000.0,Delhi,15327.0,1.0,5.0,150.0,Bajaj
972,105000.0,Jaipur,10468.0,1.0,2.0,250.0,Yamaha
973,60000.0,Aligarh,37000.0,1.0,7.0,150.0,Yamaha
974,99999.0,Balrampur,55.0,2.0,15.0,350.0,Royal Enfield
975,50000.0,Bilaspur,8191.0,1.0,4.0,100.0,Hero
976,40000.0,Varanasi,40000.0,1.0,6.0,150.0,Hero
977,20500.0,Vadodara,30000.0,1.0,9.0,100.0,Bajaj
978,31000.0,Faridabad,16278.0,1.0,5.0,110.0,Hero
979,19000.0,Faridabad,98581.0,1.0,9.0,150.0,Bajaj
980,19000.0,Faridabad,16206.0,1.0,9.0,125.0,Bajaj
981,45000.0,Delhi,27000.0,1.0,9.0,200.0,Bajaj
982,137000.0,Delhi,3297.0,1.0,4.0,400.0,Bajaj
983,114000.0,Delhi,12000.0,1.0,4.0,400.0,Bajaj
984,30000.0,Delhi,23000.0,1.0,6.0,100.0,Hero
985,25000.0,Ghaziabad,16954.0,1.0,6.0,100.0,Bajaj
986,34000.0,Delhi,8048.0,1.0,3.0,100.0,TVS
987,115000.0,Faridabad,1954.0,1.0,3.0,150.0,Yamaha
988,21000.0,Gurgaon,23039.0,1.0,9.0,100.0,Hero
989,30000.0,Faridabad,15059.0,1.0,3.0,100.0,Bajaj
990,105000.0,Delhi,21000.0,1.0,6.0,350.0,Royal Enfield
991,102000.0,Delhi,9700.0,1.0,7.0,500.0,Royal Enfield
992,90000.0,Delhi,8000.0,1.0,7.0,350.0,Royal Enfield
993,30500.0,Jaipur,22422.0,1.0,9.0,125.0,Honda
994,30000.0,Jaipur,61743.0,1.0,8.0,110.0,Honda
995,60000.0,Surat,4900.0,1.0,4.0,150.0,Bajaj
996,80000.0,Ratnagiri,21700.0,1.0,5.0,200.0,Bajaj
997,87550.0,Noida,15000.0,2.0,5.0,500.0,Royal Enfield
998,400000.0,Pune,2400.0,1.0,5.0,650.0,Hyosung
999,35000.0,Delhi,7830.0,1.0,4.0,110.0,Hero
1000,55000.0,Muktsar,3500.0,1.0,5.0,220.0,Bajaj
1001,180000.0,Mumbai,9500.0,1.0,3.0,500.0,Royal Enfield
1002,175000.0,Mumbai,16786.0,1.0,3.0,500.0,Royal Enfield
1003,155000.0,Mumbai,5192.0,1.0,4.0,500.0,Royal Enfield
1004,42000.0,Bangalore,30000.0,1.0,4.0,150.0,Bajaj
1005,92200.0,Baran,39000.0,1.0,5.0,350.0,Royal Enfield
1006,148000.0,Haldwani,7300.0,1.0,2.0,350.0,Royal Enfield
1007,22918.0,Howrah,79685.0,1.0,5.0,110.0,TVS
1008,15000.0,Delhi,12800.0,1.0,12.0,150.0,Bajaj
1009,110000.0,Delhi,14000.0,2.0,4.0,400.0,Bajaj
1010,160000.0,Hyderabad,5800.0,1.0,3.0,350.0,Royal Enfield
1011,40000.0,Thiruvananthapuram,14500.0,1.0,5.0,150.0,Bajaj
1012,23000.0,Ahmednagar,6957.0,1.0,13.0,100.0,Hero
1013,33000.0,Mumbai,42816.0,1.0,6.0,150.0,Yamaha
1014,45000.0,Delhi,30000.0,1.0,5.0,150.0,Bajaj
1015,13500.0,Ghaziabad,55239.0,1.0,12.0,180.0,Bajaj
1016,61000.0,Delhi,16000.0,,9.0,200.0,KTM
1017,24000.0,Gurgaon,10000.0,1.0,5.0,100.0,TVS
1018,25000.0,Gurgaon,21539.0,1.0,4.0,100.0,TVS
1019,25600.0,Jhansi,25000.0,1.0,7.0,125.0,Honda
1020,70000.0,Indore,34000.0,1.0,7.0,150.0,Honda
1021,699000.0,Delhi,7200.0,1.0,7.0,1000.0,Suzuki
1022,63000.0,Pune,19443.0,1.0,5.0,150.0,Bajaj
1023,155000.0,Ahmedabad,12000.0,1.0,2.0,350.0,Royal Enfield
1024,123100.0,Bangalore,18000.0,1.0,4.0,400.0,Bajaj
1025,120000.0,Bangalore,11850.0,1.0,5.0,200.0,KTM
1026,115600.0,Bangalore,16000.0,1.0,3.0,150.0,Yamaha
1027,165000.0,Chandigarh,18348.0,1.0,3.0,350.0,Royal Enfield
1028,40000.0,Mumbai,14836.0,1.0,8.0,150.0,Yamaha
1029,135000.0,Mumbai,17000.0,1.0,3.0,400.0,Bajaj
1030,178000.0,Bhopal,100.0,1.0,1.0,125.0,KTM
1031,90000.0,Gurgaon,16500.0,1.0,6.0,200.0,Bajaj
1032,21000.0,Delhi,9500.0,1.0,10.0,150.0,Hero
1033,11000.0,Delhi,21311.0,1.0,18.0,100.0,Bajaj
1034,88000.0,Hyderabad,20000.0,1.0,5.0,200.0,Bajaj
1037,245500.0,Delhi,27000.0,1.0,5.0,300.0,Benelli
1038,57000.0,Delhi,16056.0,1.0,4.0,160.0,TVS
1039,155000.0,Delhi,5862.0,1.0,2.0,250.0,Suzuki
1040,1000000.0,Hyderabad,1470.0,1.0,4.0,1200.0,Harley-Davidson
1041,55000.0,Ahmedabad,8351.0,1.0,2.0,110.0,Honda
1042,59000.0,Gurgaon,10800.0,1.0,5.0,220.0,Bajaj
1043,32000.0,Delhi,28000.0,1.0,9.0,150.0,Yamaha
1044,46000.0,Delhi,7400.0,1.0,3.0,125.0,Honda
1045,35273.0,Delhi,3100.0,1.0,8.0,150.0,Yamaha
1046,22100.0,Jhansi,24000.0,2.0,7.0,100.0,Hero
1047,38000.0,Jaipur,22200.0,1.0,5.0,150.0,Bajaj
1048,37000.0,Kota,18377.0,1.0,7.0,110.0,Hero
1049,31000.0,Vadodara,16257.0,1.0,5.0,110.0,Suzuki
1050,60000.0,Chennai,24581.0,1.0,4.0,150.0,Yamaha
1051,65800.0,Chennai,9200.0,1.0,5.0,150.0,Bajaj
1052,60000.0,Agra,30000.0,1.0,4.0,160.0,Honda
1054,85000.0,Delhi,10000.0,1.0,3.0,200.0,Bajaj
1055,75000.0,Delhi,3400.0,1.0,4.0,200.0,Bajaj
1056,68000.0,Faridabad,14544.0,1.0,3.0,220.0,Bajaj
1057,86700.0,Faridabad,28154.0,1.0,4.0,350.0,Royal Enfield
1058,80000.0,Faridabad,13000.0,1.0,4.0,250.0,Yamaha
1059,32600.0,Jhansi,13330.0,1.0,4.0,100.0,Hero
1060,100000.0,Chennai,20000.0,1.0,4.0,250.0,Yamaha
1061,110000.0,Buxar,30000.0,1.0,6.0,350.0,Royal Enfield
1062,60000.0,Bangalore,17423.0,1.0,4.0,150.0,Honda
1063,30000.0,Delhi,21358.0,1.0,5.0,100.0,Hero
1064,57473.0,Mumbai,42000.0,1.0,10.0,250.0,Honda
1065,16000.0,Gurgaon,46589.0,1.0,11.0,135.0,Bajaj
1066,32000.0,Vadodara,18779.0,1.0,6.0,125.0,Hero
1067,99000.0,Faridabad,17047.0,1.0,5.0,350.0,Royal Enfield
1068,34500.0,Pune,80000.0,2.0,10.0,150.0,Hero
1069,22000.0,Faridabad,12257.0,1.0,5.0,100.0,TVS
1070,35500.0,Delhi,17500.0,2.0,5.0,150.0,Bajaj
1071,35000.0,Delhi,15621.0,1.0,4.0,125.0,Bajaj
1072,35000.0,Delhi,22000.0,2.0,8.0,220.0,Bajaj
1073,35000.0,Delhi,19000.0,2.0,6.0,150.0,Yamaha
1074,42000.0,Jaipur,32567.0,1.0,5.0,100.0,Hero
1078,33000.0,Delhi,18000.0,1.0,4.0,110.0,TVS
1079,47000.0,Chaksu,33846.0,1.0,5.0,160.0,TVS
1080,41000.0,Delhi,15478.0,1.0,6.0,150.0,Suzuki
1081,36000.0,Gurgaon,28554.0,1.0,4.0,125.0,Bajaj
1095,55000.0,Pune,73845.0,1.0,6.0,150.0,Bajaj
1096,32000.0,Delhi,23105.0,1.0,4.0,100.0,Hero
1097,93500.0,Bangalore,2500.0,1.0,2.0,200.0,TVS
1098,35000.0,Aurangabad,34000.0,1.0,6.0,125.0,Hero
1100,38700.0,Delhi,22540.0,1.0,5.0,150.0,Bajaj
1101,63000.0,Gurgaon,19854.0,1.0,4.0,150.0,Yamaha
1102,67000.0,Faridabad,21483.0,1.0,3.0,200.0,TVS
1103,125000.0,Hyderabad,32000.0,1.0,7.0,350.0,Royal Enfield
1104,118000.0,Delhi,12000.0,1.0,5.0,350.0,Royal Enfield
1105,70000.0,Pune,10741.0,1.0,4.0,160.0,Honda
1106,80000.0,Pune,15009.0,1.0,3.0,220.0,Bajaj
1108,29000.0,Faridabad,19851.0,1.0,4.0,110.0,Hero
1109,52000.0,Lucknow,30000.0,1.0,5.0,180.0,Bajaj
1110,33085.0,Delhi,35000.0,1.0,8.0,220.0,Bajaj
1112,29515.0,Delhi,27281.0,1.0,5.0,160.0,Honda
1113,119000.0,Delhi,23000.0,1.0,4.0,400.0,Bajaj
1114,93000.0,Bangalore,6000.0,1.0,9.0,500.0,Royal Enfield
1115,45000.0,Rajkot,21205.0,1.0,6.0,160.0,TVS
1116,104000.0,Delhi,3311.0,1.0,6.0,350.0,Royal Enfield
1117,55000.0,Pune,30578.0,1.0,6.0,150.0,Yamaha
1118,180000.0,Haridwar,9868.0,1.0,5.0,390.0,KTM
1119,18000.0,Delhi,13550.0,1.0,8.0,125.0,Bajaj
1120,35000.0,Delhi,30154.0,1.0,10.0,220.0,Bajaj
1121,65000.0,Gurgaon,22840.0,1.0,11.0,350.0,Royal Enfield
1122,60000.0,Bharuch,5500.0,1.0,4.0,125.0,Honda
1123,152000.0,Rewari,8000.0,1.0,3.0,500.0,Royal Enfield
1124,125000.0,Muvattupuzha,8554.0,1.0,5.0,500.0,Royal Enfield
1125,26000.0,Hyderabad,75000.0,1.0,9.0,125.0,Bajaj
1126,130000.0,Bangalore,1300.0,1.0,1.0,200.0,TVS
1128,24999.0,Bhopal,29500.0,2.0,9.0,100.0,Bajaj
1129,79000.0,Bangalore,12966.0,1.0,3.0,200.0,Bajaj
1130,35000.0,Kolkata,14500.0,1.0,12.0,150.0,Bajaj
1131,35000.0,Kolkata,37000.0,1.0,8.0,110.0,Mahindra
1132,98000.0,Jaipur,749.0,1.0,1.0,160.0,TVS
1133,99999.0,Ahmedabad,7921.0,1.0,6.0,350.0,Royal Enfield
1134,75000.0,Hyderabad,40000.0,2.0,6.0,200.0,Bajaj
1137,15200.0,Jhansi,36000.0,2.0,12.0,100.0,Hero
1138,42000.0,Hyderabad,44400.0,1.0,8.0,220.0,Bajaj
1144,58000.0,Patna,7500.0,1.0,4.0,125.0,Honda
1147,108000.0,Belgaum,1914.0,1.0,3.0,125.0,KTM
1148,37000.0,Ghaziabad,39500.0,1.0,5.0,150.0,Bajaj
1149,111300.0,Noida,8000.0,1.0,2.0,125.0,KTM
1150,72300.0,Simdega,16800.0,1.0,4.0,150.0,Yamaha
1151,21000.0,Faridabad,16681.0,1.0,10.0,100.0,Hero
1152,68000.0,Pune,21400.0,1.0,4.0,200.0,TVS
1153,60000.0,Bangalore,35641.0,1.0,5.0,220.0,Bajaj
1154,38000.0,Pune,46333.0,1.0,5.0,125.0,Bajaj
1155,38000.0,Rajkot,41736.0,1.0,7.0,220.0,Bajaj
1156,80000.0,Kolkata,32000.0,1.0,6.0,200.0,Bajaj
1157,270000.0,Pune,12872.0,1.0,2.0,310.0,BMW
1158,85700.0,Delhi,5000.0,1.0,7.0,350.0,Royal Enfield
1159,98000.0,Kalyan,48000.0,1.0,6.0,500.0,Royal Enfield
1160,41000.0,Faridabad,29324.0,1.0,7.0,200.0,Bajaj
1161,70926.0,Gorakhpur,17772.0,1.0,3.0,150.0,Suzuki
1165,155000.0,Mumbai,2200.0,1.0,2.0,200.0,KTM
1166,20300.0,Jhansi,26000.0,1.0,7.0,100.0,Bajaj
1167,180000.0,Delhi,8000.0,1.0,6.0,350.0,Royal Enfield
1168,54000.0,Delhi,3700.0,1.0,2.0,110.0,Honda
1169,75000.0,Delhi,20000.0,1.0,9.0,350.0,Royal Enfield
1170,35000.0,Faridabad,7285.0,1.0,3.0,110.0,Bajaj
1171,200000.0,Mumbai,4400.0,1.0,2.0,310.0,TVS
1172,17500.0,Faridabad,38554.0,1.0,10.0,100.0,Hero
1173,168000.0,Delhi,10000.0,1.0,2.0,200.0,KTM
1174,140000.0,Ghaziabad,17931.0,1.0,3.0,350.0,Royal Enfield
1175,136000.0,Faridabad,2719.0,1.0,3.0,350.0,Royal Enfield
1176,135000.0,Ghaziabad,14878.0,1.0,3.0,350.0,Royal Enfield
1177,130000.0,Delhi,16500.0,1.0,3.0,350.0,Royal Enfield
1178,115000.0,Delhi,7850.0,1.0,4.0,350.0,Royal Enfield
1179,60000.0,Delhi,15000.0,1.0,4.0,150.0,Suzuki
1183,125000.0,Delhi,4500.0,1.0,3.0,350.0,Royal Enfield
1184,142000.0,Singhbhum,9500.0,1.0,3.0,400.0,Bajaj
1185,65000.0,Delhi,40000.0,1.0,4.0,180.0,TVS
1186,26000.0,Pune,12000.0,1.0,10.0,100.0,Bajaj
1187,38000.0,Pune,23500.0,1.0,8.0,100.0,Hero
1188,93000.0,Delhi,9772.0,1.0,3.0,200.0,TVS
1190,85000.0,Delhi,5000.0,1.0,3.0,200.0,TVS
1197,85000.0,Hyderabad,15000.0,2.0,4.0,250.0,Yamaha
1198,120000.0,Chennai,19500.0,1.0,7.0,500.0,Royal Enfield
1201,120000.0,Hyderabad,35000.0,1.0,5.0,200.0,Bajaj
1202,62000.0,Delhi,21000.0,1.0,5.0,150.0,Yamaha
1203,150000.0,Bardhaman,1800.0,1.0,2.0,350.0,Royal Enfield
1207,360000.0,Gurgaon,2200.0,1.0,7.0,750.0,Harley-Davidson
1210,58000.0,Pathankot,15000.0,1.0,8.0,150.0,Yamaha
1211,170000.0,Pune,3000.0,1.0,6.0,250.0,Hyosung
1214,32000.0,Faridabad,34169.0,1.0,7.0,150.0,Yamaha
1215,42000.0,Faridabad,19877.0,1.0,5.0,180.0,TVS
1216,30000.0,Faridabad,16920.0,1.0,5.0,150.0,Bajaj
1217,80000.0,Hosur,30000.0,1.0,7.0,150.0,Yamaha
1219,25500.0,Kharar,10000.0,1.0,30.0,100.0,Hero
1220,119000.0,Gurgaon,15064.0,1.0,5.0,410.0,Royal Enfield
1224,28000.0,Ghaziabad,50000.0,1.0,7.0,180.0,TVS
1225,119000.0,Bangalore,11976.0,,6.0,500.0,Royal Enfield
1226,151000.0,Delhi,1500.0,1.0,3.0,350.0,Royal Enfield
1227,47000.0,Faridabad,21000.0,1.0,9.0,350.0,Royal Enfield
1228,115000.0,Gurgaon,26000.0,1.0,6.0,350.0,Royal Enfield
1231,44000.0,Delhi,6200.0,1.0,3.0,100.0,Hero
1232,23000.0,Faridabad,16898.0,1.0,9.0,100.0,Hero
1233,35000.0,Jaipur,37000.0,1.0,6.0,110.0,Hero
1235,36000.0,Delhi,19000.0,1.0,4.0,100.0,Hero
1236,28000.0,Pune,18184.0,1.0,8.0,100.0,Bajaj
1237,52600.0,Indore,8000.0,1.0,2.0,110.0,Honda
1238,40100.0,Ahmedabad,26134.0,1.0,5.0,180.0,Bajaj
1239,56000.0,Pune,40772.0,1.0,5.0,180.0,Bajaj
1240,121600.0,Bangalore,9000.0,1.0,6.0,350.0,Royal Enfield
1241,20010.0,Ahmedabad,24578.0,1.0,13.0,150.0,Hero
1242,40000.0,Jaipur,34000.0,1.0,11.0,150.0,Yamaha
1243,115000.0,Pune,38500.0,1.0,5.0,390.0,KTM
1247,35000.0,Ghaziabad,16432.0,1.0,3.0,100.0,Hero
1248,36000.0,Kolkata,13240.0,1.0,9.0,150.0,Bajaj
1249,75700.0,Pune,80000.0,1.0,14.0,350.0,Royal Enfield
1251,250000.0,Silchar,920.0,1.0,2.0,650.0,Royal Enfield
1252,27000.0,Delhi,12580.0,1.0,6.0,125.0,Hero
1254,46500.0,Ahmedabad,12432.0,1.0,3.0,100.0,Hero
1255,145200.0,Mumbai,11200.0,1.0,5.0,250.0,Benelli
1256,13500.0,Jhalawar,30000.0,1.0,12.0,100.0,Hero
1257,16000.0,Thane,67614.0,1.0,10.0,125.0,Suzuki
1258,71300.0,Hyderabad,40000.0,1.0,7.0,350.0,Royal Enfield
1259,90000.0,Indore,32000.0,1.0,4.0,150.0,Yamaha
1260,35600.0,Mumbai,41932.0,1.0,5.0,150.0,Bajaj
1261,24000.0,Delhi,35456.0,1.0,10.0,150.0,Yamaha
1262,15000.0,Mumbai,60000.0,1.0,15.0,100.0,Hero
1263,116100.0,Rajkot,8000.0,1.0,4.0,350.0,Royal Enfield
1264,35000.0,Delhi,23599.0,1.0,6.0,160.0,TVS
1265,150000.0,Roorkee,900.0,1.0,4.0,500.0,Royal Enfield
1266,110000.0,Ludhiana,7800.0,1.0,5.0,350.0,Royal Enfield
1267,88000.0,Ludhiana,24263.0,1.0,5.0,150.0,Yamaha
1268,22500.0,Delhi,37000.0,1.0,5.0,100.0,Hero
1269,25000.0,Delhi,15500.0,2.0,7.0,125.0,Honda
1270,60000.0,Delhi,16969.0,1.0,17.0,350.0,Royal Enfield
1271,62000.0,Delhi,11000.0,2.0,17.0,350.0,Royal Enfield
1272,210000.0,Mumbai,4000.0,1.0,6.0,300.0,Kawasaki
1273,90000.0,Mumbai,23500.0,1.0,4.0,150.0,Honda
1274,108000.0,Delhi,5000.0,1.0,6.0,200.0,KTM
1275,17500.0,Jaipur,21037.0,1.0,11.0,100.0,Bajaj
1276,200000.0,Pune,6400.0,2.0,5.0,300.0,Benelli
1277,146400.0,Pune,10300.0,1.0,5.0,250.0,Benelli
1278,130000.0,Noida,6600.0,1.0,18.0,350.0,Royal Enfield
1279,67000.0,Nashik,12500.0,1.0,4.0,200.0,TVS
1280,10600.0,Durgapur,107000.0,1.0,16.0,100.0,Bajaj
1281,110000.0,Lucknow,24271.0,1.0,4.0,350.0,Royal Enfield
1282,35000.0,Patna,35000.0,2.0,5.0,150.0,Bajaj
1283,20500.0,Ahmedabad,31542.0,1.0,12.0,150.0,Honda
1284,133300.0,Pune,11000.0,1.0,5.0,350.0,Royal Enfield
1285,64000.0,Delhi,4455.0,1.0,4.0,200.0,TVS
1286,48000.0,Pune,14751.0,1.0,4.0,125.0,Honda
1287,350000.0,Ranchi,2500.0,1.0,5.0,650.0,Hyosung
1288,43000.0,Delhi,16000.0,1.0,3.0,110.0,Honda
1289,99700.0,Ahmedabad,21000.0,1.0,3.0,150.0,Yamaha
1290,94300.0,Noida,30860.0,1.0,7.0,350.0,Royal Enfield
1291,135000.0,Hyderabad,3000.0,1.0,2.0,150.0,Yamaha
1292,14800.0,Jhansi,35000.0,,10.0,150.0,Hero
1293,129200.0,Hyderabad,2476.0,1.0,5.0,350.0,Royal Enfield
1294,62000.0,Bangalore,5100.0,1.0,5.0,160.0,TVS
1295,102100.0,Ludhiana,3884.0,1.0,3.0,350.0,Royal Enfield
1296,75000.0,Surat,13000.0,1.0,3.0,150.0,Yamaha
1297,16800.0,Jhansi,30000.0,1.0,12.0,100.0,Hero
1298,21000.0,Pune,24000.0,2.0,19.0,100.0,Hero
1299,130000.0,Ahmedabad,14000.0,1.0,6.0,500.0,Royal Enfield
1300,42000.0,Mumbai,29000.0,1.0,6.0,180.0,Bajaj
1301,22800.0,Lucknow,85000.0,1.0,8.0,150.0,Yamaha
1302,27000.0,Aurangabad,40000.0,1.0,9.0,150.0,Hero
1303,33000.0,Lucknow,18148.0,1.0,5.0,150.0,Bajaj
1304,63000.0,Jaipur,1639.0,1.0,4.0,160.0,TVS
1305,78000.0,Hyderabad,6200.0,1.0,3.0,200.0,TVS
1306,11500.0,Thane,72300.0,1.0,14.0,150.0,Bajaj
1307,185000.0,Thane,21000.0,1.0,5.0,250.0,Hyosung
1308,145000.0,Kolkata,3000.0,1.0,3.0,150.0,Yamaha
1309,50000.0,Saharanpur,18500.0,1.0,9.0,220.0,Bajaj
1310,45000.0,Solapur,1942.0,1.0,4.0,100.0,Hero
1311,80000.0,Pune,30000.0,1.0,5.0,350.0,Royal Enfield
1312,65000.0,Gwalior,4400.0,1.0,5.0,150.0,Bajaj
1313,180000.0,Nashik,167.0,1.0,2.0,390.0,KTM
1314,22000.0,Pune,97401.0,1.0,9.0,100.0,Hero
1318,125000.0,Hyderabad,530.0,1.0,2.0,200.0,TVS
1319,750000.0,Delhi,10000.0,1.0,6.0,800.0,Triumph
1320,550000.0,Mumbai,6500.0,1.0,4.0,650.0,Kawasaki
1321,1500000.0,Alibag,7000.0,1.0,4.0,1262.0,Ducati
1325,37000.0,Chennai,4069.0,1.0,4.0,110.0,TVS
1333,130000.0,Mumbai,20000.0,1.0,3.0,350.0,Royal Enfield
1334,100000.0,Bangalore,66000.0,1.0,23.0,110.0,TVS
1335,26500.0,Faridabad,25036.0,1.0,6.0,125.0,Honda
1336,42000.0,Jalandhar,22000.0,1.0,7.0,150.0,Bajaj
1337,210000.0,Pune,5000.0,1.0,2.0,390.0,KTM
1338,23000.0,Gurgaon,31085.0,2.0,8.0,150.0,Yamaha
1339,380000.0,Delhi,15000.0,1.0,6.0,600.0,Benelli
1340,39000.0,Faridabad,9923.0,1.0,2.0,125.0,Bajaj
1347,56000.0,Faridabad,7078.0,1.0,3.0,150.0,Suzuki
1348,266600.0,Patna,2467.0,1.0,2.0,300.0,Kawasaki
1351,35000.0,Lucknow,21000.0,1.0,8.0,125.0,Honda
1354,45000.0,Ahmedabad,14399.0,1.0,4.0,100.0,Hero
1355,115000.0,Ghaziabad,12500.0,1.0,3.0,350.0,Royal Enfield
1356,23500.0,Delhi,15000.0,2.0,6.0,110.0,Honda
1357,105000.0,Bangalore,28000.0,1.0,6.0,200.0,Bajaj
1360,18000.0,Delhi,53800.0,1.0,14.0,135.0,Bajaj
1361,115000.0,Bhubaneshwar,23000.0,1.0,6.0,350.0,Royal Enfield
1362,700000.0,Guwahati,176.0,1.0,5.0,1700.0,Triumph
1364,21000.0,Mumbai,11000.0,1.0,10.0,110.0,Honda
1365,172000.0,Delhi,8000.0,1.0,2.0,500.0,Royal Enfield
1366,57100.0,Pune,39000.0,1.0,10.0,250.0,Honda
1367,108000.0,Delhi,2500.0,1.0,4.0,150.0,Yamaha
1368,740000.0,Hyderabad,2800.0,1.0,2.0,750.0,Suzuki
1369,25000.0,Jammu,35000.0,2.0,12.0,125.0,TVS
1370,95100.0,Ludhiana,8047.0,1.0,5.0,350.0,Royal Enfield
1371,267600.0,Bangalore,21200.0,1.0,5.0,300.0,Benelli
1374,75000.0,Delhi,29318.0,1.0,7.0,350.0,Royal Enfield
1375,1300000.0,Ludhiana,9500.0,1.0,4.0,800.0,Triumph
1376,23000.0,Ghaziabad,15367.0,1.0,12.0,100.0,Hero
1377,96000.0,Lucknow,20032.0,1.0,5.0,350.0,Royal Enfield
1378,75000.0,Mumbai,17000.0,2.0,13.0,350.0,Royal Enfield
1379,40000.0,Bhopal,28673.0,1.0,4.0,110.0,TVS
1380,130000.0,Jhansi,3300.0,2.0,3.0,150.0,Yamaha
1381,52000.0,Mumbai,26000.0,2.0,6.0,200.0,Bajaj
1382,5800.0,Ghaziabad,25000.0,1.0,13.0,125.0,TVS
1383,85000.0,Chennai,21820.0,1.0,6.0,350.0,Royal Enfield
1384,6890.0,Ghaziabad,68917.0,1.0,16.0,150.0,Bajaj
1385,9500.0,Ghaziabad,42014.0,1.0,14.0,125.0,Bajaj
1386,570350.0,Hyderabad,1470.0,1.0,4.0,1200.0,Harley-Davidson
1387,41300.0,Bangalore,29900.0,1.0,6.0,150.0,Bajaj
1389,40000.0,Bangalore,18000.0,1.0,8.0,150.0,Yamaha
1390,105000.0,Delhi,14000.0,2.0,6.0,350.0,Royal Enfield
1391,65000.0,Pune,38558.0,1.0,5.0,160.0,Honda
1392,140000.0,Pune,7000.0,1.0,4.0,350.0,Royal Enfield
1393,62000.0,Delhi,7000.0,1.0,3.0,180.0,Bajaj
1394,52000.0,Pune,22915.0,1.0,3.0,100.0,Hero
1395,42000.0,Pune,17962.0,1.0,4.0,100.0,Hero
1396,265000.0,Delhi,11000.0,1.0,2.0,650.0,Royal Enfield
1397,24500.0,Faridabad,17768.0,1.0,6.0,100.0,Hero
1400,139900.0,Hyderabad,2900.0,1.0,4.0,200.0,Bajaj
1401,67000.0,Chennai,6266.0,1.0,2.0,150.0,Bajaj
1402,71000.0,Delhi,10653.0,1.0,3.0,220.0,Bajaj
1403,770000.0,Delhi,4750.0,1.0,2.0,650.0,Honda
1404,105000.0,Delhi,36000.0,1.0,6.0,350.0,Royal Enfield
1405,18000.0,Pune,52400.0,1.0,15.0,100.0,Bajaj
1406,45000.0,Delhi,717.0,1.0,3.0,100.0,Hero
1407,99000.0,Hyderabad,8000.0,1.0,3.0,250.0,Yamaha
1408,37000.0,Delhi,12500.0,1.0,6.0,150.0,Yamaha
1409,58000.0,Hyderabad,42000.0,2.0,4.0,150.0,Bajaj
1410,82000.0,Katni,3500.0,1.0,7.0,150.0,Yamaha
1413,30900.0,Delhi,18000.0,1.0,8.0,100.0,Hero
1419,75000.0,Khedbrahma,50000.0,1.0,7.0,350.0,Royal Enfield
1427,175000.0,Chennai,2388.0,1.0,2.0,295.0,Jawa
1428,62240.0,Pune,3706.0,1.0,7.0,200.0,KTM
1429,650000.0,Kolkata,1000.0,1.0,2.0,600.0,Benelli
1430,19500.0,Jhansi,35000.0,1.0,11.0,100.0,Hero
1431,157500.0,Mumbai,3600.0,1.0,5.0,410.0,Royal Enfield
1432,110000.0,Delhi,16500.0,1.0,5.0,350.0,Royal Enfield
1433,115000.0,Delhi,8000.0,1.0,4.0,350.0,Royal Enfield
1434,64999.0,Mumbai,30000.0,1.0,9.0,200.0,KTM
1442,18000.0,Mumbai,35408.0,2.0,14.0,160.0,TVS
1449,45000.0,Bangalore,34000.0,2.0,7.0,223.0,Hero
1450,180000.0,Delhi,4081.0,1.0,3.0,310.0,TVS
1451,95000.0,Delhi,2500.0,1.0,4.0,200.0,TVS
1452,175000.0,Pune,3400.0,1.0,4.0,500.0,Royal Enfield
1453,30000.0,Chennai,20208.0,1.0,6.0,100.0,Hero
1454,55000.0,Chennai,21000.0,1.0,5.0,160.0,Honda
1455,42000.0,Mumbai,14500.0,1.0,7.0,150.0,Yamaha
1456,38500.0,Mumbai,21500.0,1.0,6.0,150.0,Yamaha
1458,200000.0,Coimbatore,6300.0,1.0,3.0,500.0,Royal Enfield
1460,57500.0,Delhi,15000.0,1.0,4.0,180.0,Bajaj
1461,47500.0,Delhi,15000.0,1.0,7.0,220.0,Bajaj
1462,35500.0,Delhi,15000.0,1.0,9.0,150.0,Yamaha
1463,35000.0,Ahmedabad,58464.0,1.0,7.0,150.0,Bajaj
1464,48000.0,Delhi,8000.0,1.0,3.0,100.0,Hero
1465,24500.0,Ahmedabad,54867.0,1.0,9.0,110.0,Honda
1466,25000.0,Ahmedabad,84644.0,1.0,10.0,125.0,Bajaj
1467,45900.0,Valsad,12700.0,1.0,7.0,200.0,Bajaj
1468,50000.0,Pune,50000.0,1.0,7.0,150.0,Yamaha
1469,120000.0,Delhi,20000.0,1.0,5.0,350.0,Royal Enfield
1470,55000.0,Bangalore,18255.0,1.0,5.0,150.0,Bajaj
1471,32000.0,Bangalore,21455.0,1.0,9.0,150.0,Honda
1472,76000.0,Bangalore,26724.0,1.0,4.0,220.0,Bajaj
1473,115000.0,Hyderabad,29500.0,1.0,4.0,400.0,Bajaj
1474,16500.0,Delhi,26850.0,1.0,12.0,150.0,Bajaj
1475,72000.0,Pune,17800.0,1.0,4.0,150.0,Yamaha
1476,58000.0,Pune,33000.0,1.0,6.0,220.0,Bajaj
1477,104000.0,Chennai,5618.0,1.0,1.0,200.0,Hero
1478,83000.0,Chennai,14208.0,1.0,4.0,150.0,Yamaha
1479,115000.0,Chennai,6900.0,1.0,3.0,150.0,Yamaha
1480,23000.0,Delhi,23560.0,1.0,9.0,100.0,Bajaj
1481,150000.0,Mumbai,17500.0,1.0,4.0,250.0,KTM
1482,49000.0,Mumbai,28800.0,1.0,8.0,200.0,Bajaj
1483,52000.0,Mumbai,13000.0,1.0,3.0,100.0,Hero
1484,45000.0,Mumbai,10700.0,1.0,4.0,100.0,Hero
1485,26000.0,Delhi,26000.0,1.0,6.0,110.0,TVS
1486,28000.0,Delhi,22000.0,1.0,6.0,100.0,Hero
1487,42000.0,Delhi,11898.0,1.0,5.0,135.0,Bajaj
1488,195000.0,Mumbai,5000.0,1.0,2.0,250.0,KTM
1489,20000.0,Gurgaon,35000.0,1.0,9.0,125.0,Bajaj
1490,40000.0,Delhi,9550.0,1.0,4.0,100.0,Hero
1491,115000.0,Delhi,10000.0,1.0,3.0,350.0,Royal Enfield
1493,85000.0,Delhi,25000.0,1.0,6.0,350.0,Royal Enfield
1494,92000.0,Delhi,21000.0,2.0,6.0,350.0,Royal Enfield
1495,125000.0,Mumbai,14000.0,1.0,4.0,350.0,Royal Enfield
1496,105000.0,Mumbai,500.0,1.0,2.0,200.0,Bajaj
1497,42000.0,Hyderabad,29000.0,1.0,7.0,100.0,Hero
1498,30000.0,Pune,26000.0,1.0,8.0,125.0,Bajaj
1499,52099.0,Pune,13500.0,1.0,4.0,125.0,Honda
1500,32000.0,Pune,5937.0,1.0,11.0,180.0,Bajaj
1501,45000.0,Delhi,17300.0,1.0,3.0,100.0,Hero
1502,18000.0,Ludhiana,42000.0,1.0,12.0,100.0,Hero
1503,56000.0,Bangalore,56000.0,1.0,5.0,220.0,Bajaj
1504,152000.0,Delhi,40.0,1.0,2.0,125.0,KTM
1512,130000.0,Hyderabad,15000.0,2.0,6.0,535.0,Royal Enfield
1513,58000.0,Bangalore,24000.0,1.0,5.0,220.0,Bajaj
1514,76000.0,Delhi,8000.0,1.0,2.0,160.0,TVS
1515,60000.0,Delhi,2400.0,1.0,3.0,180.0,TVS
1516,9500.0,Ghaziabad,60000.0,1.0,17.0,100.0,Hero
1517,68000.0,Mumbai,20000.0,2.0,9.0,200.0,KTM
1518,35000.0,Ludhiana,1400.0,1.0,4.0,110.0,Mahindra
1519,75000.0,Delhi,500.0,2.0,41.0,175.0,Rajdoot
1520,82400.0,Bangalore,52000.0,1.0,8.0,350.0,Royal Enfield
1522,65000.0,Delhi,10500.0,1.0,5.0,150.0,Bajaj
1523,57800.0,Gurgaon,3000.0,1.0,3.0,150.0,Suzuki
1528,138900.0,Delhi,280.0,1.0,3.0,200.0,Bajaj
1529,110000.0,Vadodara,14000.0,1.0,8.0,500.0,Royal Enfield
1530,204600.0,Satna,5000.0,1.0,6.0,300.0,Kawasaki
1531,95000.0,Bangalore,12233.0,1.0,6.0,500.0,Royal Enfield
1532,700000.0,Coimbatore,173.0,1.0,3.0,1130.0,Indian
1533,320000.0,Bangalore,12000.0,2.0,7.0,650.0,Kawasaki
1534,300000.0,Patna,383.0,1.0,3.0,650.0,Kawasaki
1535,13100.0,Delhi,47000.0,1.0,13.0,125.0,Hero
1536,36500.0,Hooghly,21000.0,1.0,6.0,180.0,Bajaj
1537,30000.0,Delhi,71188.0,1.0,7.0,150.0,Honda
1538,30500.0,Faridabad,22500.0,2.0,8.0,150.0,Yamaha
1539,72000.0,Bhopal,4000.0,1.0,3.0,220.0,Bajaj
1540,82000.0,Delhi,12000.0,1.0,9.0,500.0,Royal Enfield
1541,82000.0,Noida,27000.0,1.0,10.0,350.0,Royal Enfield
1542,37000.0,Gurdaspur,37000.0,1.0,6.0,100.0,Hero
1543,110000.0,Pune,9463.0,1.0,4.0,250.0,Yamaha
1544,75500.0,Mumbai,10000.0,1.0,3.0,150.0,Yamaha
1545,23600.0,Delhi,30100.0,1.0,9.0,150.0,Yamaha
1546,142000.0,Mumbai,6800.0,1.0,3.0,350.0,Royal Enfield
1547,75000.0,Mohali,33000.0,1.0,9.0,350.0,Royal Enfield
1548,13500.0,Amritsar,48021.0,1.0,16.0,125.0,Bajaj
1549,85000.0,Chennai,4300.0,1.0,4.0,160.0,Honda
1550,35000.0,Delhi,15689.0,1.0,4.0,100.0,Hero
1551,49000.0,Mumbai,10000.0,1.0,7.0,150.0,Honda
1552,97400.0,Guwahati,9700.0,1.0,2.0,200.0,Hero
1553,80000.0,Delhi,10500.0,1.0,6.0,200.0,Bajaj
1554,25000.0,Jaipur,34500.0,1.0,8.0,100.0,Bajaj
1555,105000.0,Mumbai,2109.0,1.0,6.0,500.0,Royal Enfield
1556,42000.0,Karnal,18000.0,1.0,5.0,150.0,Bajaj
1557,493500.0,Ahmedabad,7500.0,1.0,4.0,650.0,Hyosung
1558,113000.0,Mumbai,16000.0,1.0,7.0,390.0,KTM
1559,18000.0,Delhi,17000.0,1.0,14.0,135.0,Bajaj
1560,51600.0,Dadri,9000.0,1.0,11.0,350.0,Royal Enfield
1569,91400.0,Delhi,4500.0,1.0,4.0,200.0,TVS
1570,22000.0,Tiruvallur,30000.0,1.0,9.0,125.0,Honda
1571,90000.0,Delhi,14000.0,2.0,7.0,350.0,Royal Enfield
1572,134100.0,Bangalore,10000.0,1.0,5.0,350.0,Royal Enfield
1573,150000.0,Delhi,4000.0,1.0,5.0,200.0,KTM
1574,25500.0,Ahmedabad,65365.0,1.0,15.0,125.0,Bajaj
1575,18500.0,Delhi,21500.0,1.0,12.0,135.0,Bajaj
1576,98900.0,Bangalore,22000.0,1.0,6.0,200.0,Bajaj
1577,45600.0,Mumbai,37000.0,1.0,8.0,150.0,Honda
1578,25600.0,Vadodara,22000.0,1.0,11.0,223.0,Hero
1579,140000.0,Mumbai,17000.0,1.0,6.0,500.0,Royal Enfield
1580,222800.0,Mumbai,7500.0,1.0,4.0,390.0,KTM
1581,84200.0,Delhi,24000.0,1.0,9.0,350.0,Royal Enfield
1582,30000.0,Delhi,96000.0,1.0,8.0,150.0,Yamaha
1583,60000.0,Delhi,14500.0,1.0,5.0,150.0,Bajaj
1584,70600.0,Hyderabad,23000.0,1.0,5.0,150.0,Bajaj
1585,39900.0,Delhi,29000.0,1.0,5.0,110.0,Honda
1586,100000.0,Bangalore,18500.0,1.0,6.0,350.0,Royal Enfield
1587,140000.0,Delhi,6900.0,1.0,4.0,400.0,Bajaj
1588,150000.0,Mumbai,12000.0,1.0,6.0,390.0,KTM
1589,69600.0,Delhi,14900.0,1.0,4.0,220.0,Bajaj
1590,85000.0,Bangalore,8000.0,1.0,4.0,220.0,Bajaj
1591,35000.0,Jaipur,19980.0,1.0,7.0,100.0,Hero
1592,42990.0,Delhi,31000.0,1.0,6.0,150.0,Bajaj
1593,115000.0,Pune,18000.0,1.0,6.0,350.0,Royal Enfield
1594,89600.0,Mumbai,40000.0,1.0,9.0,350.0,Royal Enfield
1595,428600.0,Gurgaon,9000.0,1.0,6.0,750.0,Harley-Davidson
1596,142000.0,Chennai,9500.0,1.0,3.0,350.0,Royal Enfield
1597,122200.0,Bangalore,13000.0,1.0,4.0,200.0,Bajaj
1598,138000.0,Amravati,22000.0,1.0,6.0,200.0,KTM
1599,103000.0,Tiruvallur,35000.0,1.0,6.0,350.0,Royal Enfield
1600,25000.0,Durg,40000.0,1.0,8.0,135.0,Bajaj
1601,80000.0,Mumbai,9500.0,1.0,9.0,350.0,Royal Enfield
1602,135000.0,Mehsana,6151.0,1.0,4.0,350.0,Royal Enfield
1603,32600.0,Delhi,46000.0,1.0,6.0,110.0,Honda
1604,92600.0,Ghaziabad,5300.0,1.0,4.0,200.0,TVS
1605,17200.0,Gurgaon,37250.0,1.0,17.0,100.0,Hero
1606,127100.0,Faridabad,8000.0,1.0,4.0,350.0,Royal Enfield
1607,120000.0,Rajkot,20783.0,1.0,6.0,350.0,Royal Enfield
1608,21000.0,Bharuch,22000.0,1.0,12.0,100.0,Hero
1609,86700.0,Vadodara,45000.0,1.0,7.0,350.0,Royal Enfield
1610,60000.0,Bangalore,7600.0,1.0,6.0,220.0,Bajaj
1611,70000.0,Lansdowne,9000.0,1.0,4.0,150.0,Bajaj
1612,99000.0,Cuttack,9000.0,1.0,6.0,200.0,Bajaj
1613,56800.0,Thane,5500.0,1.0,6.0,150.0,Bajaj
1614,260000.0,Pune,4400.0,1.0,5.0,250.0,Hyosung
1615,44000.0,Delhi,15000.0,1.0,4.0,150.0,Bajaj
1616,23000.0,Jaisalmer,30000.0,2.0,10.0,100.0,Hero
1617,60000.0,Kolhapur,72000.0,1.0,8.0,223.0,Hero
1618,65000.0,Delhi,8500.0,1.0,5.0,150.0,Yamaha
1619,450000.0,Hanumangarh,6000.0,1.0,5.0,750.0,Harley-Davidson
1625,100000.0,Chennai,15000.0,1.0,5.0,150.0,Honda
1626,135000.0,Pune,9800.0,2.0,6.0,500.0,Royal Enfield
1627,36000.0,Delhi,12388.0,1.0,4.0,100.0,Hero
1628,51100.0,Pune,23500.0,1.0,7.0,220.0,Bajaj
1629,85000.0,Dungarpur,5000.0,1.0,4.0,150.0,Yamaha
1630,52000.0,Kolkata,70000.0,1.0,6.0,160.0,Honda
1631,68000.0,Mumbai,39028.0,1.0,10.0,250.0,Honda
1634,80000.0,Sri Ganganagar,7456.0,1.0,3.0,180.0,Bajaj
1635,31200.0,Delhi,20000.0,1.0,5.0,100.0,Hero
1636,67700.0,Kottayam,15000.0,1.0,4.0,220.0,Bajaj
1639,135000.0,Jalandhar,7000.0,1.0,3.0,350.0,Royal Enfield
1641,44600.0,Bangalore,21000.0,1.0,4.0,150.0,Bajaj
1642,95000.0,Navi Mumbai,39000.0,1.0,7.0,350.0,Royal Enfield
1643,77600.0,Noida,4730.0,1.0,4.0,160.0,Honda
1644,42700.0,Delhi,440.0,1.0,4.0,150.0,Bajaj
1645,20000.0,Delhi,20000.0,2.0,8.0,110.0,Mahindra
1646,105000.0,Bangalore,28655.0,1.0,8.0,500.0,Royal Enfield
1659,70000.0,Karnal,48500.0,1.0,11.0,350.0,Royal Enfield
1660,32000.0,Ghaziabad,20500.0,1.0,8.0,220.0,Bajaj
1661,127000.0,Noida,6700.0,2.0,3.0,200.0,KTM
1663,80000.0,Navi Mumbai,1000.0,1.0,5.0,200.0,TVS
1664,150000.0,Jalandhar,9000.0,2.0,4.0,390.0,KTM
1665,111500.0,Delhi,29299.0,1.0,4.0,350.0,Royal Enfield
1666,105900.0,Bangalore,17000.0,1.0,4.0,150.0,Yamaha
1667,85000.0,Delhi,39000.0,1.0,8.0,350.0,Royal Enfield
1668,200000.0,Margao,10550.0,1.0,4.0,310.0,TVS
1669,100000.0,Chennai,10500.0,1.0,5.0,150.0,Yamaha
1670,81000.0,Chinsurah,44000.0,1.0,8.0,350.0,Royal Enfield
1671,79300.0,Delhi,8561.0,1.0,9.0,350.0,Royal Enfield
1672,66000.0,Bhatinda,6000.0,1.0,10.0,220.0,Bajaj
1673,32000.0,Delhi,31385.0,1.0,5.0,100.0,Hero
1674,25000.0,Delhi,29538.0,1.0,8.0,100.0,Hero
1675,95000.0,Pune,5300.0,1.0,2.0,150.0,Suzuki
1676,86000.0,Delhi,15465.0,1.0,3.0,250.0,Yamaha
1677,16400.0,Jhansi,35000.0,1.0,12.0,100.0,Hero
1678,122000.0,Chennai,3100.0,1.0,2.0,200.0,TVS
1679,106200.0,Delhi,19696.0,1.0,5.0,200.0,KTM
1680,110000.0,Gurgaon,9600.0,1.0,5.0,350.0,Royal Enfield
1681,135000.0,Sibsagar,3800.0,1.0,2.0,350.0,Royal Enfield
1682,110000.0,Chennai,27000.0,1.0,7.0,200.0,KTM
1683,133000.0,Delhi,5600.0,1.0,4.0,350.0,Royal Enfield
1684,110000.0,Mumbai,8000.0,1.0,6.0,200.0,KTM
1685,90000.0,Panchkula,14783.0,1.0,12.0,350.0,Royal Enfield
1686,130000.0,Mumbai,14000.0,1.0,5.0,390.0,KTM
1687,20000.0,Thane,39500.0,1.0,8.0,100.0,Bajaj
1688,23000.0,Ludhiana,14000.0,1.0,10.0,100.0,Hero
1689,65000.0,Gurgaon,6348.0,1.0,4.0,160.0,Bajaj
1690,48000.0,Delhi,20000.0,2.0,5.0,180.0,TVS
1691,190000.0,Bangalore,6000.0,1.0,3.0,250.0,Honda
1692,130000.0,Mumbai,1143.0,2.0,2.0,250.0,Yamaha
1693,74000.0,Delhi,19000.0,1.0,3.0,150.0,Yamaha
1694,38000.0,Pune,23000.0,1.0,9.0,150.0,Bajaj
1695,25000.0,Mumbai,46000.0,1.0,9.0,110.0,Hero
1696,95000.0,Siliguri,8700.0,1.0,4.0,200.0,Bajaj
1697,55000.0,Coimbatore,18500.0,2.0,5.0,150.0,Suzuki
1698,125000.0,Pune,37000.0,1.0,11.0,500.0,Royal Enfield
1699,80000.0,Kolkata,9964.0,1.0,5.0,150.0,Yamaha
1700,56600.0,Mumbai,32000.0,1.0,8.0,150.0,Yamaha
1701,160000.0,Mumbai,5000.0,1.0,6.0,250.0,Hyosung
1702,60000.0,Gurgaon,8121.0,1.0,4.0,160.0,TVS
1703,39799.0,Khalilabad,14500.0,1.0,3.0,100.0,Hero
1704,23484.0,Delhi,19525.0,1.0,4.0,100.0,Bajaj
1705,88000.0,Ambala,18000.0,2.0,9.0,350.0,Royal Enfield
1706,75000.0,Delhi,35000.0,1.0,7.0,200.0,KTM
1707,83000.0,Mumbai,30000.0,1.0,7.0,200.0,KTM
1708,400000.0,Delhi,19000.0,1.0,9.0,883.0,Harley-Davidson
1709,30000.0,Ahmedabad,30544.0,1.0,11.0,125.0,Honda
1710,46200.0,Lucknow,44000.0,1.0,6.0,220.0,Bajaj
1711,90000.0,Bangalore,8200.0,1.0,4.0,200.0,Bajaj
1712,224000.0,Vadodara,3900.0,1.0,2.0,310.0,TVS
1713,56500.0,Delhi,19300.0,1.0,4.0,150.0,Bajaj
1714,15800.0,Faridabad,15939.0,1.0,13.0,100.0,Hero
1715,57000.0,Delhi,32802.0,2.0,10.0,250.0,Honda
1716,144700.0,Kharar,770.0,1.0,2.0,350.0,Royal Enfield
1717,37000.0,Gurgaon,32262.0,1.0,8.0,200.0,Bajaj
1718,22500.0,Vadodara,22500.0,1.0,6.0,100.0,Bajaj
1719,48000.0,Dehradun,21000.0,1.0,7.0,220.0,Bajaj
1720,105000.0,Jaipur,6000.0,1.0,3.0,300.0,Mahindra
1721,100000.0,Bangalore,15500.0,1.0,8.0,500.0,Royal Enfield
1722,20000.0,Ahmedabad,74000.0,1.0,9.0,110.0,Honda
1723,24600.0,Pune,20000.0,1.0,5.0,100.0,Hero
1724,100000.0,Guwahati,1300.0,1.0,3.0,150.0,Yamaha
1725,89000.0,Mumbai,29301.0,1.0,7.0,200.0,KTM
1726,71400.0,Mumbai,3086.0,1.0,3.0,150.0,Yamaha
1727,90000.0,Delhi,29436.0,1.0,7.0,500.0,Royal Enfield
1728,33000.0,Delhi,27000.0,1.0,6.0,150.0,Bajaj
1729,58000.0,Faridabad,5100.0,1.0,3.0,150.0,Bajaj
1730,22000.0,Faridabad,23043.0,1.0,6.0,100.0,Bajaj
1731,14500.0,Faridabad,17604.0,1.0,12.0,100.0,Hero
1732,42000.0,Delhi,26434.0,1.0,5.0,100.0,Hero
1733,480000.0,Delhi,1450.0,1.0,4.0,750.0,Harley-Davidson
1734,127800.0,Delhi,4000.0,1.0,4.0,200.0,KTM
1735,39000.0,Kanpur,27000.0,1.0,5.0,125.0,Honda
1736,47000.0,Mumbai,39428.0,1.0,7.0,150.0,Honda
1737,160000.0,Mumbai,5000.0,1.0,3.0,350.0,Royal Enfield
1738,42000.0,Mumbai,40000.0,2.0,6.0,200.0,Bajaj
1739,21000.0,Anand,34000.0,1.0,10.0,150.0,Hero
1740,27000.0,Vadodara,20000.0,1.0,10.0,100.0,Hero
1741,98500.0,Delhi,2800.0,1.0,2.0,200.0,TVS
1742,36000.0,Delhi,7580.0,1.0,4.0,110.0,TVS
1743,111100.0,Gurgaon,8197.0,1.0,5.0,200.0,KTM
1744,37300.0,Jhansi,16000.0,1.0,5.0,150.0,Bajaj
1745,110000.0,Delhi,16689.0,1.0,5.0,350.0,Royal Enfield
1746,27100.0,Jhansi,29000.0,1.0,8.0,110.0,Hero
1747,120000.0,Delhi,8000.0,1.0,2.0,200.0,Bajaj
1748,60000.0,Delhi,8000.0,1.0,3.0,125.0,Hero
1749,145000.0,Delhi,5000.0,1.0,2.0,350.0,Royal Enfield
1750,35000.0,Delhi,8000.0,1.0,5.0,110.0,TVS
1751,40000.0,Delhi,18000.0,1.0,8.0,150.0,Yamaha
1752,125000.0,Delhi,8000.0,1.0,3.0,350.0,Royal Enfield
1753,25100.0,Jhansi,32800.0,1.0,7.0,100.0,Hero
1754,133100.0,Gorakhpur,2954.0,2.0,4.0,535.0,Royal Enfield
1755,480300.0,Bangalore,10800.0,1.0,5.0,650.0,Kawasaki
1756,110000.0,Mumbai,950.0,1.0,8.0,500.0,Royal Enfield
1757,55000.0,Delhi,24000.0,1.0,4.0,150.0,Yamaha
1758,26000.0,Pune,18412.0,1.0,11.0,150.0,Bajaj
1759,38000.0,Sambalpur,78000.0,1.0,6.0,180.0,Bajaj
1760,172000.0,Delhi,3800.0,1.0,2.0,350.0,Royal Enfield
1761,36600.0,Dadri,57000.0,1.0,8.0,150.0,Honda
1762,89135.0,Delhi,2800.0,1.0,2.0,160.0,TVS
1763,75000.0,Ahmedabad,1307.0,1.0,3.0,160.0,Honda
1764,60000.0,Ghaziabad,21719.0,1.0,4.0,160.0,Honda
1765,71000.0,Rajkot,46000.0,1.0,8.0,200.0,KTM
1766,35000.0,Chennai,33000.0,1.0,8.0,160.0,TVS
1767,60000.0,Mumbai,12332.0,2.0,6.0,150.0,Yamaha
1768,57000.0,Delhi,23000.0,1.0,4.0,150.0,Yamaha
1769,55000.0,Delhi,3600.0,1.0,5.0,150.0,Yamaha
1770,47000.0,Jaipur,18227.0,1.0,6.0,150.0,Yamaha
1771,43000.0,Delhi,25000.0,1.0,3.0,110.0,Bajaj
1772,42000.0,Vadodara,30000.0,1.0,5.0,150.0,Bajaj
1773,35000.0,Vadodara,18000.0,1.0,5.0,100.0,Hero
1774,25000.0,Pune,86283.0,,10.0,150.0,Bajaj
1775,25000.0,Pune,23564.0,1.0,11.0,100.0,Bajaj
1776,18000.0,Gurgaon,69758.0,2.0,11.0,100.0,Hero
1777,38000.0,Chennai,10850.0,1.0,4.0,135.0,Bajaj
1778,128000.0,Pune,6506.0,1.0,2.0,150.0,Yamaha
1779,90000.0,Delhi,16000.0,1.0,4.0,150.0,Yamaha
1780,79000.0,Delhi,8000.0,1.0,3.0,150.0,Yamaha
1781,25000.0,Delhi,11892.0,1.0,9.0,100.0,Hero
1782,70000.0,Hyderabad,29500.0,1.0,10.0,350.0,Royal Enfield
1783,62000.0,Bangalore,19137.0,1.0,6.0,150.0,Bajaj
1784,100000.0,Mumbai,59000.0,1.0,7.0,350.0,Royal Enfield
1785,29500.0,Pune,45000.0,2.0,10.0,223.0,Hero
1786,55000.0,Mumbai,5000.0,1.0,5.0,150.0,Bajaj
1787,42630.0,Delhi,9900.0,1.0,3.0,100.0,Hero
1788,22345.0,Delhi,87383.0,1.0,9.0,150.0,Bajaj
1789,45000.0,Delhi,7125.0,1.0,4.0,135.0,Bajaj
1790,460000.0,Gurgaon,2607.0,1.0,5.0,750.0,Harley-Davidson
1791,22000.0,Gautam Buddha Nagar,19262.0,1.0,9.0,150.0,Bajaj
1792,30500.0,Gurgaon,19999.0,1.0,6.0,125.0,Honda
1793,35600.0,Gurgaon,11314.0,1.0,4.0,110.0,Honda
1794,14000.0,Mumbai,25398.0,,13.0,135.0,Bajaj
1795,85000.0,Delhi,25000.0,1.0,6.0,350.0,Royal Enfield
1796,166000.0,Guwahati,250.0,1.0,2.0,410.0,Royal Enfield
1797,24000.0,Faridabad,19744.0,1.0,5.0,100.0,TVS
1798,27000.0,Delhi,16500.0,1.0,8.0,125.0,Hero
1799,68000.0,Delhi,10386.0,1.0,4.0,220.0,Bajaj
1800,81000.0,Delhi,6000.0,1.0,3.0,160.0,Honda
1801,90000.0,Delhi,12300.0,1.0,6.0,500.0,Royal Enfield
1802,88000.0,Gurgaon,900.0,1.0,2.0,180.0,TVS
1803,78000.0,Delhi,5112.0,1.0,3.0,160.0,TVS
1804,125000.0,Delhi,13800.0,1.0,3.0,350.0,Royal Enfield
1805,110000.0,Mumbai,16000.0,1.0,5.0,350.0,Royal Enfield
1806,28000.0,Pune,23371.0,1.0,12.0,100.0,Hero
1807,61000.0,Ludhiana,1700.0,1.0,4.0,150.0,Bajaj
1808,53000.0,Chennai,7021.0,1.0,4.0,150.0,Hero
1809,26000.0,Delhi,12000.0,1.0,5.0,100.0,Bajaj
1810,74000.0,Delhi,4800.0,1.0,3.0,150.0,Suzuki
1811,42000.0,Chaksu,22819.0,1.0,3.0,125.0,Honda
1812,21000.0,Delhi,58000.0,1.0,10.0,100.0,Hero
1813,14800.0,Jhansi,23000.0,1.0,10.0,100.0,Bajaj
1814,31500.0,Chaksu,28725.0,1.0,4.0,110.0,TVS
1815,80000.0,Delhi,12000.0,1.0,3.0,200.0,Hero
1816,47000.0,Delhi,55326.0,1.0,5.0,160.0,TVS
1817,95000.0,Delhi,1408.0,1.0,3.0,150.0,Suzuki
1818,39000.0,Faridabad,2564.0,1.0,2.0,100.0,Bajaj
1819,39000.0,Faridabad,12193.0,1.0,2.0,100.0,Bajaj
1820,35000.0,Pune,30000.0,1.0,10.0,150.0,Honda
1821,15300.0,Jhansi,26000.0,1.0,9.0,100.0,Bajaj
1822,29000.0,Delhi,18000.0,1.0,5.0,100.0,Hero
1823,37500.0,Kota,20904.0,1.0,6.0,100.0,Hero
1826,170000.0,24 Pargana,2800.0,1.0,2.0,250.0,KTM
1827,65000.0,Delhi,8000.0,1.0,4.0,200.0,TVS
1828,16600.0,Jhansi,35000.0,1.0,12.0,100.0,Hero
1851,13700.0,Jhansi,26000.0,2.0,13.0,100.0,Hero
1852,65000.0,Delhi,25205.0,1.0,5.0,150.0,Yamaha
1853,125100.0,Ankleshwar,7000.0,1.0,2.0,150.0,Yamaha
1854,26000.0,Pune,24801.0,1.0,11.0,125.0,Honda
1855,59999.0,Delhi,27000.0,2.0,5.0,220.0,Bajaj
1856,22000.0,Pune,51516.0,1.0,13.0,180.0,Bajaj
1857,47000.0,Pune,83000.0,1.0,6.0,150.0,Honda
1858,32000.0,Pune,23936.0,1.0,10.0,100.0,Hero
1859,140000.0,Pune,11000.0,1.0,6.0,390.0,KTM
1860,43000.0,Purnia,45000.0,1.0,6.0,150.0,Bajaj
1861,90000.0,Hyderabad,27500.0,1.0,6.0,200.0,Bajaj
1862,90000.0,Mumbai,24000.0,1.0,9.0,350.0,Royal Enfield
1863,65000.0,Delhi,10000.0,2.0,3.0,160.0,TVS
1864,64600.0,Kalyan,21200.0,1.0,4.0,200.0,TVS
1865,47000.0,Pune,42000.0,2.0,7.0,220.0,Bajaj
1866,340000.0,Delhi,2500.0,1.0,4.0,650.0,Hyosung
1867,790000.0,Delhi,2500.0,1.0,3.0,900.0,Triumph
1868,22000.0,Delhi,45000.0,1.0,10.0,100.0,Hero
1869,22000.0,Delhi,33000.0,2.0,10.0,150.0,Yamaha
1870,63700.0,Delhi,18000.0,1.0,4.0,150.0,Suzuki
1871,28000.0,Pune,22608.0,1.0,11.0,100.0,Hero
1872,30000.0,Bangalore,105500.0,1.0,8.0,110.0,Honda
1873,30000.0,Delhi,23199.0,1.0,5.0,125.0,Honda
1874,140000.0,Jalandhar,800.0,1.0,3.0,400.0,Bajaj
1875,25000.0,Pune,40000.0,1.0,12.0,100.0,Hero
1876,48000.0,Pune,27192.0,1.0,5.0,150.0,Bajaj
1877,90000.0,Thane,6700.0,1.0,4.0,200.0,Bajaj
1878,96750.0,Tiruverkadu,3084.0,1.0,3.0,400.0,Bajaj
1888,32000.0,Faridabad,19808.0,1.0,3.0,100.0,Bajaj
1889,31000.0,Faridabad,27451.0,1.0,5.0,150.0,Bajaj
1890,30000.0,Faridabad,16884.0,1.0,4.0,100.0,Bajaj
1891,30000.0,Faridabad,11131.0,1.0,4.0,100.0,Bajaj
1892,30000.0,Pune,23697.0,1.0,7.0,100.0,Bajaj
1893,38000.0,Faridabad,12692.0,1.0,2.0,100.0,Bajaj
1894,38000.0,Faridabad,11047.0,1.0,3.0,100.0,Bajaj
1895,23000.0,Ludhiana,15000.0,1.0,11.0,100.0,Hero
1896,35000.0,Delhi,29451.0,2.0,6.0,110.0,Mahindra
1897,40000.0,Faridabad,7788.0,1.0,3.0,100.0,Hero
1898,109000.0,Delhi,25600.0,1.0,6.0,350.0,Royal Enfield
1899,108000.0,Delhi,7299.0,1.0,5.0,350.0,Royal Enfield
1900,105000.0,Faridabad,12822.0,1.0,4.0,350.0,Royal Enfield
1901,90000.0,Delhi,8765.0,1.0,8.0,500.0,Royal Enfield
1902,24500.0,Ahmedabad,36451.0,1.0,9.0,125.0,Bajaj
1903,20000.0,Faridabad,37473.0,1.0,9.0,100.0,Bajaj
1904,31500.0,Jaipur,22845.0,1.0,8.0,100.0,Hero
1905,66000.0,Chaksu,26421.0,1.0,3.0,180.0,TVS
1906,62000.0,Delhi,13200.0,1.0,4.0,160.0,TVS
1907,62000.0,Faridabad,23226.0,1.0,3.0,160.0,TVS
1916,177300.0,Mumbai,19000.0,1.0,4.0,390.0,KTM
1917,159700.0,Pune,17346.0,1.0,4.0,500.0,Royal Enfield
1918,115400.0,Bahadurgarh,11400.0,1.0,4.0,350.0,Royal Enfield
1919,42000.0,Thane,17028.0,1.0,7.0,220.0,Bajaj
1920,190000.0,Aurangabad,3600.0,1.0,3.0,500.0,Royal Enfield
1921,39000.0,Coimbatore,40000.0,1.0,8.0,180.0,TVS
1922,28000.0,Pune,20473.0,1.0,10.0,125.0,Honda
1923,42000.0,Pune,22000.0,1.0,10.0,150.0,Honda
1924,428600.0,Delhi,9000.0,1.0,6.0,750.0,Harley-Davidson
1925,30000.0,Noida,17300.0,2.0,8.0,150.0,Honda
1926,65000.0,Vadodara,16664.0,1.0,7.0,150.0,Honda
1927,860000.0,Udaipur,2100.0,1.0,3.0,765.0,Triumph
1928,315000.0,Delhi,7000.0,1.0,4.0,300.0,Benelli
1929,68000.0,Delhi,32644.0,1.0,3.0,160.0,TVS
1931,270000.0,Ahmedabad,6500.0,1.0,2.0,650.0,Royal Enfield
1932,14000.0,Ahmedabad,48000.0,1.0,12.0,150.0,Bajaj
1933,70000.0,Hyderabad,8000.0,1.0,5.0,150.0,Bajaj
1934,128000.0,Coimbatore,40000.0,2.0,6.0,350.0,Royal Enfield
1935,130000.0,Bangalore,20000.0,1.0,7.0,390.0,KTM
1936,380700.0,Hyderabad,6000.0,1.0,7.0,750.0,Harley-Davidson
1937,90000.0,Jaipur,11760.0,1.0,4.0,200.0,Bajaj
1938,60000.0,Delhi,11217.0,1.0,9.0,150.0,Yamaha
1939,109000.0,Jalandhar,6200.0,1.0,4.0,350.0,Royal Enfield
1940,148000.0,Jalandhar,3000.0,1.0,3.0,350.0,Royal Enfield
1941,50000.0,Jodhpur,3400.0,1.0,3.0,100.0,Hero
1942,102850.0,Faridabad,3198.0,1.0,5.0,500.0,Royal Enfield
1943,34850.0,Mumbai,38527.0,1.0,7.0,150.0,Honda
1944,90000.0,Bangalore,16000.0,1.0,3.0,220.0,Bajaj
1945,88000.0,Sheikhpura,6600.0,1.0,2.0,200.0,Hero
1946,220000.0,Kolhapur,6700.0,1.0,4.0,390.0,KTM
1947,50000.0,Jalandhar,65718.0,1.0,4.0,110.0,Hero
1948,70000.0,Delhi,8418.0,1.0,4.0,150.0,Yamaha
1949,140000.0,Asansol,3300.0,1.0,4.0,200.0,Bajaj
1950,35000.0,Delhi,32994.0,1.0,10.0,220.0,Bajaj
1951,65000.0,Delhi,14000.0,1.0,3.0,150.0,Bajaj
1952,130000.0,Bangalore,20000.0,1.0,4.0,350.0,Royal Enfield
1953,180500.0,Delhi,5100.0,1.0,7.0,250.0,Hyosung
1954,18000.0,Lucknow,28000.0,1.0,9.0,125.0,Honda
1955,164100.0,Delhi,8000.0,1.0,2.0,500.0,Royal Enfield
1956,85000.0,Vadodara,15929.0,1.0,3.0,160.0,TVS
1957,54000.0,Ludhiana,5600.0,1.0,4.0,150.0,Yamaha
1958,28000.0,Delhi,7758.0,1.0,5.0,100.0,Bajaj
1959,28300.0,Delhi,35000.0,2.0,7.0,150.0,Yamaha
1960,23500.0,Delhi,18000.0,1.0,7.0,135.0,Bajaj
1961,30000.0,Delhi,13250.0,2.0,8.0,150.0,Yamaha
1962,94200.0,Bangalore,43500.0,1.0,13.0,500.0,Royal Enfield
1963,110000.0,Delhi,13000.0,1.0,4.0,400.0,Bajaj
1964,83000.0,Gurgaon,7400.0,1.0,4.0,200.0,TVS
1974,23300.0,Delhi,12580.0,2.0,11.0,150.0,Yamaha
1976,250000.0,Chennai,1400.0,2.0,27.0,350.0,Royal Enfield
1977,100000.0,Lucknow,27300.0,1.0,3.0,150.0,Yamaha
1979,15600.0,Bangalore,20000.0,1.0,10.0,100.0,Hero
1980,92000.0,Mumbai,12447.0,1.0,6.0,350.0,Royal Enfield
1981,70440.0,Delhi,41036.0,1.0,6.0,500.0,Royal Enfield
1982,50000.0,Delhi,12000.0,1.0,3.0,100.0,Hero
1983,160000.0,Mumbai,6218.0,1.0,3.0,250.0,KTM
1984,140000.0,Mumbai,15000.0,1.0,4.0,250.0,KTM
1992,108600.0,Pune,8600.0,1.0,4.0,150.0,Yamaha
1995,110000.0,Surat,33500.0,1.0,8.0,500.0,Royal Enfield
1999,27000.0,Bangalore,55000.0,1.0,8.0,125.0,Hero
2000,52000.0,Mumbai,1210.0,1.0,3.0,150.0,Bajaj
2001,26000.0,Delhi,28658.0,1.0,7.0,100.0,Hero
2002,123000.0,Jalandhar,8000.0,1.0,4.0,350.0,Royal Enfield
2003,135000.0,Jalandhar,3300.0,1.0,4.0,350.0,Royal Enfield
2021,228800.0,Delhi,8500.0,1.0,3.0,390.0,KTM
2022,100000.0,Delhi,7000.0,1.0,5.0,350.0,Royal Enfield
2023,90000.0,Guwahati,34000.0,1.0,7.0,250.0,Honda
2025,70000.0,Bangalore,31000.0,1.0,5.0,220.0,Bajaj
2026,71299.0,Gurgaon,32000.0,1.0,9.0,350.0,Royal Enfield
2027,98000.0,Kolkata,9855.0,1.0,5.0,350.0,Royal Enfield
2028,50000.0,Hyderabad,19400.0,1.0,10.0,350.0,Royal Enfield
2029,58000.0,Mumbai,12728.0,1.0,5.0,150.0,Honda
2030,75000.0,Pondicherry,22500.0,1.0,5.0,150.0,Honda
2031,65000.0,Delhi,17000.0,1.0,4.0,200.0,TVS
2032,32000.0,Bangalore,77000.0,1.0,9.0,150.0,Bajaj
2033,72500.0,Bangalore,5000.0,1.0,4.0,150.0,Bajaj
2034,85000.0,Sirsa,5600.0,1.0,3.0,200.0,TVS
2035,46500.0,Gurgaon,6500.0,1.0,5.0,160.0,Honda
2036,20000.0,Ghaziabad,21570.0,1.0,6.0,100.0,TVS
2037,600000.0,Surat,183.0,1.0,5.0,1000.0,Yamaha
2038,115000.0,Ludhiana,9100.0,1.0,4.0,350.0,Royal Enfield
2039,102600.0,Mumbai,21000.0,1.0,5.0,500.0,Royal Enfield
2040,63618.0,Ghaziabad,16000.0,2.0,7.0,350.0,Royal Enfield
2041,160000.0,Hyderabad,4200.0,1.0,3.0,350.0,Royal Enfield
2046,230000.0,Bangalore,10000.0,1.0,4.0,390.0,KTM
2047,136000.0,Amritsar,20200.0,1.0,5.0,350.0,Royal Enfield
2048,16000.0,Ludhiana,36500.0,1.0,13.0,180.0,Bajaj
2049,130000.0,Patna,13000.0,1.0,3.0,350.0,Royal Enfield
2050,130000.0,Bangalore,50000.0,1.0,5.0,500.0,Royal Enfield
2056,215000.0,Chennai,6000.0,1.0,4.0,390.0,KTM
2057,40000.0,Bangalore,42000.0,1.0,8.0,220.0,Bajaj
2058,16088.0,Rajkot,25000.0,1.0,12.0,150.0,Hero
2060,44400.0,Lucknow,21000.0,1.0,5.0,150.0,Bajaj
2061,56950.0,Delhi,27000.0,1.0,4.0,150.0,Yamaha
2062,60000.0,Delhi,18700.0,1.0,5.0,220.0,Bajaj
2063,101000.0,Bangalore,12800.0,1.0,8.0,500.0,Royal Enfield
2064,160000.0,Patna,13000.0,1.0,4.0,200.0,KTM
2065,21000.0,Ahmedabad,52342.0,1.0,13.0,125.0,Bajaj
2066,110000.0,Hyderabad,36000.0,1.0,4.0,400.0,Bajaj
2067,25000.0,Gurgaon,27116.0,1.0,11.0,100.0,Hero
2068,45000.0,Kolkata,9500.0,1.0,4.0,150.0,Hero
2069,70000.0,Pune,31767.0,1.0,4.0,220.0,Bajaj
2070,185000.0,Jaipur,2845.0,1.0,3.0,310.0,TVS
2071,58416.0,Delhi,13982.0,1.0,3.0,160.0,Bajaj
2072,47000.0,Chennai,49000.0,1.0,5.0,150.0,Suzuki
2073,25000.0,Bhopal,21000.0,1.0,5.0,100.0,Bajaj
2074,181200.0,Baripara,5000.0,1.0,2.0,500.0,Royal Enfield
2077,560000.0,Ahmedabad,2592.0,1.0,2.0,750.0,Harley-Davidson
2079,54800.0,Chennai,75000.0,1.0,7.0,150.0,Yamaha
2084,20400.0,Delhi,8000.0,1.0,14.0,223.0,Hero
2085,210000.0,Surat,5100.0,1.0,2.0,390.0,KTM
2086,158400.0,Patna,2100.0,1.0,4.0,500.0,Royal Enfield
2087,23000.0,Gurgaon,38790.0,1.0,7.0,100.0,Hero
2088,23000.0,Gurgaon,4130.0,1.0,5.0,100.0,Hero
2089,18000.0,Gurgaon,30000.0,1.0,10.0,100.0,Hero
2090,83000.0,Patna,26000.0,1.0,6.0,200.0,Bajaj
2091,140000.0,Godavari,16800.0,1.0,3.0,500.0,Royal Enfield
2115,49500.0,Delhi,15000.0,2.0,5.0,220.0,Bajaj
2116,38000.0,Delhi,14000.0,1.0,4.0,110.0,Hero
2117,115000.0,Delhi,18000.0,1.0,6.0,350.0,Royal Enfield
2118,120000.0,Pune,12000.0,1.0,6.0,200.0,KTM
2119,95000.0,Delhi,26000.0,2.0,9.0,350.0,Royal Enfield
2120,37000.0,Delhi,12000.0,1.0,4.0,125.0,Hero
2122,865000.0,Delhi,11000.0,1.0,3.0,1200.0,Harley-Davidson
2123,145000.0,Jalandhar,3000.0,1.0,3.0,350.0,Royal Enfield
2124,148000.0,Jalandhar,4000.0,1.0,3.0,350.0,Royal Enfield
2125,145000.0,Jalandhar,4900.0,1.0,3.0,350.0,Royal Enfield
2126,670000.0,Ajmer,1210.0,1.0,5.0,883.0,Harley-Davidson
2127,453700.0,Mumbai,3500.0,1.0,8.0,883.0,Harley-Davidson
2128,599999.0,Moradabad,800.0,1.0,5.0,883.0,Harley-Davidson
2129,70000.0,Bangalore,9500.0,1.0,5.0,150.0,Yamaha
2130,46000.0,Noida,28700.0,2.0,6.0,150.0,Yamaha
2131,38000.0,Faridabad,13170.0,1.0,3.0,100.0,Bajaj
2132,45000.0,Bangalore,45000.0,1.0,6.0,150.0,Suzuki
2133,25000.0,Navi Mumbai,26000.0,2.0,12.0,150.0,Yamaha
2134,187000.0,Delhi,14800.0,1.0,3.0,310.0,TVS
2135,185000.0,Pune,14870.0,1.0,3.0,310.0,TVS
2136,35000.0,Pune,33172.0,1.0,8.0,100.0,Hero
2137,57000.0,Pune,6518.0,1.0,2.0,110.0,Honda
2138,123000.0,Pune,5319.0,1.0,3.0,200.0,Bajaj
2139,20400.0,Jhansi,26000.0,1.0,8.0,100.0,Bajaj
2140,23000.0,Delhi,32000.0,1.0,8.0,100.0,Bajaj
2141,37000.0,Delhi,25000.0,1.0,7.0,150.0,Yamaha
2142,71000.0,Delhi,11000.0,2.0,10.0,350.0,Royal Enfield
2143,70000.0,Delhi,7000.0,2.0,3.0,180.0,TVS
2144,32000.0,Pune,30042.0,1.0,10.0,180.0,Bajaj
2145,62700.0,Mumbai,5678.0,,9.0,250.0,Honda
2146,85990.0,Raipur,19000.0,4.0,37.0,350.0,Royal Enfield
2147,46000.0,Pune,39000.0,2.0,10.0,150.0,Hero
2148,135000.0,Gurgaon,19926.0,2.0,7.0,500.0,Royal Enfield
2149,16500.0,Mumbai,26835.0,1.0,15.0,125.0,Honda
2150,65000.0,Mumbai,15000.0,1.0,4.0,160.0,Honda
2151,55555.0,Navsari,9600.0,1.0,3.0,110.0,Hero
2157,1170000.0,Pune,31500.0,1.0,5.0,800.0,Triumph
2158,150000.0,Herbertpur,15000.0,1.0,9.0,500.0,Royal Enfield
2159,152200.0,Kolkata,7000.0,1.0,2.0,200.0,KTM
2160,124999.0,Faridabad,15000.0,1.0,5.0,410.0,Royal Enfield
2161,180500.0,Jamshedpur,2200.0,1.0,3.0,310.0,TVS
2162,42000.0,Pune,20675.0,1.0,7.0,125.0,Honda
2164,939200.0,Bangalore,5700.0,1.0,3.0,883.0,Harley-Davidson
2167,19000.0,Jodhpur,33018.0,1.0,9.0,100.0,Hero
2168,96100.0,Chennai,9800.0,1.0,6.0,350.0,Royal Enfield
2169,40000.0,Chennai,31003.0,1.0,7.0,150.0,Yamaha
2170,120000.0,Kanpur,15000.0,1.0,5.0,350.0,Royal Enfield
2171,46300.0,Ramanagar,32000.0,2.0,6.0,200.0,Bajaj
2172,799999.0,Gurgaon,16000.0,1.0,11.0,1000.0,Honda
2173,39000.0,Faridabad,8491.0,1.0,2.0,100.0,Bajaj
2174,73200.0,Mumbai,25000.0,1.0,2.0,125.0,Honda
2177,39000.0,Pune,49073.0,1.0,5.0,180.0,Bajaj
2178,65000.0,Thane,2164.0,1.0,4.0,220.0,Bajaj
2179,31000.0,Faridabad,12315.0,1.0,5.0,150.0,Bajaj
2180,98600.0,Mumbai,15500.0,1.0,6.0,200.0,KTM
2181,20000.0,Ahmedabad,37734.0,1.0,10.0,100.0,Bajaj
2182,46500.0,Ahmedabad,30600.0,2.0,9.0,150.0,Yamaha
2183,27000.0,Chandigarh,15200.0,1.0,6.0,110.0,Mahindra
2184,135000.0,Chennai,7840.0,1.0,3.0,250.0,KTM
2185,43500.0,Jaipur,18346.0,1.0,2.0,110.0,Bajaj
2186,75000.0,Delhi,25754.0,1.0,7.0,390.0,KTM
2188,90000.0,Mumbai,30000.0,1.0,7.0,390.0,KTM
2189,35000.0,Jalandhar,53000.0,1.0,4.0,100.0,Hero
2190,67000.0,Delhi,45000.0,1.0,10.0,350.0,Royal Enfield
2192,710000.0,Berhampur,14500.0,1.0,3.0,900.0,Kawasaki
2197,55000.0,Kolkata,29000.0,1.0,7.0,220.0,Bajaj
2198,100000.0,Solapur,6500.0,1.0,5.0,150.0,Honda
2199,32702.0,Ernakulam,12356.0,1.0,4.0,125.0,Honda
2200,23000.0,Delhi,11565.0,1.0,9.0,223.0,Hero
2201,60000.0,Thane,15000.0,1.0,6.0,220.0,Bajaj
2202,450000.0,Mumbai,13000.0,1.0,5.0,600.0,Benelli
2203,92500.0,Mumbai,21407.0,2.0,5.0,410.0,Royal Enfield
2204,30000.0,Bangalore,54500.0,1.0,9.0,160.0,TVS
2205,10000.0,Ghaziabad,61145.0,2.0,10.0,100.0,Hero
2206,99000.0,Gurgaon,17750.0,1.0,6.0,535.0,Royal Enfield
2207,61000.0,Kolkata,12050.0,1.0,5.0,160.0,Honda
2208,120000.0,Vadodara,32000.0,1.0,5.0,350.0,Royal Enfield
2209,30000.0,Surat,38385.0,1.0,11.0,125.0,Hero
2210,73000.0,Delhi,7000.0,1.0,9.0,200.0,KTM
2212,34000.0,Mumbai,20812.0,1.0,5.0,110.0,Honda
2213,23000.0,Durg,50000.0,1.0,11.0,100.0,Hero
2214,80000.0,Hyderabad,4500.0,1.0,3.0,160.0,Honda
2215,15000.0,Udaipur,90000.0,1.0,16.0,100.0,Hero
2216,30000.0,Chennai,44000.0,1.0,7.0,100.0,Hero
2217,70500.0,Chennai,15600.0,1.0,4.0,150.0,Bajaj
2218,15000.0,Thane,10000.0,1.0,16.0,100.0,Hero
2219,120000.0,Thane,15000.0,1.0,4.0,200.0,KTM
2220,89000.0,Vijayawada,600.0,1.0,3.0,200.0,Bajaj
2221,15000.0,Ahmedabad,34710.0,,14.0,150.0,Bajaj
2222,160000.0,Delhi,13400.0,1.0,4.0,390.0,KTM
2223,95000.0,Delhi,8200.0,2.0,6.0,200.0,KTM
2224,14000.0,Ghaziabad,79305.0,1.0,11.0,150.0,Hero
2225,125000.0,Pune,10312.0,1.0,4.0,410.0,Royal Enfield
2226,58742.0,Delhi,11068.0,1.0,3.0,200.0,TVS
2227,102500.0,Ludhiana,16771.0,1.0,6.0,350.0,Royal Enfield
2228,280000.0,Mumbai,5000.0,1.0,2.0,650.0,Royal Enfield
2229,230000.0,Delhi,7800.0,1.0,8.0,650.0,Hyosung
2230,82000.0,Mumbai,3500.0,1.0,4.0,160.0,Bajaj
2231,46000.0,Chennai,7840.0,1.0,5.0,150.0,Bajaj
2232,90600.0,Gurgaon,8970.0,1.0,4.0,250.0,Honda
2233,81100.0,Faridabad,21000.0,1.0,7.0,350.0,Royal Enfield
2234,30000.0,Pune,19976.0,1.0,11.0,100.0,Hero
2235,29500.0,Mumbai,25000.0,1.0,7.0,100.0,Bajaj
2236,185000.0,Chennai,17000.0,1.0,3.0,310.0,TVS
2243,34500.0,Mumbai,25341.0,1.0,8.0,135.0,Bajaj
2244,550000.0,Bangalore,25536.0,1.0,7.0,865.0,Triumph
2247,62000.0,Pune,17100.0,1.0,4.0,160.0,Honda
2253,90950.0,Hyderabad,26100.0,1.0,7.0,500.0,Royal Enfield
2254,70000.0,Godhara,26000.0,1.0,8.0,150.0,Honda
2255,115000.0,Mumbai,14900.0,1.0,5.0,500.0,Royal Enfield
2256,36500.0,Chennai,10658.0,1.0,5.0,100.0,Hero
2258,42000.0,Faridabad,9396.0,1.0,3.0,125.0,Honda
2259,120000.0,Bangalore,20000.0,1.0,5.0,410.0,Royal Enfield
2260,32000.0,Pune,20925.0,1.0,9.0,100.0,Hero
2261,24000.0,Gurgaon,23244.0,1.0,5.0,110.0,TVS
2262,25000.0,Gurgaon,46411.0,1.0,6.0,125.0,Hero
2263,499000.0,Mumbai,8000.0,1.0,2.0,650.0,Kawasaki
2264,600000.0,Faridabad,152.0,1.0,5.0,1000.0,Yamaha
2265,85000.0,Mumbai,300.0,,24.0,135.0,Yamaha
2266,250000.0,Jalandhar,12000.0,1.0,4.0,302.0,Benelli
2267,500000.0,Coimbatore,182.0,1.0,3.0,900.0,Kawasaki
2268,35999.0,Ahmedabad,16000.0,1.0,5.0,180.0,TVS
2269,130000.0,Bangalore,15000.0,1.0,4.0,400.0,Bajaj
2270,25000.0,Satara,15000.0,1.0,5.0,100.0,Hero
2271,54000.0,Surat,7658.0,1.0,4.0,125.0,Honda
2272,395000.0,Mumbai,2500.0,2.0,4.0,750.0,Harley-Davidson
2273,35000.0,Delhi,14400.0,1.0,8.0,160.0,TVS
2274,82800.0,Jaipur,6500.0,1.0,3.0,150.0,Yamaha
2275,28500.0,Ahmedabad,26452.0,1.0,10.0,220.0,Bajaj
2276,151300.0,Sonipat,14000.0,1.0,2.0,350.0,Royal Enfield
2277,131000.0,Murad Nagar,8700.0,1.0,4.0,410.0,Royal Enfield
2278,40000.0,Pune,50000.0,1.0,12.0,150.0,Yamaha
2279,126000.0,Bangalore,22000.0,1.0,3.0,300.0,Mahindra
2280,100000.0,Ahmedabad,33500.0,1.0,5.0,350.0,Royal Enfield
2281,120000.0,Mumbai,22000.0,1.0,5.0,350.0,Royal Enfield
2282,20300.0,Jhansi,28000.0,2.0,6.0,125.0,Bajaj
2283,156000.0,Pune,6517.0,1.0,2.0,350.0,Royal Enfield
2284,800000.0,Varanasi,300.0,1.0,6.0,1000.0,Honda
2285,28000.0,Patna,61000.0,2.0,13.0,150.0,Hero
2286,500000.0,Solapur,8000.0,2.0,14.0,600.0,Honda
2287,29156.0,Gurgaon,20127.0,1.0,4.0,150.0,Bajaj
2288,1220000.0,Pune,4400.0,2.0,5.0,959.0,Ducati
2289,56000.0,Ahmednagar,42500.0,1.0,6.0,220.0,Bajaj
2290,68000.0,Bangalore,17000.0,1.0,5.0,150.0,Yamaha
2291,625000.0,Delhi,3000.0,1.0,4.0,797.0,Ducati
2292,680000.0,Ahmedabad,16000.0,1.0,10.0,1200.0,Ducati
2293,24000.0,Ludhiana,15500.0,1.0,11.0,100.0,Hero
2294,700000.0,Aurangabad,183.0,1.0,3.0,1000.0,Suzuki
2295,180800.0,Bagalkot,32000.0,1.0,4.0,390.0,KTM
2296,30000.0,Pune,24936.0,1.0,10.0,125.0,Honda
2297,28000.0,Pune,6231.0,1.0,11.0,125.0,Honda
2298,20100.0,Chennai,66000.0,1.0,12.0,100.0,Hero
2299,10000.0,Chennai,646000.0,1.0,24.0,100.0,Hero
2300,950000.0,Mumbai,312.0,1.0,8.0,1300.0,Suzuki
2301,1250000.0,Chandrapur,3800.0,1.0,7.0,1300.0,Suzuki
2302,19542.0,Jaipur,56592.0,1.0,9.0,160.0,TVS
2303,22800.0,Delhi,19800.0,1.0,8.0,110.0,Honda
2304,101100.0,Delhi,14000.0,1.0,6.0,350.0,Royal Enfield
2305,32000.0,Gurgaon,19000.0,1.0,4.0,110.0,Hero
2306,30000.0,Gurgaon,26000.0,1.0,4.0,100.0,Hero
2307,27500.0,Hyderabad,76000.0,1.0,10.0,150.0,Yamaha
2308,35000.0,Mumbai,9000.0,2.0,6.0,160.0,Honda
2309,125000.0,Delhi,1500.0,1.0,2.0,150.0,Yamaha
2310,66200.0,Delhi,3400.0,1.0,10.0,500.0,Royal Enfield
2311,50900.0,Kolkata,38800.0,1.0,5.0,220.0,Bajaj
2312,335000.0,Bangalore,3700.0,1.0,4.0,250.0,Hyosung
2318,575000.0,Delhi,6000.0,1.0,4.0,899.0,Benelli
2319,135000.0,Bangalore,14171.0,1.0,3.0,350.0,Royal Enfield
2320,39000.0,Jaipur,20700.0,1.0,5.0,100.0,Hero
2321,33000.0,Jaipur,22518.0,1.0,5.0,100.0,Hero
2324,47500.0,Mumbai,38311.0,2.0,4.0,180.0,TVS
2325,92000.0,Mumbai,4500.0,1.0,2.0,200.0,TVS
2326,84300.0,Hyderabad,15000.0,1.0,8.0,200.0,KTM
2327,85000.0,Gurgaon,10000.0,1.0,6.0,350.0,Royal Enfield
2328,120000.0,Hyderabad,15000.0,1.0,5.0,410.0,Royal Enfield
2329,53900.0,Mumbai,25000.0,1.0,5.0,220.0,Bajaj
2330,18000.0,Bangalore,28000.0,2.0,12.0,150.0,Yamaha
2331,94836.0,Jamtara,8000.0,1.0,5.0,535.0,Royal Enfield
2332,265000.0,Delhi,8500.0,1.0,2.0,650.0,Royal Enfield
2333,70000.0,Noida,17000.0,1.0,5.0,220.0,Bajaj
2334,380000.0,Chennai,30000.0,1.0,9.0,796.0,Ducati
2336,69000.0,Bangalore,62000.0,1.0,9.0,150.0,Honda
2337,24000.0,Delhi,14000.0,1.0,11.0,150.0,Yamaha
2344,68000.0,Bangalore,14497.0,1.0,5.0,200.0,TVS
2345,145000.0,Mumbai,12000.0,1.0,3.0,350.0,Royal Enfield
2346,24000.0,Delhi,25683.0,1.0,9.0,100.0,Hero
2347,21000.0,Delhi,22000.0,1.0,11.0,110.0,Honda
2348,36000.0,Delhi,17225.0,1.0,4.0,100.0,Hero
2349,48000.0,Chennai,7119.0,1.0,2.0,110.0,Honda
2350,92000.0,Pune,17400.0,1.0,9.0,350.0,Royal Enfield
2351,98000.0,Chennai,19033.0,1.0,5.0,350.0,Royal Enfield
2352,19500.0,Ludhiana,45000.0,1.0,11.0,100.0,Hero
2353,17000.0,Ludhiana,45000.0,1.0,9.0,100.0,Bajaj
2354,50000.0,Bangalore,28000.0,1.0,7.0,150.0,Yamaha
2355,20000.0,Ahmedabad,36000.0,1.0,10.0,150.0,Bajaj
2356,205000.0,Delhi,14000.0,1.0,3.0,310.0,TVS
2357,95000.0,Pune,23000.0,1.0,7.0,350.0,Royal Enfield
2358,55000.0,Pune,32011.0,1.0,11.0,150.0,Yamaha
2359,86000.0,Delhi,6000.0,1.0,3.0,180.0,TVS
2360,54000.0,Delhi,6000.0,1.0,2.0,110.0,TVS
2361,132000.0,Pune,9648.0,1.0,4.0,350.0,Royal Enfield
2362,62000.0,Pune,16128.0,1.0,4.0,150.0,Bajaj
2363,55000.0,Pune,13157.0,,5.0,220.0,Bajaj
2364,35000.0,Pune,19411.0,1.0,9.0,160.0,TVS
2371,45000.0,Gurgaon,40000.0,2.0,20.0,350.0,Royal Enfield
2372,23500.0,Delhi,8000.0,1.0,9.0,150.0,Yamaha
2389,41000.0,Delhi,20000.0,1.0,6.0,220.0,Bajaj
2390,30000.0,Bangalore,28524.0,,8.0,150.0,Honda
2391,72000.0,Pune,13000.0,1.0,3.0,180.0,Bajaj
2392,50000.0,Pune,37246.0,1.0,6.0,150.0,Yamaha
2397,107300.0,Ludhiana,2500.0,1.0,5.0,200.0,Bajaj
2399,28000.0,Pune,20108.0,1.0,10.0,100.0,Hero
2400,25000.0,Pune,22728.0,1.0,11.0,125.0,Hero
2403,540000.0,Mumbai,27000.0,1.0,4.0,883.0,Harley-Davidson
2404,120000.0,Chennai,10536.0,2.0,4.0,250.0,KTM
2405,160000.0,Delhi,2412.0,1.0,4.0,400.0,Bajaj
2406,65000.0,Bangalore,2750.0,1.0,2.0,125.0,Honda
2407,145000.0,Delhi,10800.0,2.0,6.0,250.0,Kawasaki
2408,180000.0,Uppidamangalam,180.0,1.0,4.0,300.0,Kawasaki
2409,33000.0,Delhi,25000.0,1.0,5.0,125.0,Honda
2410,106100.0,Noida,11000.0,1.0,6.0,200.0,Bajaj
2411,35000.0,Bangalore,43000.0,1.0,9.0,220.0,Bajaj
2412,175000.0,Noida,7000.0,1.0,4.0,500.0,Royal Enfield
2413,165073.0,Thrissur,18000.0,1.0,5.0,500.0,Royal Enfield
2414,13700.0,Palakkad,75000.0,1.0,16.0,150.0,Honda
2415,85000.0,Delhi,11496.0,1.0,2.0,160.0,TVS
2416,54000.0,Nalagarh,5000.0,1.0,5.0,220.0,Bajaj
2417,70000.0,Delhi,9799.0,1.0,4.0,220.0,Bajaj
2418,25000.0,Nagpur,48785.0,1.0,14.0,180.0,Bajaj
2419,9000.0,Una,42945.0,1.0,15.0,100.0,Bajaj
2420,56000.0,Bangalore,32987.0,1.0,4.0,150.0,Bajaj
2421,13000.0,Ahmedabad,45466.0,2.0,14.0,125.0,Hero
2422,80000.0,Bangalore,45380.0,1.0,6.0,200.0,Bajaj
2423,82000.0,Rohtak,30000.0,2.0,12.0,350.0,Royal Enfield
2424,190000.0,Mysore,4800.0,1.0,4.0,500.0,Royal Enfield
2425,60000.0,Thane,3500.0,1.0,6.0,220.0,Bajaj
2426,118000.0,Chennai,13500.0,1.0,5.0,350.0,Royal Enfield
2427,32500.0,Delhi,16000.0,1.0,6.0,125.0,Bajaj
2428,60600.0,Hyderabad,7200.0,1.0,6.0,220.0,Bajaj
2429,112400.0,Bangalore,12000.0,1.0,6.0,200.0,Bajaj
2430,99999.0,Bangalore,20500.0,1.0,6.0,200.0,Bajaj
2431,141500.0,Bangalore,4200.0,1.0,5.0,500.0,Royal Enfield
2432,140000.0,Rajkot,8300.0,1.0,4.0,350.0,Royal Enfield
2433,50000.0,Rajkot,14892.0,1.0,4.0,100.0,Hero
2434,75000.0,Rajkot,10000.0,1.0,5.0,220.0,Bajaj
2435,50000.0,Delhi,15000.0,1.0,5.0,150.0,Bajaj
2436,69000.0,Gandhidham,41000.0,1.0,8.0,150.0,Honda
2437,33400.0,Delhi,18300.0,1.0,6.0,150.0,Bajaj
2438,34400.0,Ghaziabad,36000.0,1.0,6.0,125.0,Honda
2439,124000.0,Mumbai,4600.0,1.0,7.0,500.0,Royal Enfield
2440,104000.0,Delhi,29100.0,1.0,7.0,350.0,Royal Enfield
2441,47000.0,Delhi,10000.0,1.0,5.0,110.0,Hero
2442,39000.0,Mumbai,36850.0,1.0,8.0,110.0,Hero
2443,100000.0,Delhi,46000.0,1.0,7.0,350.0,Royal Enfield
2444,38000.0,Gurgaon,28000.0,1.0,9.0,150.0,Bajaj
2445,80000.0,Chakan,2400.0,1.0,4.0,150.0,Bajaj
2446,32000.0,Gurdaspur,35000.0,1.0,7.0,125.0,Honda
2447,65000.0,Ghaziabad,15000.0,1.0,5.0,180.0,TVS
2448,73500.0,Ahmedabad,62000.0,1.0,9.0,350.0,Royal Enfield
2449,43100.0,Delhi,20000.0,1.0,7.0,150.0,Yamaha
2450,106700.0,Delhi,14500.0,1.0,7.0,350.0,Royal Enfield
2451,105800.0,Bangalore,27000.0,1.0,6.0,350.0,Royal Enfield
2452,35000.0,Jaipur,23430.0,1.0,7.0,100.0,Hero
2453,125000.0,Idukki,27000.0,1.0,7.0,500.0,Royal Enfield
2454,65000.0,Pune,26000.0,1.0,7.0,150.0,Bajaj
2455,120000.0,Bangalore,18300.0,1.0,7.0,350.0,Royal Enfield
2456,90000.0,Bangalore,610.0,1.0,3.0,150.0,Suzuki
2457,107300.0,Pune,16000.0,1.0,9.0,500.0,Royal Enfield
2458,57000.0,Shivpuri,7000.0,1.0,4.0,125.0,Hero
2459,19900.0,Delhi,28300.0,1.0,15.0,223.0,Hero
2460,140000.0,Ghaziabad,640.0,1.0,4.0,200.0,Bajaj
2461,58000.0,Arkalgud,20222.0,1.0,5.0,150.0,Bajaj
2462,21000.0,Ahmedabad,54105.0,1.0,9.0,110.0,Honda
2463,125000.0,Pune,10300.0,1.0,4.0,350.0,Royal Enfield
2464,55000.0,Kolkata,89000.0,1.0,5.0,160.0,Honda
2465,140000.0,Ernakulam,10000.0,1.0,3.0,500.0,Royal Enfield
2466,101700.0,Gurgaon,20600.0,1.0,6.0,350.0,Royal Enfield
2467,90000.0,Bangalore,5000.0,1.0,4.0,200.0,TVS
2468,40000.0,Ghaziabad,14526.0,1.0,10.0,150.0,Yamaha
2469,50000.0,Mumbai,39037.0,1.0,5.0,150.0,Bajaj
2470,110000.0,Thane,11149.0,1.0,3.0,250.0,Yamaha
2471,110000.0,Bangalore,17200.0,1.0,6.0,350.0,Royal Enfield
2472,32500.0,Bangalore,42500.0,1.0,12.0,150.0,Yamaha
2473,110000.0,Bidar,22400.0,1.0,6.0,350.0,Royal Enfield
2474,35000.0,Rupnagar,11000.0,1.0,4.0,150.0,Bajaj
2475,46400.0,Indore,9500.0,1.0,3.0,125.0,Bajaj
2476,84200.0,Delhi,21000.0,1.0,7.0,350.0,Royal Enfield
2477,150000.0,Hyderabad,35595.0,1.0,3.0,500.0,Royal Enfield
2478,18800.0,Delhi,46000.0,1.0,12.0,135.0,Bajaj
2479,47167.0,Delhi,4664.0,1.0,2.0,100.0,Hero
2480,120000.0,Mumbai,10500.0,1.0,6.0,200.0,KTM
2481,110000.0,Karnal,14000.0,1.0,5.0,350.0,Royal Enfield
2482,87000.0,Bangalore,15334.0,1.0,6.0,200.0,Bajaj
2483,31100.0,Kolhapur,11500.0,2.0,9.0,220.0,Bajaj
2484,40000.0,Chennai,7500.0,1.0,5.0,110.0,TVS
2485,40000.0,Bangalore,26500.0,1.0,9.0,150.0,Yamaha
2486,132100.0,Chennai,29000.0,1.0,5.0,500.0,Royal Enfield
2487,200000.0,Pune,3594.0,1.0,3.0,310.0,TVS
2488,190000.0,Pune,4136.0,1.0,3.0,310.0,TVS
2489,110000.0,Bhubaneshwar,25000.0,1.0,4.0,400.0,Bajaj
2490,35000.0,Delhi,22000.0,1.0,8.0,150.0,Yamaha
2491,40000.0,Gurgaon,5080.0,1.0,4.0,110.0,Honda
2492,80000.0,Pune,16296.0,1.0,5.0,220.0,Bajaj
2493,27800.0,Ahmedabad,35552.0,1.0,4.0,110.0,TVS
2494,39900.0,Bangalore,15000.0,1.0,3.0,100.0,TVS
2495,55500.0,Gautam Buddha Nagar,17729.0,1.0,4.0,125.0,Hero
2496,90000.0,Ghaziabad,14000.0,1.0,7.0,250.0,Honda
2497,65000.0,Ghaziabad,2780.0,1.0,2.0,110.0,Honda
2498,55000.0,Jodhpur,25000.0,,8.0,150.0,Honda
2499,125000.0,Gautam Buddha Nagar,21057.0,2.0,5.0,500.0,Royal Enfield
2500,38000.0,Patiala,14000.0,1.0,8.0,150.0,Honda
2501,20000.0,Delhi,41781.0,1.0,9.0,100.0,Bajaj
2502,59000.0,Delhi,18083.0,1.0,5.0,220.0,Bajaj
2503,15000.0,Ahmedabad,78000.0,1.0,13.0,100.0,Hero
2504,38700.0,Delhi,35500.0,1.0,7.0,150.0,Suzuki
2505,105000.0,Deoghar,9000.0,1.0,4.0,150.0,Yamaha
2506,42400.0,Chennai,17000.0,1.0,5.0,125.0,Honda
2507,37000.0,Delhi,53500.0,1.0,8.0,150.0,Yamaha
2508,35000.0,Delhi,15200.0,1.0,10.0,220.0,Bajaj
2509,20000.0,Delhi,49500.0,1.0,8.0,125.0,Bajaj
2510,21200.0,Kanchipuram,25000.0,1.0,10.0,150.0,Yamaha
2511,25000.0,Amritsar,32000.0,1.0,7.0,100.0,Bajaj
2512,65000.0,Mumbai,22000.0,1.0,8.0,150.0,Yamaha
2513,24000.0,Delhi,16000.0,1.0,8.0,125.0,Honda
2514,52000.0,Chandigarh,6000.0,1.0,5.0,150.0,Hero
2515,38000.0,Bhopal,36000.0,1.0,5.0,110.0,TVS
2516,160000.0,Delhi,7965.0,1.0,6.0,390.0,KTM
2517,95000.0,Faridabad,16250.0,1.0,7.0,350.0,Royal Enfield
2518,32500.0,Delhi,12045.0,1.0,5.0,100.0,Hero
2519,109400.0,Delhi,22550.0,1.0,6.0,350.0,Royal Enfield
2520,100000.0,Chennai,22000.0,1.0,7.0,500.0,Royal Enfield
2521,34000.0,Jaipur,39000.0,1.0,9.0,150.0,Yamaha
2522,260000.0,Vapi,1500.0,1.0,2.0,390.0,KTM
2523,103700.0,Guwahati,26125.0,1.0,6.0,350.0,Royal Enfield
2524,90000.0,Navsari,24072.0,1.0,5.0,200.0,KTM
2525,30000.0,Ghaziabad,13452.0,1.0,8.0,100.0,Hero
2526,550000.0,Gautam Buddha Nagar,11455.0,1.0,6.0,883.0,Harley-Davidson
2527,30000.0,Bangalore,49000.0,1.0,11.0,150.0,Honda
2528,115000.0,Thane,7247.0,2.0,6.0,535.0,Royal Enfield
2529,51000.0,Medak,24000.0,1.0,4.0,150.0,Yamaha
2530,80000.0,Delhi,11004.0,1.0,7.0,250.0,Honda
2531,105000.0,Chennai,26000.0,1.0,5.0,350.0,Royal Enfield
2532,138000.0,Kasargode,6500.0,1.0,3.0,350.0,Royal Enfield
2533,136424.0,Dhanbad,16000.0,1.0,3.0,350.0,Royal Enfield
2534,172000.0,Howrah,50926.0,1.0,6.0,390.0,KTM
2535,107000.0,Delhi,9100.0,1.0,5.0,200.0,Bajaj
2536,110000.0,Guwahati,24500.0,1.0,5.0,500.0,Royal Enfield
2537,115000.0,Ahmedabad,21651.0,1.0,9.0,500.0,Royal Enfield
2538,32000.0,Delhi,35984.0,1.0,8.0,100.0,Hero
2539,140000.0,Delhi,23444.0,1.0,4.0,500.0,Royal Enfield
2540,81865.0,Pune,36000.0,1.0,15.0,350.0,Royal Enfield
2541,135000.0,Thane,28969.0,1.0,5.0,500.0,Royal Enfield
2542,50000.0,Delhi,9718.0,1.0,5.0,150.0,Bajaj
2543,26800.0,Ghaziabad,37248.0,1.0,11.0,220.0,Bajaj
2544,153400.0,Vadodara,8600.0,1.0,5.0,500.0,Royal Enfield
2545,220500.0,Dakshina Kannada,10000.0,1.0,4.0,300.0,Benelli
2546,60000.0,Delhi,30591.0,2.0,8.0,350.0,Royal Enfield
2547,18500.0,Ganaur,30000.0,1.0,9.0,100.0,Hero
2548,50000.0,Delhi,32276.0,2.0,5.0,220.0,Bajaj
2549,35000.0,Kanchipuram,60000.0,1.0,7.0,220.0,Bajaj
2550,130000.0,Faridabad,11191.0,1.0,4.0,500.0,Royal Enfield
2551,36000.0,Gurgaon,9177.0,1.0,5.0,150.0,Bajaj
2552,75000.0,Ahmedabad,18096.0,1.0,5.0,220.0,Bajaj
2553,17000.0,Ahmedabad,47204.0,1.0,13.0,135.0,Bajaj
2554,123800.0,Jamalpur,2600.0,1.0,4.0,350.0,Royal Enfield
2555,99650.0,Chennai,27235.0,1.0,4.0,350.0,Royal Enfield
2556,94000.0,Mumbai,13779.0,1.0,6.0,500.0,Royal Enfield
2557,70000.0,Bangalore,16575.0,1.0,4.0,160.0,TVS
2558,62000.0,Bangalore,17547.0,1.0,4.0,220.0,Bajaj
2559,22000.0,Gurgaon,58706.0,1.0,8.0,180.0,Bajaj
2560,105000.0,Kanchipuram,1800.0,1.0,2.0,150.0,Yamaha
2561,47000.0,Gurgaon,16873.0,1.0,5.0,150.0,Bajaj
2562,34000.0,Ghaziabad,40976.0,1.0,5.0,150.0,Bajaj
2563,88000.0,Bangalore,610.0,1.0,4.0,220.0,Bajaj
2564,13200.0,Delhi,37000.0,1.0,13.0,125.0,Honda
2565,100000.0,Bangalore,25555.0,2.0,5.0,350.0,Royal Enfield
2566,100000.0,Bangalore,39645.0,1.0,6.0,350.0,Royal Enfield
2567,15500.0,Delhi,61841.0,1.0,10.0,150.0,Yamaha
2568,135000.0,Delhi,15559.0,1.0,3.0,350.0,Royal Enfield
2569,21000.0,Amraoti,25000.0,1.0,8.0,125.0,Bajaj
2570,39000.0,Kanchipuram,25600.0,2.0,7.0,220.0,Bajaj
2571,22000.0,Gautam Buddha Nagar,44496.0,1.0,11.0,150.0,Bajaj
2572,110000.0,Pune,16000.0,2.0,5.0,200.0,Bajaj
2573,55000.0,Delhi,42585.0,1.0,5.0,220.0,Bajaj
2574,62000.0,Delhi,23185.0,1.0,4.0,160.0,TVS
2575,26000.0,Delhi,23188.0,1.0,6.0,110.0,Honda
2576,150000.0,Hyderabad,3208.0,1.0,4.0,350.0,Royal Enfield
2577,50000.0,Delhi,11047.0,1.0,3.0,110.0,Honda
2578,11000.0,Bangalore,51805.0,1.0,15.0,125.0,Bajaj
2579,40300.0,Mangalore,26000.0,1.0,6.0,150.0,Yamaha
2580,48000.0,Gautam Buddha Nagar,5233.0,1.0,5.0,150.0,Bajaj
2581,185000.0,Delhi,1400.0,1.0,5.0,390.0,KTM
2582,13000.0,Ahmedabad,70142.0,1.0,10.0,100.0,Bajaj
2583,35000.0,Deolali,14000.0,1.0,8.0,220.0,Bajaj
2584,49999.0,Delhi,20000.0,2.0,6.0,180.0,TVS
2585,82500.0,Bangalore,31500.0,1.0,3.0,150.0,Suzuki
2586,40000.0,Surat,29890.0,1.0,6.0,220.0,Bajaj
2587,35000.0,Faridabad,19000.0,1.0,9.0,150.0,Yamaha
2588,25000.0,Delhi,98971.0,1.0,8.0,150.0,Honda
2589,111200.0,Pune,6832.0,1.0,4.0,400.0,Bajaj
2590,71000.0,Delhi,14802.0,1.0,3.0,150.0,Suzuki
2591,92000.0,Gandhinagar,25000.0,2.0,5.0,350.0,Royal Enfield
2592,36900.0,Jhansi,12000.0,1.0,4.0,100.0,Hero
2593,17000.0,Jhansi,35000.0,,10.0,125.0,Honda
2594,37300.0,Jhansi,13000.0,2.0,4.0,100.0,Hero
2595,16000.0,Gurgaon,42107.0,2.0,10.0,135.0,Bajaj
2596,78000.0,Thane,9700.0,1.0,7.0,150.0,Honda
2597,97200.0,Delhi,20700.0,1.0,10.0,250.0,Honda
2598,21000.0,Delhi,35710.0,1.0,8.0,125.0,Honda
2599,445600.0,Jaipur,1500.0,1.0,5.0,750.0,Harley-Davidson
2600,95000.0,Thane,4300.0,1.0,5.0,200.0,Bajaj
2601,25000.0,Delhi,40000.0,1.0,8.0,125.0,Honda
2602,170000.0,Chitradurga,9200.0,1.0,4.0,400.0,Bajaj
2603,100000.0,Chinchwad,15618.0,1.0,5.0,150.0,Honda
2604,118000.0,Delhi,2350.0,1.0,2.0,300.0,Mahindra
2605,525000.0,Mumbai,6000.0,1.0,4.0,650.0,Kawasaki
2606,550000.0,Bangalore,8000.0,1.0,3.0,650.0,Kawasaki
2607,34000.0,Jaipur,21775.0,1.0,6.0,100.0,Hero
2608,54000.0,Mumbai,19334.0,1.0,4.0,150.0,Suzuki
2609,82000.0,Ranchi,4200.0,1.0,4.0,150.0,Suzuki
2610,98000.0,Delhi,9816.0,2.0,5.0,350.0,Royal Enfield
2611,95000.0,Chandigarh,20069.0,2.0,6.0,350.0,Royal Enfield
2612,350000.0,Mumbai,14482.0,1.0,2.0,310.0,BMW
2613,25500.0,Jaipur,22793.0,1.0,6.0,125.0,Bajaj
2614,31000.0,Jaipur,31282.0,1.0,6.0,110.0,Honda
2615,237200.0,Chennai,3400.0,1.0,3.0,390.0,KTM
2616,120000.0,Bangalore,16400.0,1.0,7.0,350.0,Royal Enfield
2617,127000.0,Indore,16000.0,1.0,6.0,350.0,Royal Enfield
2618,35000.0,Kanchipuram,57000.0,1.0,7.0,180.0,Bajaj
2619,42500.0,Bangalore,50788.0,1.0,12.0,223.0,Hero
2620,30000.0,Delhi,53301.0,1.0,9.0,125.0,Hero
2621,30000.0,Lucknow,50000.0,1.0,8.0,150.0,Honda
2622,19500.0,Gurgaon,48101.0,1.0,6.0,100.0,Bajaj
2623,105200.0,Bhubaneshwar,20000.0,1.0,4.0,350.0,Royal Enfield
2624,17000.0,Noida,100000.0,2.0,11.0,150.0,Yamaha
2625,160000.0,Bangalore,10000.0,1.0,2.0,350.0,Royal Enfield
2626,80000.0,Ratnagiri,13260.0,2.0,5.0,350.0,Royal Enfield
2627,33000.0,Jhajjar,57000.0,,10.0,150.0,Yamaha
2628,16400.0,Chennai,55000.0,2.0,11.0,150.0,Bajaj
2629,46000.0,Delhi,1656.0,1.0,6.0,220.0,Bajaj
2630,125000.0,Gurgaon,3841.0,1.0,3.0,350.0,Royal Enfield
2631,50000.0,Delhi,11584.0,1.0,2.0,110.0,Hero
2632,114000.0,Delhi,31216.0,1.0,5.0,500.0,Royal Enfield
2633,25000.0,Ghaziabad,26460.0,1.0,8.0,110.0,Mahindra
2634,135000.0,Mumbai,9324.0,1.0,4.0,400.0,Bajaj
2635,55000.0,Hyderabad,3607.0,1.0,4.0,125.0,Hero
2636,89000.0,Hyderabad,48602.0,1.0,9.0,350.0,Royal Enfield
2637,19000.0,Delhi,23588.0,1.0,12.0,100.0,Hero
2638,52000.0,Delhi,31782.0,1.0,6.0,220.0,Bajaj
2639,28000.0,Ghaziabad,32041.0,1.0,5.0,125.0,Hero
2640,89900.0,Hyderabad,6000.0,1.0,4.0,150.0,Suzuki
2641,135000.0,Howrah,2200.0,1.0,3.0,350.0,Royal Enfield
2642,421000.0,Delhi,10000.0,1.0,5.0,750.0,Harley-Davidson
2643,102200.0,Gurgaon,15400.0,1.0,5.0,350.0,Royal Enfield
2644,96000.0,Durgapur,9000.0,1.0,16.0,350.0,Royal Enfield
2645,91100.0,Gurgaon,18470.0,1.0,6.0,200.0,Bajaj
2646,100000.0,Noida,40000.0,1.0,6.0,350.0,Royal Enfield
2647,12000.0,Delhi,32148.0,2.0,14.0,150.0,Bajaj
2648,17500.0,Delhi,30000.0,1.0,12.0,150.0,Bajaj
2649,85000.0,Jagdalpur,2700.0,1.0,6.0,200.0,Bajaj
2650,52000.0,Hyderabad,28000.0,1.0,5.0,150.0,Suzuki
2651,85000.0,Delhi,8811.0,1.0,3.0,200.0,TVS
2652,70000.0,Pune,14600.0,1.0,4.0,150.0,Bajaj
2653,45000.0,Jaipur,15091.0,2.0,7.0,220.0,Bajaj
2654,60000.0,Ghaziabad,1877.0,1.0,2.0,100.0,Hero
2655,110000.0,Pune,50697.0,1.0,8.0,500.0,Royal Enfield
2656,60000.0,Noida,15097.0,2.0,5.0,220.0,Bajaj
2657,81700.0,Ankleshwar,16000.0,1.0,5.0,200.0,Bajaj
2658,13000.0,Ranoli,135000.0,1.0,10.0,125.0,Bajaj
2659,74000.0,Delhi,13059.0,1.0,3.0,150.0,Suzuki
2660,122400.0,Chennai,17000.0,1.0,5.0,500.0,Royal Enfield
2661,65000.0,Cuttack,48000.0,1.0,5.0,150.0,Yamaha
2662,12000.0,Raiwala,60000.0,1.0,13.0,150.0,Hero
2663,75000.0,Kolkata,4100.0,1.0,5.0,160.0,Honda
2664,31000.0,Faridabad,38140.0,1.0,8.0,160.0,TVS
2665,85000.0,Delhi,50143.0,1.0,14.0,500.0,Royal Enfield
2666,75000.0,Pune,34640.0,1.0,6.0,200.0,Bajaj
2667,85000.0,Delhi,2500.0,1.0,3.0,160.0,Bajaj
2668,27999.0,Guntur,53999.0,1.0,11.0,180.0,Bajaj
2669,146000.0,Pune,5000.0,1.0,4.0,350.0,Royal Enfield
2670,80000.0,Bangalore,45945.0,1.0,7.0,150.0,Honda
2671,40000.0,Bangalore,26070.0,2.0,8.0,220.0,Bajaj
2672,115000.0,Mumbai,4376.0,1.0,5.0,350.0,Royal Enfield
2673,420000.0,Gwalior,5000.0,1.0,6.0,650.0,Kawasaki
2674,36700.0,Badarpur,11000.0,1.0,4.0,125.0,Bajaj
2675,43000.0,Rudrapur,12000.0,1.0,8.0,200.0,Bajaj
2676,100000.0,Mumbai,21306.0,1.0,5.0,200.0,Bajaj
2677,79000.0,Delhi,9556.0,1.0,4.0,200.0,Bajaj
2678,110000.0,Bangalore,75956.0,1.0,7.0,500.0,Royal Enfield
2679,40000.0,Adalaj,29800.0,1.0,6.0,150.0,Honda
2680,37000.0,Delhi,17288.0,1.0,4.0,125.0,Bajaj
2681,17000.0,Durg,70000.0,1.0,11.0,180.0,Bajaj
2682,90000.0,Bangalore,34276.0,1.0,8.0,350.0,Royal Enfield
2683,40000.0,Gurgaon,7600.0,1.0,8.0,220.0,Bajaj
2684,75000.0,Pune,12000.0,1.0,5.0,200.0,Bajaj
2685,51000.0,Pune,25102.0,1.0,6.0,220.0,Bajaj
2686,25000.0,Delhi,30000.0,1.0,11.0,150.0,Honda
2687,20050.0,Ghaziabad,39000.0,1.0,14.0,100.0,Hero
2688,13900.0,Alipore,99999.0,1.0,17.0,125.0,Bajaj
2689,60000.0,Kolkata,20500.0,1.0,10.0,150.0,Yamaha
2690,94049.0,Surat,32000.0,1.0,7.0,350.0,Royal Enfield
2691,63000.0,Anand,15500.0,1.0,8.0,350.0,Royal Enfield
2692,145000.0,Mumbai,7000.0,1.0,5.0,300.0,Mahindra
2693,120000.0,Bangalore,12300.0,1.0,5.0,350.0,Royal Enfield
2694,80000.0,Delhi,14448.0,1.0,6.0,350.0,Royal Enfield
2695,33680.0,Delhi,28000.0,1.0,4.0,100.0,Hero
2696,14000.0,Jaipur,70756.0,1.0,13.0,100.0,Hero
2697,30000.0,Bhawani Mandi,35000.0,1.0,9.0,150.0,Bajaj
2698,27000.0,Pune,61000.0,1.0,6.0,135.0,Bajaj
2699,75000.0,Delhi,48000.0,1.0,8.0,150.0,Yamaha
2700,45400.0,Delhi,12510.0,1.0,4.0,150.0,Hero
2701,40000.0,Ghaziabad,15450.0,1.0,6.0,100.0,Hero
2702,55000.0,Ghaziabad,13443.0,1.0,3.0,125.0,Honda
2703,175000.0,Jammu,14200.0,1.0,5.0,390.0,KTM
2704,90000.0,Hyderabad,35123.0,1.0,6.0,350.0,Royal Enfield
2705,40000.0,Chennai,19500.0,1.0,6.0,180.0,TVS
2706,140000.0,Mumbai,16000.0,1.0,6.0,350.0,Royal Enfield
2707,25000.0,Mughalsarai,22113.0,1.0,18.0,100.0,Hero
2708,450000.0,Bangalore,21913.0,1.0,4.0,750.0,Harley-Davidson
2709,370000.0,Mumbai,4899.0,2.0,5.0,750.0,Harley-Davidson
2710,40000.0,Chennai,12530.0,1.0,3.0,110.0,TVS
2711,65000.0,Ahmedabad,28000.0,1.0,4.0,200.0,TVS
2712,105000.0,Pune,23397.0,1.0,4.0,350.0,Royal Enfield
2715,33000.0,Pune,17500.0,1.0,11.0,100.0,Hero
2716,75000.0,Ghaziabad,14271.0,1.0,4.0,200.0,TVS
2717,15000.0,Delhi,23000.0,1.0,17.0,150.0,Bajaj
2718,110400.0,Vadodara,10600.0,1.0,5.0,350.0,Royal Enfield
2719,109000.0,Purnia,35000.0,1.0,4.0,350.0,Royal Enfield
2720,74500.0,Mumbai,26081.0,1.0,7.0,350.0,Royal Enfield
2721,84000.0,Delhi,16694.0,1.0,7.0,350.0,Royal Enfield
2722,57000.0,Mumbai,6777.0,1.0,5.0,220.0,Bajaj
2723,146300.0,Hyderabad,750.0,1.0,4.0,350.0,Royal Enfield
2724,128000.0,Bangalore,18552.0,1.0,4.0,500.0,Royal Enfield
2725,108000.0,Pune,56273.0,1.0,5.0,350.0,Royal Enfield
2726,10500.0,Ghaziabad,39252.0,1.0,17.0,100.0,Hero
2727,100000.0,Delhi,14576.0,2.0,6.0,350.0,Royal Enfield
2728,53000.0,Delhi,2792.0,2.0,5.0,150.0,Bajaj
2729,66000.0,Delhi,15306.0,2.0,13.0,350.0,Royal Enfield
2730,17000.0,Faridabad,30124.0,1.0,11.0,125.0,Honda
2731,45000.0,Delhi,17281.0,1.0,3.0,125.0,Bajaj
2732,98000.0,Kollam,14495.0,1.0,3.0,150.0,Suzuki
2733,17000.0,Faridabad,55534.0,1.0,10.0,150.0,Bajaj
2734,900000.0,Bangalore,13782.0,1.0,4.0,883.0,Harley-Davidson
2735,167000.0,Farukhabad,2500.0,1.0,2.0,350.0,Royal Enfield
2736,85000.0,Delhi,5848.0,1.0,3.0,200.0,Bajaj
2737,65000.0,24 Pargana,23000.0,1.0,5.0,150.0,Yamaha
2738,415000.0,Kanchipuram,8500.0,1.0,5.0,650.0,Kawasaki
2739,62000.0,Thiruvallur,7500.0,2.0,3.0,160.0,Honda
2740,147000.0,Bangalore,200.0,1.0,4.0,350.0,Royal Enfield
2741,136000.0,Delhi,5800.0,1.0,5.0,350.0,Royal Enfield
2742,38000.0,Delhi,29030.0,1.0,4.0,125.0,Hero
2743,32600.0,Udaipurwati,25000.0,1.0,10.0,150.0,Yamaha
2744,64000.0,Mumbai,31571.0,2.0,10.0,350.0,Royal Enfield
2745,40000.0,Delhi,40169.0,1.0,5.0,150.0,Yamaha
2746,108000.0,Mumbai,10200.0,1.0,5.0,200.0,Bajaj
2747,80162.0,Delhi,17500.0,2.0,9.0,350.0,Royal Enfield
2748,192000.0,Delhi,7390.0,1.0,6.0,250.0,Hyosung
2749,55000.0,Bhopal,14061.0,1.0,6.0,180.0,TVS
2750,111300.0,Hyderabad,20000.0,1.0,8.0,500.0,Royal Enfield
2751,84800.0,Gurgaon,20000.0,2.0,6.0,350.0,Royal Enfield
2752,100000.0,Delhi,11937.0,1.0,4.0,350.0,Royal Enfield
2753,105000.0,Delhi,10500.0,1.0,4.0,200.0,Bajaj
2754,18000.0,Ludhiana,52928.0,1.0,11.0,100.0,Hero
2755,14000.0,Rasra,58000.0,1.0,11.0,150.0,Hero
2756,32000.0,Latur,37000.0,2.0,9.0,220.0,Bajaj
2757,70700.0,Bangalore,12000.0,1.0,5.0,200.0,Bajaj
2758,40400.0,Chennai,33000.0,1.0,5.0,180.0,Bajaj
2759,110000.0,Mumbai,100670.0,1.0,5.0,350.0,Royal Enfield
2760,32500.0,Ahmedabad,56482.0,1.0,8.0,150.0,Bajaj
2761,55000.0,Delhi,29331.0,1.0,4.0,150.0,Suzuki
2762,35000.0,Noida,67363.0,1.0,8.0,180.0,TVS
2763,25000.0,Hyderabad,55000.0,1.0,10.0,150.0,Yamaha
2764,77616.0,Delhi,31530.0,1.0,6.0,350.0,Royal Enfield
2765,20000.0,Gautam Buddha Nagar,51000.0,1.0,10.0,100.0,Hero
2766,86000.0,Kanchipuram,15000.0,1.0,7.0,350.0,Royal Enfield
2767,50000.0,Faridabad,13000.0,1.0,7.0,220.0,Bajaj
2768,72000.0,Bangalore,21458.0,1.0,5.0,200.0,TVS
2769,50000.0,Krishna,33000.0,1.0,6.0,150.0,Yamaha
2770,25000.0,Delhi,33755.0,1.0,7.0,110.0,Honda
2771,67000.0,Delhi,35409.0,1.0,4.0,180.0,Bajaj
2772,58000.0,Rajkot,8000.0,1.0,4.0,125.0,Honda
2773,50000.0,Gangaikondan,20000.0,1.0,6.0,180.0,Bajaj
2774,64400.0,Mumbai,3310.0,1.0,5.0,160.0,Honda
2775,16000.0,Madurai,58000.0,1.0,13.0,100.0,Hero
2776,95000.0,Gurgaon,33300.0,1.0,8.0,390.0,KTM
2777,100000.0,Warangal,15000.0,1.0,6.0,200.0,Bajaj
2778,95000.0,Mumbai,18000.0,1.0,8.0,500.0,Royal Enfield
2779,52200.0,Uluberia,29000.0,1.0,4.0,150.0,Suzuki
2780,17000.0,Palwal,20000.0,2.0,8.0,125.0,Bajaj
2781,36000.0,Jodhpur,14615.0,1.0,12.0,150.0,Yamaha
2782,47000.0,Gurgaon,2860.0,1.0,2.0,110.0,Bajaj
2783,51100.0,Pondicherry,24065.0,1.0,6.0,150.0,Hero
2784,24000.0,Delhi,9614.0,1.0,11.0,150.0,Yamaha
2785,12200.0,Gurgaon,30000.0,2.0,14.0,150.0,Bajaj
2786,55000.0,Delhi,7034.0,1.0,4.0,160.0,Bajaj
2787,110000.0,Chennai,21000.0,1.0,4.0,350.0,Royal Enfield
2788,79400.0,Gurgaon,19225.0,1.0,10.0,350.0,Royal Enfield
2789,19000.0,Ajmer,68000.0,1.0,10.0,110.0,Honda
2790,83000.0,Poonamallee,29500.0,1.0,6.0,150.0,Yamaha
2791,22500.0,Delhi,20000.0,1.0,8.0,110.0,Mahindra
2792,51500.0,Mumbai,32000.0,1.0,7.0,220.0,Bajaj
2793,30000.0,Karnal,30000.0,1.0,7.0,125.0,Honda
2794,46900.0,Ghaziabad,20468.0,1.0,4.0,150.0,Bajaj
2795,50000.0,Ahmedabad,45000.0,1.0,7.0,150.0,Yamaha
2796,95000.0,Ahmedabad,30000.0,,8.0,500.0,Royal Enfield
2797,26000.0,Faridabad,30000.0,1.0,6.0,100.0,Hero
2798,55000.0,Mumbai,39309.0,2.0,8.0,200.0,Bajaj
2799,48999.0,Patna,9600.0,1.0,5.0,150.0,Bajaj
2800,70000.0,Hyderabad,14854.0,1.0,7.0,150.0,Yamaha
2801,55000.0,Delhi,12000.0,1.0,5.0,220.0,Bajaj
2802,46000.0,Bangalore,35596.0,1.0,5.0,150.0,Bajaj
2803,63000.0,Delhi,45686.0,1.0,4.0,250.0,Yamaha
2804,89000.0,Faridabad,24516.0,1.0,6.0,350.0,Royal Enfield
2805,50000.0,Delhi,14000.0,1.0,5.0,150.0,Bajaj
2806,39000.0,Vadodara,96611.0,1.0,4.0,150.0,Bajaj
2807,45000.0,Bangalore,38500.0,1.0,7.0,220.0,Bajaj
2808,43000.0,Pali,12000.0,1.0,3.0,125.0,Hero
2809,65000.0,Navi Mumbai,25000.0,1.0,4.0,220.0,Bajaj
2810,85000.0,Pune,32000.0,1.0,7.0,150.0,Yamaha
2811,60000.0,Pune,52667.0,1.0,8.0,150.0,Yamaha
2812,110000.0,Chennai,30000.0,1.0,9.0,500.0,Royal Enfield
2813,173000.0,Palakkad,18500.0,1.0,5.0,390.0,KTM
2814,98000.0,Hyderabad,20783.0,1.0,5.0,350.0,Royal Enfield
2815,75000.0,Pune,47489.0,1.0,5.0,150.0,Yamaha
2816,450000.0,Delhi,1174.0,2.0,3.0,750.0,Harley-Davidson
2817,80000.0,Bangalore,34000.0,1.0,8.0,350.0,Royal Enfield
2818,190000.0,Delhi,9500.0,1.0,4.0,390.0,KTM
2819,42000.0,Udaipur,15000.0,1.0,5.0,125.0,Hero
2820,55000.0,Ghaziabad,18934.0,1.0,6.0,160.0,TVS
2821,62000.0,Bangalore,8500.0,1.0,5.0,220.0,Bajaj
2822,12000.0,Gautam Buddha Nagar,72901.0,1.0,16.0,125.0,Bajaj
2823,35590.0,Gautam Buddha Nagar,45217.0,2.0,7.0,220.0,Bajaj
2824,45000.0,Gautam Buddha Nagar,30000.0,1.0,6.0,150.0,Bajaj
2825,76000.0,Gautam Buddha Nagar,481.0,1.0,3.0,150.0,Suzuki
2826,50700.0,Gautam Buddha Nagar,16000.0,1.0,7.0,220.0,Bajaj
2827,43999.0,Bangalore,50000.0,2.0,8.0,200.0,Bajaj
2828,60000.0,Ahmedabad,6193.0,1.0,6.0,220.0,Bajaj
2829,101400.0,Pune,30000.0,1.0,7.0,500.0,Royal Enfield
2830,110000.0,Pune,5921.0,1.0,6.0,500.0,Royal Enfield
2831,105000.0,Nagaon,15000.0,1.0,3.0,350.0,Royal Enfield
2832,55000.0,Bhubaneshwar,20000.0,1.0,9.0,220.0,Bajaj
2833,70000.0,Delhi,9355.0,1.0,4.0,150.0,Yamaha
2834,85500.0,Delhi,5645.0,1.0,4.0,350.0,Royal Enfield
2835,85000.0,Delhi,16439.0,2.0,6.0,350.0,Royal Enfield
2836,125000.0,Delhi,15888.0,1.0,5.0,500.0,Royal Enfield
2837,73000.0,Nagpur,5000.0,1.0,5.0,220.0,Bajaj
2838,99000.0,Delhi,1958.0,1.0,2.0,220.0,Bajaj
2839,54500.0,Hissar,50000.0,1.0,8.0,150.0,Yamaha
2840,35000.0,Gurgaon,25651.0,1.0,10.0,220.0,Bajaj
2841,30000.0,Bhopal,7004.0,1.0,5.0,100.0,Bajaj
2842,48700.0,Gurgaon,16000.0,1.0,6.0,220.0,Bajaj
2843,19000.0,Kanpur,35000.0,1.0,13.0,150.0,Bajaj
2844,154800.0,Patna,3800.0,1.0,6.0,200.0,KTM
2845,66000.0,Gurgaon,11500.0,1.0,5.0,160.0,Honda
2846,104000.0,Mumbai,27623.0,1.0,5.0,350.0,Royal Enfield
2847,66000.0,Bangalore,20919.0,1.0,6.0,220.0,Bajaj
2848,105000.0,Jalandhar,11600.0,1.0,7.0,350.0,Royal Enfield
2849,60000.0,Hyderabad,25000.0,1.0,6.0,220.0,Bajaj
2850,25000.0,Jaipur,45000.0,1.0,10.0,150.0,Bajaj
2851,90000.0,Jaipur,8740.0,1.0,6.0,150.0,Honda
2858,50000.0,Hyderabad,16000.0,1.0,3.0,150.0,Bajaj
2859,22500.0,Kanyakumari,33000.0,1.0,11.0,160.0,TVS
2860,100000.0,Morbi,60000.0,1.0,4.0,350.0,Royal Enfield
2861,45000.0,Chennai,17400.0,1.0,6.0,160.0,Honda
2862,90000.0,Delhi,22000.0,1.0,7.0,350.0,Royal Enfield
2863,14000.0,Ahmedabad,50000.0,1.0,12.0,150.0,Bajaj
2864,124000.0,Gurgaon,12827.0,1.0,4.0,500.0,Royal Enfield
2865,118000.0,Gurgaon,15256.0,1.0,3.0,350.0,Royal Enfield
2866,20000.0,Delhi,60000.0,2.0,12.0,180.0,Bajaj
2867,15000.0,Agra,27000.0,1.0,18.0,150.0,Bajaj
2868,32000.0,Bangalore,34378.0,1.0,7.0,135.0,Bajaj
2869,17000.0,Delhi,47543.0,1.0,8.0,125.0,Bajaj
2870,16500.0,Delhi,41012.0,1.0,10.0,150.0,Bajaj
2871,550000.0,Pune,11000.0,1.0,5.0,650.0,Kawasaki
2872,120000.0,Delhi,15148.0,1.0,4.0,350.0,Royal Enfield
2876,37000.0,Lucknow,48500.0,1.0,11.0,150.0,Yamaha
2877,25000.0,Lucknow,41004.0,1.0,11.0,150.0,Yamaha
2878,48000.0,Lucknow,17505.0,2.0,10.0,150.0,Yamaha
2879,190000.0,Delhi,10500.0,1.0,6.0,250.0,Hyosung
2880,110000.0,Pune,2500.0,1.0,4.0,150.0,Yamaha
2881,230000.0,Delhi,1900.0,1.0,4.0,390.0,KTM
2882,19000.0,Gurgaon,39858.0,1.0,11.0,150.0,Bajaj
2883,26000.0,Gurgaon,32489.0,1.0,7.0,125.0,Honda
2884,110000.0,Noida,27240.0,2.0,7.0,390.0,KTM
2885,22500.0,Gurgaon,17644.0,1.0,8.0,125.0,Honda
2886,65000.0,Delhi,12917.0,1.0,3.0,160.0,TVS
2887,23000.0,Gurgaon,23244.0,1.0,5.0,110.0,TVS
2888,23000.0,Gurgaon,17853.0,1.0,8.0,100.0,Hero
2889,25000.0,Gurgaon,24510.0,1.0,5.0,100.0,Bajaj
2890,20000.0,Mumbai,21000.0,1.0,14.0,125.0,Bajaj
2891,65000.0,Gurgaon,73281.0,1.0,3.0,150.0,Suzuki
2892,17000.0,Gurgaon,26886.0,1.0,10.0,100.0,Hero
2893,13000.0,Gurgaon,32042.0,1.0,10.0,125.0,Bajaj
2894,70000.0,Pune,15671.0,1.0,5.0,150.0,Honda
2895,23000.0,Gurgaon,14364.0,1.0,8.0,100.0,Hero
2896,120000.0,Noida,2701.0,1.0,4.0,500.0,Royal Enfield
2897,40500.0,Gurgaon,10489.0,1.0,5.0,125.0,Honda
2898,130000.0,Delhi,2503.0,1.0,4.0,350.0,Royal Enfield
2899,66700.0,Pune,16600.0,1.0,5.0,150.0,Suzuki
2900,55000.0,Pune,29000.0,1.0,4.0,150.0,Suzuki
2901,36000.0,Mumbai,36000.0,1.0,6.0,100.0,Hero
2902,35000.0,Jaipur,19000.0,1.0,8.0,150.0,Bajaj
2903,110000.0,Bangalore,10400.0,1.0,4.0,350.0,Royal Enfield
2904,30000.0,Vadodara,25000.0,1.0,8.0,100.0,Hero
2905,27500.0,Vadodara,25000.0,1.0,9.0,100.0,Hero
2906,1400000.0,Gurgaon,3174.0,1.0,4.0,1200.0,Ducati
2907,45000.0,Mumbai,35866.0,1.0,5.0,160.0,Honda
2908,27167.0,Ludhiana,27110.0,1.0,7.0,100.0,Hero
2909,109000.0,Mumbai,19274.0,2.0,2.0,150.0,Yamaha
2910,170000.0,Bankura,14500.0,1.0,4.0,390.0,KTM
2911,14000.0,Ahmedabad,52902.0,1.0,13.0,135.0,Bajaj
2912,31000.0,Kolkata,17000.0,,5.0,150.0,Bajaj
2913,215000.0,Virar,4500.0,1.0,3.0,390.0,KTM
2914,111600.0,Bangalore,22000.0,1.0,7.0,350.0,Royal Enfield
2915,25000.0,Pune,25388.0,1.0,11.0,220.0,Bajaj
2916,85000.0,Delhi,17500.0,2.0,6.0,350.0,Royal Enfield
2917,110000.0,Faridabad,10111.0,1.0,3.0,350.0,Royal Enfield
2918,95000.0,Faridabad,8901.0,1.0,4.0,350.0,Royal Enfield
2919,110000.0,Faridabad,9053.0,1.0,4.0,350.0,Royal Enfield
2920,16000.0,Gurgaon,26276.0,1.0,11.0,100.0,Hero
2921,75000.0,Bangalore,6625.0,1.0,4.0,200.0,Bajaj
2922,32000.0,Delhi,12000.0,1.0,6.0,100.0,Hero
2923,35000.0,Delhi,28000.0,1.0,9.0,150.0,Yamaha
2924,27000.0,Delhi,39000.0,1.0,7.0,150.0,Bajaj
2925,97000.0,Ludhiana,45000.0,1.0,8.0,350.0,Royal Enfield
2926,95000.0,Mohali,15000.0,1.0,5.0,350.0,Royal Enfield
2927,22000.0,Mumbai,23000.0,1.0,10.0,180.0,Bajaj
2928,35000.0,Mumbai,23905.0,1.0,7.0,125.0,Honda
2929,184000.0,Bardhaman,1380.0,1.0,2.0,410.0,Royal Enfield
2930,25000.0,Gurgaon,26533.0,1.0,5.0,100.0,Bajaj
2931,50000.0,Delhi,13141.0,1.0,4.0,160.0,Honda
2932,12000.0,Ahmedabad,43596.0,1.0,11.0,150.0,Bajaj
2933,35000.0,Mumbai,37000.0,1.0,7.0,150.0,Honda
2934,90000.0,Gurgaon,2539.0,1.0,7.0,500.0,Royal Enfield
2935,120000.0,Gurgaon,12827.0,1.0,4.0,500.0,Royal Enfield
2936,95000.0,Mumbai,16000.0,1.0,6.0,350.0,Royal Enfield
2937,21500.0,Vadodara,30000.0,1.0,9.0,100.0,Bajaj
2938,18000.0,Delhi,24657.0,1.0,12.0,125.0,Honda
2939,27000.0,Delhi,102892.0,1.0,8.0,100.0,Bajaj
2940,22000.0,Gurgaon,14459.0,1.0,5.0,100.0,Bajaj
2941,82000.0,Bangalore,41292.0,1.0,6.0,200.0,Bajaj
2942,10000.0,Ahmedabad,27000.0,1.0,16.0,100.0,Bajaj
2943,61000.0,Gurgaon,14159.0,1.0,8.0,350.0,Royal Enfield
2944,28000.0,Gurgaon,24310.0,1.0,7.0,125.0,Honda
2945,21500.0,Gurgaon,22398.0,1.0,5.0,100.0,Bajaj
2946,20000.0,Gurgaon,65000.0,1.0,10.0,150.0,Bajaj
2947,38000.0,Chennai,19300.0,2.0,4.0,150.0,Suzuki
2948,190000.0,Mumbai,2000.0,1.0,2.0,295.0,Jawa
2949,200000.0,Mumbai,16000.0,1.0,3.0,390.0,KTM
2950,125000.0,Mumbai,36000.0,1.0,4.0,350.0,Royal Enfield
2951,45000.0,Delhi,40718.0,1.0,7.0,150.0,Yamaha
2952,62000.0,Mumbai,1800.0,1.0,2.0,100.0,Hero
2953,76000.0,Hyderabad,17000.0,1.0,4.0,150.0,Suzuki
2954,106400.0,Noida,10000.0,1.0,3.0,150.0,Yamaha
2955,85000.0,Ghaziabad,7444.0,1.0,3.0,150.0,Suzuki
2956,360000.0,Bangalore,7093.0,1.0,3.0,310.0,BMW
2957,35599.0,Gurgaon,14616.0,1.0,3.0,100.0,Bajaj
2958,60000.0,Faridabad,838.0,1.0,3.0,160.0,TVS
2959,43000.0,Hyderabad,13500.0,1.0,5.0,125.0,Bajaj
2960,47000.0,Faridabad,24000.0,2.0,4.0,180.0,TVS
2961,110000.0,Delhi,27000.0,1.0,5.0,350.0,Royal Enfield
2962,73000.0,Gurgaon,13175.0,2.0,5.0,150.0,Yamaha
2963,86300.0,Gurgaon,18500.0,1.0,5.0,200.0,Bajaj
2964,45000.0,Gurgaon,27700.0,1.0,7.0,200.0,Bajaj
2965,81300.0,Chennai,8331.0,1.0,3.0,160.0,Honda
2966,73000.0,Delhi,2055.0,1.0,3.0,180.0,Bajaj
2967,135000.0,Patna,4549.0,1.0,2.0,125.0,KTM
2968,55000.0,Gurgaon,20363.0,1.0,4.0,180.0,TVS
2969,36000.0,Gurgaon,35688.0,1.0,6.0,180.0,TVS
2970,41000.0,Gurgaon,5095.0,1.0,5.0,150.0,Bajaj
2971,140000.0,Mumbai,6000.0,1.0,2.0,125.0,KTM
2972,65000.0,Mumbai,27700.0,1.0,5.0,150.0,Suzuki
2973,19500.0,Jaipur,10000.0,1.0,14.0,100.0,Hero
2974,38000.0,Mumbai,40000.0,1.0,6.0,220.0,Bajaj
2975,24000.0,Mumbai,59944.0,1.0,8.0,180.0,Bajaj
2976,14900.0,Alipore,99890.0,1.0,17.0,125.0,Bajaj
2977,22000.0,Gurgaon,38000.0,1.0,10.0,135.0,Bajaj
2978,95000.0,Bangalore,50000.0,,43.0,350.0,Royal Enfield
2979,132000.0,Tikamgarh,6100.0,1.0,3.0,350.0,Royal Enfield
2980,135000.0,Hyderabad,85000.0,1.0,43.0,350.0,Royal Enfield
2981,45297.0,Mumbai,55268.0,1.0,5.0,160.0,Honda
2982,137000.0,Sultanpur,8400.0,1.0,2.0,350.0,Royal Enfield
2983,15000.0,Jaipur,48000.0,1.0,17.0,100.0,Bajaj
2984,20000.0,Faridabad,19420.0,1.0,10.0,100.0,Hero
2985,18800.0,Faridabad,46555.0,1.0,10.0,180.0,Bajaj
2986,19000.0,Faridabad,22617.0,1.0,9.0,150.0,Yamaha
2987,35000.0,Jaipur,10181.0,1.0,4.0,100.0,Bajaj
2988,165000.0,Bangalore,10000.0,1.0,4.0,200.0,KTM
2989,51000.0,Mumbai,23564.0,1.0,8.0,223.0,Hero
2990,85000.0,Howrah,10000.0,2.0,9.0,500.0,Royal Enfield
2991,26000.0,Delhi,15099.0,1.0,9.0,100.0,Hero
2992,27000.0,Delhi,11237.0,1.0,9.0,100.0,Hero
2993,52500.0,Delhi,24487.0,1.0,4.0,150.0,Suzuki
2994,13000.0,Gurgaon,32641.0,1.0,13.0,150.0,Honda
2995,155000.0,Tirunelveli,7500.0,1.0,4.0,200.0,KTM
2996,56000.0,Delhi,47000.0,1.0,16.0,350.0,Royal Enfield
2997,65000.0,Pune,4500.0,1.0,5.0,149.0,Hero
2998,482000.0,Lucknow,7500.0,1.0,6.0,883.0,Harley-Davidson
2999,95000.0,Delhi,9392.0,4.0,6.0,350.0,Royal Enfield
3000,35000.0,Faridabad,12669.0,1.0,4.0,125.0,Hero
3001,65000.0,Faridabad,7421.0,1.0,3.0,160.0,TVS
3002,28000.0,Ahmedabad,32914.0,1.0,5.0,100.0,Hero
3003,23000.0,Ahmedabad,62433.0,2.0,7.0,100.0,Hero
3004,23000.0,Faridabad,16286.0,1.0,9.0,100.0,Hero
3005,29000.0,Faridabad,29189.0,1.0,4.0,135.0,Bajaj
3006,18000.0,Ahmedabad,50732.0,1.0,10.0,125.0,Bajaj
3007,1000000.0,Delhi,1500.0,1.0,4.0,1200.0,Triumph
3008,50000.0,Lucknow,42149.0,1.0,4.0,150.0,Bajaj
3009,120000.0,Jaipur,14290.0,1.0,5.0,410.0,Royal Enfield
3010,45000.0,Bangalore,26500.0,2.0,7.0,180.0,TVS
3011,50000.0,Meerut,38000.0,1.0,12.0,150.0,Yamaha
3012,30000.0,Noida,34500.0,2.0,7.0,150.0,Yamaha
3013,45000.0,Ahmedabad,16106.0,1.0,3.0,110.0,Honda
3014,28000.0,Faridabad,17942.0,1.0,6.0,100.0,Hero
3015,90000.0,Bihar Shariff,2000.0,1.0,4.0,350.0,Royal Enfield
3016,1500000.0,Delhi,18000.0,1.0,4.0,1000.0,BMW
3017,69000.0,Lucknow,25000.0,1.0,9.0,150.0,Yamaha
3018,21000.0,Gurgaon,20386.0,1.0,9.0,100.0,Bajaj
3019,51000.0,Pune,18791.0,1.0,6.0,220.0,Bajaj
3020,51000.0,Delhi,17261.0,1.0,3.0,125.0,Honda
3021,40500.0,Gurgaon,39125.0,1.0,6.0,180.0,TVS
3022,16900.0,Delhi,30000.0,2.0,13.0,223.0,Hero
3023,79990.0,Chennai,60000.0,1.0,8.0,200.0,KTM
3024,23000.0,Raipur,67000.0,1.0,13.0,223.0,Hero
3025,27000.0,Ludhiana,23000.0,1.0,3.0,100.0,Bajaj
3026,79000.0,Bhubaneshwar,32000.0,1.0,6.0,200.0,Bajaj
3027,26200.0,Delhi,29000.0,1.0,10.0,125.0,Bajaj
3028,18000.0,Chandigarh,19687.0,1.0,10.0,125.0,Honda
3029,55000.0,Gurgaon,2309.0,1.0,2.0,100.0,Hero
3030,128700.0,Hyderabad,11300.0,1.0,5.0,200.0,KTM
3031,50000.0,Bangalore,7500.0,1.0,3.0,150.0,Bajaj
3032,13000.0,Goa-panaji,44000.0,1.0,13.0,125.0,Bajaj
3033,26000.0,Ghaziabad,27454.0,1.0,9.0,150.0,Yamaha
3034,130000.0,Bangalore,13000.0,1.0,4.0,350.0,Royal Enfield
3035,35000.0,Chennai,37000.0,1.0,9.0,150.0,Honda
3036,44000.0,Delhi,36000.0,1.0,6.0,180.0,TVS
3037,15000.0,Ghaziabad,28757.0,1.0,13.0,110.0,TVS
3038,20000.0,Ghaziabad,46007.0,1.0,13.0,223.0,Hero
3039,32000.0,Hyderabad,11278.0,1.0,11.0,220.0,Bajaj
3040,24000.0,Ghaziabad,18085.0,1.0,7.0,125.0,Bajaj
3041,20500.0,Ghaziabad,47057.0,1.0,9.0,100.0,Bajaj
3042,19000.0,Ghaziabad,74594.0,1.0,11.0,100.0,Bajaj
3043,33969.0,Mumbai,33075.0,2.0,8.0,220.0,Bajaj
3044,25000.0,Mumbai,6500.0,2.0,7.0,125.0,Bajaj
3045,106080.0,Mumbai,4633.0,1.0,4.0,400.0,Bajaj
3046,120000.0,Bangalore,48000.0,2.0,8.0,500.0,Royal Enfield
3047,39000.0,Faridabad,12457.0,1.0,3.0,110.0,Hero
3048,28000.0,Faridabad,13290.0,1.0,4.0,100.0,Bajaj
3053,110000.0,Bangalore,14201.0,1.0,5.0,350.0,Royal Enfield
3055,90000.0,Lucknow,8800.0,1.0,3.0,250.0,Yamaha
3056,32000.0,Meerut,10005.0,1.0,5.0,110.0,Honda
3057,120000.0,Faridabad,11000.0,1.0,3.0,350.0,Royal Enfield
3058,120000.0,Bangalore,33360.0,1.0,5.0,410.0,Royal Enfield
3059,54000.0,Ghaziabad,18454.0,1.0,4.0,160.0,TVS
3060,19000.0,Gurgaon,49826.0,1.0,13.0,100.0,Hero
3061,30000.0,Ghaziabad,33907.0,1.0,4.0,100.0,Bajaj
3062,80000.0,Mumbai,23000.0,1.0,4.0,250.0,Yamaha
3063,12000.0,Ahmedabad,45000.0,1.0,12.0,150.0,Hero
3064,22000.0,Bangalore,65585.0,1.0,11.0,110.0,Honda
3065,22000.0,Delhi,30378.0,1.0,9.0,150.0,Yamaha
3066,25000.0,Noida,31634.0,1.0,8.0,150.0,Bajaj
3067,100000.0,Hyderabad,28000.0,1.0,5.0,250.0,Honda
3068,47000.0,Delhi,12643.0,2.0,9.0,150.0,Yamaha
3069,36000.0,Bangalore,21905.0,1.0,9.0,160.0,TVS
3070,110000.0,Bangalore,24000.0,1.0,7.0,500.0,Royal Enfield
3071,94000.0,Ahmedabad,893.0,1.0,2.0,160.0,TVS
3072,850000.0,Delhi,13223.0,1.0,12.0,1300.0,Suzuki
3073,21000.0,Gurgaon,20000.0,1.0,9.0,100.0,Hero
3074,125000.0,Noida,24451.0,1.0,3.0,200.0,KTM
3075,35000.0,Ghaziabad,38195.0,1.0,7.0,150.0,Honda
3076,18700.0,Gurgaon,34409.0,1.0,7.0,110.0,Mahindra
3077,60000.0,Bhatinda,68.0,1.0,3.0,125.0,Honda
3078,32000.0,Faridabad,18080.0,1.0,5.0,100.0,Hero
3079,25000.0,Gurgaon,68717.0,1.0,9.0,125.0,Hero
3080,23000.0,Gurgaon,44002.0,1.0,5.0,100.0,Bajaj
3081,35000.0,Gurgaon,27877.0,1.0,4.0,110.0,Hero
3082,55000.0,Pune,12500.0,1.0,6.0,220.0,Bajaj
3083,19000.0,Delhi,17272.0,1.0,8.0,135.0,Bajaj
3084,170000.0,Delhi,8015.0,1.0,2.0,500.0,Royal Enfield
3085,12000.0,Gurgaon,67569.0,1.0,13.0,100.0,Hero
3086,26000.0,Gurgaon,32145.0,1.0,5.0,125.0,Hero
3087,22000.0,Gurgaon,38755.0,1.0,8.0,125.0,Hero
3088,39000.0,Gurgaon,29330.0,1.0,6.0,180.0,Bajaj
3089,239000.0,Mumbai,1264.0,1.0,2.0,500.0,Royal Enfield
3090,32000.0,Gurgaon,38327.0,1.0,4.0,125.0,Bajaj
3091,30000.0,Gurgaon,12696.0,1.0,4.0,100.0,Bajaj
3092,51000.0,Mumbai,20683.0,1.0,5.0,125.0,Honda
3093,135000.0,Indore,23000.0,1.0,3.0,350.0,Royal Enfield
3094,32000.0,Jaipur,19510.0,1.0,9.0,135.0,Bajaj
3095,650000.0,Mumbai,16000.0,1.0,4.0,675.0,Triumph
3096,190000.0,Mumbai,2500.0,1.0,2.0,200.0,KTM
3097,161300.0,Pune,17000.0,1.0,5.0,535.0,Royal Enfield
3098,190000.0,Delhi,2600.0,1.0,2.0,250.0,KTM
3099,18000.0,Faridabad,13290.0,1.0,9.0,100.0,Hero
3100,32000.0,Delhi,23553.0,2.0,6.0,150.0,Bajaj
3101,48000.0,Bangalore,1850.0,1.0,2.0,110.0,Bajaj
3102,25000.0,Faridabad,90393.0,1.0,10.0,180.0,Bajaj
3103,16000.0,Faridabad,13551.0,1.0,13.0,125.0,Hero
3104,17000.0,Faridabad,32997.0,1.0,11.0,100.0,Bajaj
3105,57000.0,Tiruvallur,28000.0,1.0,7.0,150.0,Yamaha
3106,33000.0,Faridabad,12992.0,1.0,3.0,100.0,Bajaj
3121,9000.0,Delhi,72302.0,1.0,15.0,110.0,TVS
3122,36000.0,Bangalore,6652.0,1.0,4.0,150.0,Bajaj
3123,51715.0,Delhi,13191.0,2.0,8.0,150.0,Yamaha
3124,120000.0,Gandhinagar,39000.0,1.0,6.0,350.0,Royal Enfield
3125,75000.0,Bangalore,8600.0,1.0,4.0,220.0,Bajaj
3126,70000.0,Bangalore,15000.0,1.0,5.0,220.0,Bajaj
3127,107000.0,Sibsagar,14000.0,1.0,5.0,410.0,Royal Enfield
3128,42000.0,Ahmedabad,59589.0,1.0,6.0,150.0,Honda
3129,18000.0,Gwalior,50000.0,1.0,10.0,125.0,Honda
3130,22000.0,Faridabad,14978.0,1.0,9.0,100.0,Hero
3131,29500.0,Vadodara,19000.0,1.0,8.0,100.0,Hero
3132,90000.0,Delhi,12131.0,1.0,3.0,160.0,TVS
3133,32000.0,Faridabad,34859.0,1.0,3.0,100.0,Bajaj
3134,32000.0,Faridabad,12000.0,1.0,2.0,100.0,Bajaj
3135,30000.0,Delhi,26701.0,1.0,5.0,150.0,Bajaj
3137,200000.0,Surat,167.0,1.0,2.0,390.0,KTM
3138,640000.0,Delhi,7500.0,2.0,4.0,900.0,Triumph
3139,50000.0,Bangalore,43900.0,1.0,7.0,150.0,Suzuki
3140,38000.0,Delhi,12500.0,1.0,4.0,125.0,Hero
3141,52000.0,Ghaziabad,11226.0,1.0,5.0,220.0,Bajaj
3142,37000.0,Bangalore,18067.0,1.0,7.0,100.0,Hero
3144,20000.0,Pune,30000.0,1.0,14.0,150.0,Bajaj
3145,120000.0,Bangalore,23500.0,1.0,6.0,500.0,Royal Enfield
3146,24000.0,Jaipur,18300.0,1.0,9.0,110.0,Hero
3147,31000.0,Ahmedabad,30000.0,2.0,7.0,150.0,Bajaj
3148,33000.0,Delhi,27836.0,1.0,4.0,150.0,Bajaj
3149,31500.0,Bangalore,80353.0,2.0,10.0,220.0,Bajaj
3150,19000.0,Ghaziabad,48754.0,1.0,9.0,100.0,Bajaj
3151,35000.0,Ghaziabad,15071.0,1.0,4.0,150.0,Bajaj
3152,70000.0,Bangalore,38000.0,1.0,4.0,160.0,Honda
3153,15000.0,Ghaziabad,7900.0,1.0,12.0,125.0,Honda
3154,43000.0,Faridabad,9430.0,1.0,5.0,150.0,Bajaj
3158,45000.0,Gurgaon,15910.0,1.0,7.0,150.0,Yamaha
3160,170000.0,Durgapur,8000.0,1.0,5.0,390.0,KTM
3161,32000.0,Bangalore,35000.0,1.0,10.0,220.0,Bajaj
3162,45000.0,Bangalore,39000.0,1.0,5.0,220.0,Bajaj
3163,42400.0,Bangalore,23000.0,1.0,7.0,220.0,Bajaj
3164,70000.0,Noida,9000.0,1.0,3.0,150.0,Suzuki
3165,66700.0,Noida,5000.0,1.0,5.0,200.0,Bajaj
3166,160000.0,Delhi,1189.0,1.0,2.0,350.0,Royal Enfield
3167,145000.0,Bangalore,23085.0,1.0,7.0,390.0,KTM
3168,24000.0,Mumbai,39000.0,1.0,10.0,150.0,Bajaj
3169,100000.0,Mumbai,100000.0,1.0,19.0,350.0,Royal Enfield
3170,120000.0,Pune,26400.0,1.0,8.0,390.0,KTM
3171,95000.0,Mumbai,5493.0,1.0,2.0,150.0,Suzuki
3172,66000.0,Ghaziabad,17545.0,1.0,3.0,150.0,Suzuki
3173,47000.0,Faridabad,16000.0,1.0,5.0,220.0,Bajaj
3174,26000.0,Ghaziabad,51875.0,1.0,9.0,160.0,TVS
3175,85000.0,Mumbai,7000.0,1.0,2.0,160.0,Bajaj
3176,18000.0,Delhi,79000.0,1.0,11.0,125.0,Hero
3177,35000.0,Faridabad,34000.0,1.0,9.0,200.0,Bajaj
3178,82000.0,Bangalore,52198.0,1.0,2.0,160.0,TVS
3179,170000.0,Durgapur,14500.0,1.0,4.0,390.0,KTM
3180,55000.0,Nashik,27200.0,1.0,11.0,150.0,Honda
3181,19400.0,Dhanbad,50000.0,1.0,5.0,100.0,Bajaj
3182,82000.0,Bangalore,11766.0,1.0,8.0,350.0,Royal Enfield
3183,50000.0,Mumbai,9500.0,1.0,7.0,220.0,Bajaj
3184,57000.0,Mumbai,18374.0,2.0,5.0,160.0,Honda
3185,34000.0,Ludhiana,19000.0,1.0,7.0,100.0,Hero
3186,100000.0,Bangalore,10784.0,2.0,5.0,150.0,Yamaha
3187,23000.0,Ghaziabad,51000.0,1.0,8.0,125.0,Bajaj
3188,23000.0,Jaipur,22310.0,1.0,11.0,125.0,Honda
3189,130000.0,Bangalore,16000.0,1.0,6.0,500.0,Royal Enfield
3190,200000.0,Bangalore,10000.0,1.0,4.0,500.0,Royal Enfield
3191,750000.0,Gurgaon,1550.0,1.0,2.0,797.0,Ducati
3199,15000.0,Meerut,52000.0,1.0,15.0,180.0,Bajaj
3214,18000.0,Delhi,27391.0,1.0,9.0,180.0,Bajaj
3215,16000.0,Chennai,18002.0,1.0,15.0,150.0,Bajaj
3216,28000.0,Ghaziabad,22047.0,1.0,7.0,180.0,Bajaj
3217,90000.0,Delhi,6465.0,1.0,9.0,350.0,Royal Enfield
3218,115100.0,Mumbai,15184.0,1.0,5.0,390.0,KTM
3219,110147.0,Mumbai,13193.0,1.0,5.0,390.0,KTM
3220,130000.0,Mumbai,27000.0,1.0,6.0,390.0,KTM
3223,95000.0,Chennai,3500.0,1.0,6.0,200.0,Bajaj
3224,23300.0,Gurgaon,52000.0,1.0,15.0,100.0,Hero
3225,19000.0,Gurgaon,2872.0,1.0,9.0,150.0,Honda
3226,35100.0,Jhansi,15000.0,1.0,5.0,110.0,Hero
3227,150000.0,Gurgaon,10956.0,1.0,3.0,250.0,Honda
3228,24500.0,Faridabad,17874.0,1.0,6.0,125.0,Hero
3229,28000.0,Gurgaon,31634.0,1.0,6.0,150.0,Bajaj
3230,30000.0,Mumbai,22000.0,1.0,6.0,150.0,Bajaj
3231,27000.0,Mumbai,6042.0,1.0,5.0,150.0,Bajaj
3232,26200.0,Gurgaon,17000.0,1.0,6.0,150.0,Bajaj
3233,75500.0,Ghaziabad,25212.0,1.0,6.0,350.0,Royal Enfield
3234,110000.0,Hyderabad,4831.0,1.0,3.0,200.0,Bajaj
3235,28000.0,Ghaziabad,21171.0,1.0,5.0,110.0,TVS
3236,42000.0,Ghaziabad,12737.0,1.0,4.0,100.0,Hero
3237,34500.0,Ghaziabad,13219.0,1.0,9.0,160.0,TVS
3238,17900.0,Ghaziabad,23719.0,1.0,14.0,135.0,Bajaj
3239,34000.0,Ghaziabad,13820.0,1.0,7.0,100.0,Hero
3240,90000.0,Pune,10000.0,1.0,3.0,150.0,Yamaha
3241,45000.0,Chennai,33000.0,1.0,9.0,150.0,Yamaha
3242,320000.0,Pune,8000.0,1.0,3.0,302.0,Benelli
3243,80000.0,Bangalore,24000.0,1.0,12.0,350.0,Royal Enfield
3251,200000.0,Bangalore,8094.0,1.0,3.0,410.0,Royal Enfield
3252,50000.0,Mumbai,6150.0,1.0,3.0,150.0,Bajaj
3253,70000.0,Chennai,17187.0,1.0,5.0,200.0,Bajaj
3254,84000.0,Ahmedabad,39301.0,1.0,5.0,350.0,Royal Enfield
3255,140000.0,Kanchipuram,7300.0,1.0,3.0,350.0,Royal Enfield
3256,29000.0,Lucknow,67987.0,2.0,5.0,150.0,Hero
3257,23000.0,Faridabad,14244.0,1.0,7.0,100.0,Hero
3258,96000.0,Mumbai,25000.0,1.0,7.0,390.0,KTM
3259,24000.0,Gurgaon,20000.0,1.0,9.0,100.0,Hero
3260,51000.0,Thane,9200.0,1.0,5.0,180.0,Bajaj
3261,89700.0,Kolkata,918.0,1.0,4.0,220.0,Bajaj
3262,135000.0,Mumbai,5000.0,1.0,2.0,125.0,KTM
3263,23000.0,Mumbai,38499.0,2.0,11.0,100.0,Hero
3264,12000.0,Bangalore,38000.0,1.0,15.0,180.0,Bajaj
3270,25500.0,Delhi,19000.0,1.0,8.0,100.0,Bajaj
3271,110000.0,Ganganagar,9000.0,1.0,7.0,500.0,Royal Enfield
3272,65000.0,Ahmedabad,30000.0,1.0,9.0,220.0,Bajaj
3273,73000.0,Kolar,11000.0,1.0,7.0,150.0,Yamaha
3274,90000.0,Jalandhar,16000.0,2.0,6.0,200.0,Bajaj
3275,165000.0,Coimbatore,19500.0,1.0,6.0,500.0,Royal Enfield
3276,60000.0,Delhi,4000.0,1.0,4.0,150.0,Bajaj
3277,20000.0,Bahadurpur,25000.0,1.0,7.0,100.0,Hero
3278,67000.0,Delhi,30000.0,1.0,5.0,150.0,Bajaj
3279,115000.0,Batala,3195.0,1.0,4.0,250.0,Yamaha
3280,19000.0,Budhlada,18000.0,2.0,9.0,100.0,Hero
3281,107900.0,Delhi,9767.0,1.0,7.0,350.0,Royal Enfield
3282,115000.0,Bangalore,9100.0,1.0,8.0,350.0,Royal Enfield
3283,41245.0,Hyderabad,55000.0,1.0,9.0,220.0,Bajaj
3284,97100.0,Delhi,15000.0,1.0,8.0,350.0,Royal Enfield
3285,105000.0,Mumbai,15000.0,1.0,6.0,200.0,Bajaj
3286,125000.0,Pune,11500.0,1.0,4.0,200.0,Bajaj
3287,45000.0,Haldwani,8800.0,1.0,11.0,150.0,Yamaha
3288,21800.0,Delhi,8000.0,1.0,14.0,223.0,Hero
3289,29000.0,Delhi,12972.0,1.0,7.0,100.0,Hero
3290,34000.0,Delhi,14494.0,1.0,6.0,110.0,Hero
3298,56000.0,Delhi,1745.0,1.0,2.0,100.0,Hero
3299,155000.0,Bangalore,7800.0,1.0,5.0,250.0,Benelli
3300,125000.0,Chennai,20000.0,1.0,5.0,500.0,Royal Enfield
3301,26500.0,Faridabad,17857.0,1.0,6.0,100.0,Hero
3302,10500.0,Ranga Reddy,60000.0,1.0,13.0,150.0,Bajaj
3303,19000.0,Gurgaon,13723.0,2.0,10.0,100.0,Hero
3304,115000.0,Ghaziabad,12288.0,1.0,3.0,350.0,Royal Enfield
3305,65000.0,Navi Mumbai,27500.0,1.0,5.0,220.0,Bajaj
3306,100000.0,Bangalore,15428.0,1.0,6.0,350.0,Royal Enfield
3307,21400.0,Delhi,27000.0,1.0,6.0,110.0,Mahindra
3308,89000.0,Jaipur,10000.0,1.0,3.0,220.0,Bajaj
3309,89000.0,Ranga Reddy,39000.0,1.0,7.0,350.0,Royal Enfield
3310,88000.0,Ahmedabad,7150.0,1.0,5.0,200.0,Bajaj
3311,48000.0,Mumbai,28081.0,2.0,6.0,220.0,Bajaj
3312,40000.0,Thane,48000.0,1.0,7.0,150.0,Yamaha
3313,60000.0,Mumbai,12919.0,1.0,5.0,150.0,Suzuki
3314,30000.0,Mumbai,27411.0,1.0,12.0,150.0,Yamaha
3315,50000.0,Faridabad,10500.0,1.0,5.0,220.0,Bajaj
3316,148000.0,Mumbai,19750.0,1.0,5.0,390.0,KTM
3317,87000.0,Pune,7113.0,1.0,3.0,160.0,Honda
3318,40000.0,Bangalore,31000.0,2.0,4.0,150.0,Bajaj
3319,17000.0,Ghaziabad,36849.0,1.0,10.0,110.0,Honda
3320,100000.0,Navi Mumbai,36000.0,1.0,8.0,250.0,Honda
3321,30000.0,Ghaziabad,13223.0,1.0,8.0,125.0,Bajaj
3322,105000.0,Bangalore,29000.0,1.0,7.0,350.0,Royal Enfield
3323,12000.0,Surat,25000.0,1.0,13.0,150.0,Bajaj
3324,85000.0,Mumbai,8000.0,1.0,7.0,350.0,Royal Enfield
3325,39700.0,Visakhapatnam,58000.0,1.0,8.0,150.0,Honda
3329,124000.0,Delhi,14407.0,1.0,5.0,300.0,Mahindra
3330,120000.0,Faridabad,14354.0,1.0,3.0,350.0,Royal Enfield
3331,33000.0,Faridabad,19365.0,1.0,4.0,100.0,Hero
3332,120000.0,Jaipur,21000.0,1.0,4.0,350.0,Royal Enfield
3333,85000.0,Mumbai,6821.0,1.0,2.0,160.0,TVS
3334,38000.0,Lucknow,32800.0,1.0,7.0,150.0,Bajaj
3335,75400.0,Hyderabad,11200.0,1.0,3.0,150.0,Suzuki
3336,115000.0,Ahmedabad,17000.0,1.0,4.0,350.0,Royal Enfield
3337,89000.0,Gandhinagar,29235.0,2.0,6.0,500.0,Royal Enfield
3338,36000.0,Jaipur,24990.0,1.0,4.0,100.0,Hero
3339,37000.0,Jaipur,22057.0,1.0,5.0,125.0,Honda
3340,125000.0,Delhi,33160.0,1.0,3.0,350.0,Royal Enfield
3341,50000.0,Surat,13098.0,1.0,6.0,220.0,Bajaj
3342,39000.0,Surat,48000.0,1.0,7.0,220.0,Bajaj
3343,33000.0,Surat,30000.0,1.0,5.0,150.0,Bajaj
3344,63823.0,Surat,28500.0,1.0,5.0,180.0,TVS
3362,32000.0,Faridabad,15820.0,1.0,3.0,100.0,TVS
3363,24000.0,Jaipur,20100.0,1.0,10.0,100.0,Hero
3364,30000.0,Jaipur,27000.0,1.0,6.0,110.0,TVS
3365,15000.0,Jaipur,52391.0,1.0,15.0,125.0,Hero
3366,8000.0,Gurgaon,44030.0,2.0,15.0,125.0,Suzuki
3367,35000.0,Pune,47000.0,2.0,8.0,125.0,Bajaj
3369,149700.0,Indore,4000.0,1.0,3.0,350.0,Royal Enfield
3370,100000.0,Delhi,20821.0,2.0,4.0,400.0,Bajaj
3371,80000.0,Bangalore,2985.0,1.0,5.0,220.0,Bajaj
3372,80000.0,Delhi,12025.0,1.0,3.0,160.0,Honda
3384,27000.0,Mumbai,30633.0,2.0,10.0,220.0,Bajaj
3385,55000.0,Ahmedabad,29550.0,1.0,6.0,220.0,Bajaj
3386,85000.0,Gurgaon,7504.0,2.0,7.0,500.0,Royal Enfield
3387,55000.0,Delhi,53000.0,1.0,9.0,350.0,Royal Enfield
3388,188600.0,Pune,10838.0,1.0,4.0,390.0,KTM
3397,44000.0,Ghaziabad,29000.0,2.0,6.0,200.0,Bajaj
3398,18000.0,Muzaffarnagar,403833.0,1.0,15.0,125.0,Bajaj
3427,135000.0,Gurgaon,32000.0,1.0,7.0,390.0,KTM
3428,110000.0,Noida,30000.0,1.0,5.0,300.0,Mahindra
3440,92000.0,Mumbai,14289.0,1.0,2.0,160.0,TVS
3441,183000.0,Gurgaon,4866.0,1.0,4.0,390.0,KTM
3442,25000.0,Delhi,51848.0,1.0,8.0,110.0,Honda
3443,15000.0,Meerut,7500.0,2.0,12.0,100.0,Hero
3444,25000.0,Delhi,14524.0,1.0,10.0,180.0,Bajaj
3445,135000.0,Jalandhar,8000.0,1.0,4.0,350.0,Royal Enfield
3446,89000.0,Adyar,28395.0,1.0,10.0,350.0,Royal Enfield
3447,112500.0,Delhi,5300.0,1.0,5.0,200.0,Bajaj
3448,68000.0,Thane,12642.0,1.0,3.0,150.0,Bajaj
3449,23000.0,Ahmedabad,61889.0,1.0,7.0,100.0,Hero
3450,125000.0,Gurgaon,13192.0,1.0,4.0,400.0,Bajaj
3451,140000.0,Pune,5740.0,1.0,6.0,500.0,Royal Enfield
3452,68000.0,Mumbai,23511.0,1.0,4.0,220.0,Bajaj
3453,105000.0,Thrissur,14300.0,1.0,3.0,250.0,Yamaha
3454,70000.0,Delhi,38214.0,1.0,10.0,350.0,Royal Enfield
3455,40000.0,Ghaziabad,40323.0,1.0,7.0,150.0,Honda
3456,121000.0,Mumbai,9650.0,1.0,4.0,400.0,Bajaj
3457,42000.0,Varanasi,33000.0,2.0,8.0,200.0,Bajaj
3458,18000.0,Surat,24710.0,1.0,11.0,150.0,Hero
3459,90000.0,Pondicherry,19500.0,1.0,6.0,350.0,Royal Enfield
3460,104000.0,Delhi,12000.0,1.0,5.0,200.0,Bajaj
3461,13000.0,Delhi,62517.0,1.0,13.0,100.0,Hero
3462,135000.0,Noida,11514.0,1.0,3.0,500.0,Royal Enfield
3464,98000.0,Noida,19398.0,1.0,7.0,500.0,Royal Enfield
3465,115000.0,Thane,21500.0,1.0,4.0,200.0,Bajaj
3466,26000.0,Mumbai,80293.0,2.0,9.0,220.0,Bajaj
3467,55000.0,Bangalore,6500.0,1.0,4.0,150.0,Bajaj
3468,81100.0,Mumbai,12400.0,1.0,3.0,160.0,Bajaj
3469,17000.0,Delhi,51411.0,1.0,11.0,150.0,Bajaj
3470,140000.0,Delhi,6000.0,2.0,4.0,300.0,Mahindra
3471,310000.0,Chennai,11000.0,1.0,4.0,302.0,Benelli
3472,47000.0,Sonipat,31500.0,1.0,5.0,220.0,Bajaj
3473,36000.0,Chennai,24234.0,1.0,7.0,160.0,TVS
3474,165000.0,Calicut,8300.0,1.0,3.0,400.0,Bajaj
3480,58000.0,Karnal,52500.0,1.0,6.0,200.0,Bajaj
3481,78000.0,Chakan,2200.0,1.0,4.0,160.0,Honda
3482,65000.0,Mumbai,216000.0,1.0,8.0,150.0,Yamaha
3483,74000.0,Bangalore,24000.0,1.0,5.0,220.0,Bajaj
3484,36000.0,Bangalore,9200.0,1.0,6.0,125.0,Bajaj
3485,36000.0,24 Pargana,24000.0,2.0,7.0,150.0,Honda
3486,45000.0,Delhi,18000.0,2.0,5.0,150.0,Suzuki
3495,17500.0,Bhopal,32849.0,1.0,18.0,110.0,TVS
3496,18000.0,Delhi,25000.0,1.0,11.0,135.0,Bajaj
3497,43000.0,Delhi,10224.0,1.0,5.0,100.0,Hero
3498,58000.0,Delhi,28435.0,1.0,6.0,220.0,Bajaj
3499,35000.0,Karnal,10000.0,1.0,5.0,100.0,Hero
3500,38000.0,Raigarh,24533.0,1.0,6.0,125.0,Honda
3501,62000.0,Gurgaon,25000.0,1.0,6.0,200.0,Bajaj
3502,150000.0,Sonepat,3800.0,1.0,5.0,200.0,KTM
3503,42000.0,Jaipur,8094.0,1.0,6.0,150.0,Bajaj
3504,135000.0,Chikkaballapur,8000.0,1.0,5.0,200.0,KTM
3505,52000.0,Kasba,8100.0,2.0,5.0,223.0,Hero
3506,37900.0,Jaipur,26500.0,1.0,6.0,125.0,Honda
3507,25000.0,Jaipur,25000.0,1.0,9.0,100.0,Bajaj
3508,250000.0,Bulandshahr,3000.0,1.0,4.0,390.0,KTM
3509,92000.0,Mumbai,4000.0,1.0,4.0,200.0,TVS
3510,42000.0,Jaipur,28100.0,1.0,8.0,150.0,Bajaj
3511,125000.0,Bangalore,8300.0,1.0,5.0,350.0,Royal Enfield
3512,82000.0,Bangalore,42000.0,1.0,7.0,150.0,Yamaha
3513,169100.0,Chennai,21800.0,1.0,5.0,390.0,KTM
3514,155000.0,Navi Mumbai,2000.0,1.0,5.0,410.0,Royal Enfield
3515,17000.0,Cuttack,32031.0,1.0,11.0,100.0,TVS
3516,31000.0,Mumbai,26000.0,1.0,7.0,110.0,Honda
3517,49500.0,Delhi,5000.0,1.0,5.0,110.0,Hero
3518,14500.0,Ahmedabad,39023.0,1.0,14.0,100.0,Bajaj
3519,150000.0,Mumbai,4000.0,1.0,5.0,500.0,Royal Enfield
3520,155551.0,Rajkot,3450.0,1.0,4.0,350.0,Royal Enfield
3521,76000.0,Thane,7500.0,1.0,5.0,220.0,Bajaj
3522,29700.0,Chennai,39000.0,1.0,8.0,150.0,Yamaha
3523,112200.0,Bangalore,40.0,1.0,7.0,350.0,Royal Enfield
3524,29000.0,Delhi,21000.0,1.0,7.0,125.0,Bajaj
3526,63499.0,Gurgaon,18000.0,1.0,11.0,350.0,Royal Enfield
3529,135000.0,Faridabad,14357.0,1.0,6.0,200.0,KTM
3530,25999.0,Delhi,17000.0,1.0,7.0,100.0,Bajaj
3531,52000.0,Delhi,3200.0,1.0,4.0,100.0,Hero
3532,53100.0,Delhi,30000.0,1.0,7.0,200.0,Bajaj
3533,145000.0,Kottayam,18000.0,1.0,4.0,350.0,Royal Enfield
3534,105600.0,Burdwan,9700.0,1.0,7.0,350.0,Royal Enfield
3535,50200.0,Chhatarpur,13500.0,1.0,4.0,110.0,Hero
3536,137300.0,Dharwad,15200.0,1.0,5.0,350.0,Royal Enfield
3537,34200.0,Anjar,25000.0,1.0,6.0,125.0,Bajaj
3538,52000.0,Jaipur,19400.0,1.0,7.0,220.0,Bajaj
3539,18158.0,Gurgaon,44000.0,1.0,13.0,180.0,Bajaj
3540,79450.0,Durg,3500.0,1.0,4.0,160.0,TVS
3541,75000.0,Hyderabad,11800.0,1.0,5.0,220.0,Bajaj
3542,32000.0,Patiala,20000.0,1.0,9.0,150.0,Yamaha
3543,56500.0,Delhi,20000.0,1.0,6.0,220.0,Bajaj
3544,36000.0,Chennai,26700.0,1.0,10.0,150.0,Hero
3558,65000.0,Hooghly,26000.0,1.0,9.0,150.0,Yamaha
3559,100000.0,Hyderabad,18973.0,1.0,7.0,350.0,Royal Enfield
3560,40000.0,Delhi,45426.0,1.0,6.0,150.0,Suzuki
3561,200000.0,Marandahalli,5600.0,1.0,2.0,200.0,KTM
3562,18000.0,Ludhiana,37230.0,1.0,12.0,100.0,Bajaj
3563,48500.0,Delhi,26008.0,1.0,4.0,150.0,Hero
3564,28000.0,Khalilabad,52800.0,1.0,8.0,110.0,Hero
3565,190000.0,Kanpur,9560.0,1.0,4.0,250.0,Hyosung
3566,65000.0,Delhi,15048.0,2.0,8.0,150.0,Yamaha
3567,34000.0,Delhi,23722.0,1.0,4.0,125.0,Bajaj
3568,37000.0,Delhi,9581.0,1.0,5.0,150.0,Bajaj
3569,30000.0,Delhi,36000.0,1.0,11.0,150.0,Bajaj
3570,120000.0,Bangalore,9236.0,1.0,4.0,200.0,Bajaj
3571,30000.0,Badaun,50000.0,1.0,6.0,150.0,Bajaj
3572,25000.0,Ghaziabad,41055.0,1.0,10.0,100.0,Hero
3573,92000.0,Namakkal,26500.0,1.0,5.0,200.0,Bajaj
3574,70000.0,Faridabad,11052.0,1.0,3.0,220.0,Bajaj
3575,47000.0,Dakshina Kannada,35000.0,1.0,6.0,150.0,Yamaha
3576,48000.0,Delhi,64831.0,1.0,5.0,180.0,TVS
3577,35300.0,Vadodara,40000.0,1.0,8.0,220.0,Bajaj
3578,100000.0,Puri,25000.0,1.0,4.0,400.0,Bajaj
3579,140000.0,Mumbai,9019.0,1.0,3.0,400.0,Bajaj
3608,41500.0,Mumbai,12986.0,2.0,7.0,150.0,Yamaha
3609,139000.0,Kolhapur,22000.0,1.0,7.0,250.0,Hyosung
3610,125000.0,Navi Mumbai,51600.0,1.0,6.0,390.0,KTM
3611,60000.0,Pune,16984.0,1.0,7.0,150.0,Yamaha
3616,117000.0,Guwahati,13600.0,1.0,3.0,350.0,Royal Enfield
3617,36500.0,Delhi,17400.0,1.0,3.0,100.0,Hero
3618,110000.0,Delhi,28000.0,1.0,3.0,200.0,Bajaj
3619,56000.0,Noida,20012.0,1.0,4.0,220.0,Bajaj
3620,95000.0,Mumbai,12107.0,1.0,5.0,350.0,Royal Enfield
3621,108900.0,Mumbai,25660.0,1.0,9.0,500.0,Royal Enfield
3622,165000.0,Sonepat,484.0,1.0,3.0,200.0,KTM
3623,75000.0,Gurgaon,20000.0,1.0,3.0,200.0,TVS
3624,85000.0,Delhi,32000.0,1.0,7.0,350.0,Royal Enfield
3625,17000.0,Mumbai,69234.0,1.0,11.0,135.0,Bajaj
3626,250000.0,Thane,9400.0,1.0,6.0,300.0,Kawasaki
3627,86000.0,Hyderabad,12398.0,1.0,3.0,250.0,Yamaha
3628,32000.0,Ghaziabad,33142.0,1.0,5.0,110.0,TVS
3629,15000.0,Chennai,68000.0,1.0,16.0,150.0,Bajaj
3630,32000.0,Faridabad,15948.0,1.0,4.0,100.0,Hero
3631,35000.0,Faridabad,11197.0,1.0,3.0,100.0,Hero
3632,145000.0,Bangalore,14717.0,1.0,4.0,500.0,Royal Enfield
3633,43100.0,Delhi,28000.0,1.0,9.0,200.0,Bajaj
3634,25000.0,Bhopal,58000.0,1.0,8.0,100.0,Hero
3635,35000.0,Ahmedabad,32377.0,1.0,5.0,110.0,Honda
3636,47800.0,Delhi,18000.0,1.0,3.0,150.0,Bajaj
3637,11000.0,Bangalore,58000.0,4.0,14.0,150.0,Bajaj
3638,35000.0,Jaipur,22230.0,1.0,6.0,100.0,Hero
3639,126000.0,Rajkot,6000.0,1.0,4.0,350.0,Royal Enfield
3640,24000.0,Ahmedabad,35838.0,1.0,6.0,110.0,Hero
3641,41000.0,Alwar,7737.0,1.0,5.0,150.0,Yamaha
3642,20000.0,Delhi,26896.0,1.0,9.0,125.0,Bajaj
3643,48300.0,Noida,3100.0,1.0,7.0,150.0,Honda
3644,47000.0,Satara,45000.0,2.0,7.0,220.0,Bajaj
3645,23000.0,Delhi,18114.0,1.0,7.0,100.0,Hero
3646,25000.0,Delhi,56675.0,1.0,7.0,100.0,Bajaj
3647,16500.0,Gurgaon,56113.0,1.0,11.0,150.0,Yamaha
3655,65800.0,Kharar,45000.0,1.0,13.0,350.0,Royal Enfield
3656,225000.0,Thane,9007.0,1.0,5.0,250.0,Hyosung
3657,109000.0,Delhi,27721.0,1.0,7.0,350.0,Royal Enfield
3658,92100.0,Delhi,4446.0,1.0,2.0,150.0,Yamaha
3659,40000.0,Surendranagar,29000.0,1.0,5.0,150.0,Hero
3660,90000.0,Mumbai,27922.0,1.0,6.0,350.0,Royal Enfield
3661,170000.0,Bhubaneshwar,19000.0,1.0,5.0,250.0,Hyosung
3662,83000.0,Bangalore,9090.0,1.0,4.0,150.0,Suzuki
3663,133600.0,Indore,5666.0,1.0,4.0,400.0,Bajaj
3691,113900.0,Ghaziabad,19500.0,1.0,5.0,350.0,Royal Enfield
3692,63400.0,Bangalore,50000.0,1.0,11.0,350.0,Royal Enfield
3693,155000.0,Ahmedabad,8790.0,1.0,4.0,250.0,KTM
3694,29000.0,Delhi,26076.0,1.0,6.0,125.0,Yamaha
3695,32000.0,Jaipur,26090.0,1.0,7.0,110.0,Hero
3696,68100.0,Noida,26500.0,1.0,9.0,250.0,Honda
3697,100000.0,Gurgaon,8942.0,1.0,7.0,350.0,Royal Enfield
3698,51000.0,Kolkata,70000.0,1.0,5.0,150.0,Bajaj
3699,104600.0,Delhi,14000.0,1.0,5.0,350.0,Royal Enfield
3700,84000.0,Bangalore,2110.0,1.0,2.0,150.0,Yamaha
3701,150000.0,Gurgaon,9500.0,1.0,3.0,400.0,Bajaj
3702,26000.0,Delhi,23188.0,1.0,8.0,125.0,Hero
3703,125600.0,Delhi,16000.0,1.0,4.0,350.0,Royal Enfield
3704,40000.0,Delhi,30500.0,1.0,5.0,150.0,Bajaj
3705,80000.0,Ahmedabad,10647.0,1.0,6.0,200.0,Bajaj
3724,49000.0,Mumbai,38470.0,1.0,5.0,220.0,Bajaj
3725,102000.0,Delhi,16631.0,2.0,7.0,250.0,Honda
3726,25000.0,Rohtak,50000.0,1.0,6.0,110.0,Honda
3727,10000.0,Alibag,33520.0,1.0,16.0,150.0,Bajaj
3728,10000.0,Sonepat,30800.0,1.0,12.0,125.0,TVS
3729,80600.0,Hyderabad,4800.0,1.0,4.0,150.0,Suzuki
3730,20000.0,Delhi,38210.0,1.0,10.0,180.0,Bajaj
3737,25000.0,Bangalore,45878.0,1.0,11.0,100.0,Hero
3738,59000.0,Bangalore,12362.0,1.0,4.0,150.0,Bajaj
3739,55000.0,Unnao,13000.0,1.0,8.0,223.0,Hero
3740,175000.0,Mumbai,4500.0,1.0,4.0,350.0,Royal Enfield
3741,142000.0,Pondicherry,26000.0,1.0,5.0,410.0,Royal Enfield
3742,136000.0,Gurgaon,5738.0,1.0,3.0,200.0,KTM
3743,37500.0,Ghaziabad,15426.0,1.0,6.0,110.0,Honda
3744,49500.0,Ghaziabad,10623.0,1.0,4.0,110.0,Hero
3745,120000.0,Noida,13500.0,1.0,5.0,350.0,Royal Enfield
3746,48000.0,Jaipur,43003.0,1.0,9.0,220.0,Bajaj
3747,105000.0,Khandela,22000.0,1.0,5.0,350.0,Royal Enfield
3748,126000.0,Howrah,9000.0,1.0,4.0,200.0,KTM
3749,127000.0,Kullu,32000.0,1.0,5.0,500.0,Royal Enfield
3750,90000.0,Bangalore,6772.0,1.0,7.0,150.0,Yamaha
3751,55000.0,Ahmedabad,40958.0,2.0,10.0,150.0,Yamaha
3770,80000.0,Pune,6000.0,1.0,4.0,150.0,Suzuki
3771,40000.0,Burdwan,8975.0,1.0,7.0,150.0,Suzuki
3772,67000.0,Mumbai,3600.0,1.0,5.0,150.0,Bajaj
3773,88000.0,Bangalore,720.0,1.0,4.0,150.0,Suzuki
3774,135000.0,Pune,11767.0,1.0,5.0,350.0,Royal Enfield
3775,66800.0,Mohammadabad,8000.0,1.0,5.0,200.0,Bajaj
3776,97500.0,Bangalore,25000.0,1.0,8.0,350.0,Royal Enfield
3777,60000.0,Sangareddy,34000.0,1.0,7.0,220.0,Bajaj
3778,65200.0,Bangalore,12000.0,1.0,6.0,220.0,Bajaj
3779,35000.0,Hissar,22000.0,1.0,6.0,125.0,Honda
3780,38000.0,Lucknow,7708.0,1.0,4.0,150.0,Bajaj
3781,13000.0,Mumbai,64323.0,1.0,11.0,125.0,Honda
3782,119000.0,Ahmedabad,9000.0,2.0,5.0,410.0,Royal Enfield
3783,65000.0,Delhi,30000.0,1.0,11.0,350.0,Royal Enfield
3784,165000.0,Hyderabad,22876.0,1.0,3.0,410.0,Royal Enfield
3785,170000.0,Mumbai,26000.0,1.0,3.0,500.0,Royal Enfield
3786,12000.0,Pune,36000.0,1.0,18.0,150.0,TVS
3787,100000.0,Delhi,13869.0,2.0,5.0,350.0,Royal Enfield
3788,80000.0,Delhi,22000.0,1.0,3.0,250.0,Yamaha
3789,160000.0,Ghazipur,14000.0,1.0,6.0,500.0,Royal Enfield
3790,75000.0,Chinsurah,13000.0,1.0,5.0,200.0,KTM
3791,50000.0,Thiruvallur,30000.0,1.0,4.0,150.0,Yamaha
3792,149292.0,Hyderabad,17564.0,1.0,2.0,300.0,Mahindra
3793,56000.0,Lucknow,29339.0,,6.0,150.0,Yamaha
3794,345000.0,Jaipur,10619.0,1.0,6.0,750.0,Harley-Davidson
3795,112600.0,Thane,21000.0,1.0,4.0,200.0,KTM
3796,75000.0,Mumbai,55000.0,1.0,6.0,350.0,Royal Enfield
3797,121000.0,Bangalore,18000.0,1.0,4.0,250.0,Yamaha
3807,70000.0,Delhi,16880.0,2.0,2.0,160.0,Bajaj
3808,62000.0,Bangalore,56000.0,2.0,10.0,350.0,Royal Enfield
3809,20000.0,Bangalore,42000.0,2.0,14.0,135.0,Bajaj
3810,95000.0,Delhi,16932.0,1.0,7.0,350.0,Royal Enfield
3811,382000.0,Jaipur,10000.0,1.0,7.0,750.0,Harley-Davidson
3812,28000.0,Noida,40000.0,2.0,11.0,220.0,Bajaj
3813,70000.0,Delhi,21000.0,1.0,12.0,350.0,Royal Enfield
3814,20999.0,Bangalore,75000.0,1.0,14.0,125.0,Hero
3815,40000.0,Delhi,38700.0,1.0,9.0,220.0,Bajaj
3816,55200.0,Shimla,11000.0,1.0,4.0,150.0,Bajaj
3817,72300.0,Delhi,4727.0,1.0,3.0,160.0,Bajaj
3818,78500.0,Hyderabad,20500.0,1.0,8.0,350.0,Royal Enfield
3819,65000.0,Krishna,27000.0,1.0,3.0,160.0,Honda
3820,37000.0,Pune,11701.0,1.0,8.0,150.0,Honda
3821,45000.0,Delhi,18000.0,1.0,3.0,100.0,Hero
3836,100000.0,Ghaziabad,26000.0,1.0,6.0,350.0,Royal Enfield
3837,16900.0,Adalaj,19300.0,1.0,8.0,125.0,Bajaj
3838,54000.0,Azamgarh,40000.0,,8.0,150.0,Yamaha
3839,80000.0,Noida,13600.0,1.0,4.0,220.0,Bajaj
3841,20333.0,Ahmedabad,35000.0,1.0,8.0,110.0,Honda
3842,42000.0,Delhi,30862.0,1.0,5.0,180.0,TVS
3843,47400.0,Kolkata,13000.0,1.0,8.0,150.0,Honda
3855,100000.0,Noida,47313.0,1.0,9.0,350.0,Royal Enfield
3856,138000.0,Bhatinda,5457.0,1.0,5.0,500.0,Royal Enfield
3857,80000.0,Faridabad,17000.0,2.0,9.0,350.0,Royal Enfield
3858,25000.0,Cuttack,20000.0,1.0,11.0,125.0,Hero
3859,59000.0,Gurgaon,16000.0,1.0,5.0,150.0,Bajaj
3860,85000.0,Delhi,15891.0,1.0,4.0,150.0,Suzuki
3861,135000.0,Pune,17600.0,1.0,7.0,500.0,Royal Enfield
3862,35000.0,Gurgaon,31006.0,1.0,5.0,150.0,Bajaj
3863,110000.0,Faridabad,7193.0,1.0,4.0,350.0,Royal Enfield
3864,90000.0,Faridabad,10195.0,1.0,5.0,350.0,Royal Enfield
3865,105000.0,Faridabad,8179.0,1.0,3.0,350.0,Royal Enfield
3866,70000.0,Gurgaon,25000.0,1.0,4.0,150.0,Honda
3867,22000.0,Faridabad,19385.0,1.0,6.0,100.0,Bajaj
3868,32000.0,Faridabad,12315.0,1.0,5.0,150.0,Bajaj
3869,35000.0,Faridabad,1909.0,1.0,4.0,125.0,Honda
3870,20000.0,Faridabad,48782.0,1.0,11.0,160.0,TVS
3871,130000.0,Delhi,22705.0,1.0,5.0,500.0,Royal Enfield
3872,41000.0,Delhi,36000.0,1.0,5.0,150.0,Hero
3873,27000.0,Faridabad,20999.0,1.0,8.0,100.0,Hero
3874,47000.0,Jaipur,18415.0,1.0,8.0,150.0,Yamaha
3875,31000.0,Jaipur,23019.0,1.0,4.0,100.0,Bajaj
3876,23000.0,Faridabad,16230.0,1.0,9.0,160.0,TVS
3877,37000.0,Jaipur,23691.0,1.0,6.0,125.0,Honda
3878,15000.0,Faridabad,19170.0,1.0,11.0,100.0,Bajaj
3879,22000.0,Faridabad,16592.0,1.0,6.0,100.0,TVS
3880,38000.0,Faridabad,11408.0,1.0,3.0,100.0,Bajaj
3881,33000.0,Faridabad,13478.0,1.0,3.0,110.0,Bajaj
3882,55000.0,Faridabad,4195.0,1.0,2.0,100.0,Hero
3883,22000.0,Faridabad,11381.0,1.0,7.0,100.0,Hero
3884,45000.0,Delhi,15665.0,1.0,7.0,220.0,Bajaj
3885,79999.0,Bangalore,9200.0,1.0,3.0,150.0,Suzuki
3886,61700.0,Jaipur,21000.0,1.0,4.0,220.0,Bajaj
3887,40000.0,Gurgaon,30711.0,2.0,9.0,200.0,Bajaj
3888,40000.0,Delhi,32000.0,1.0,6.0,150.0,Suzuki
3898,32000.0,Faridabad,15898.0,1.0,5.0,100.0,Hero
3899,32000.0,Faridabad,25130.0,1.0,5.0,100.0,Hero
3900,32000.0,Faridabad,9338.0,1.0,5.0,100.0,Hero
3901,32000.0,Jaipur,25430.0,1.0,7.0,100.0,Hero
3902,32000.0,Gurgaon,36080.0,1.0,11.0,223.0,Hero
3903,32000.0,Faridabad,16271.0,1.0,5.0,100.0,Hero
3904,51000.0,Jaipur,18314.0,1.0,7.0,160.0,TVS
3905,50000.0,Ghaziabad,22932.0,2.0,9.0,160.0,TVS
3906,50000.0,Ghaziabad,18229.0,1.0,5.0,160.0,TVS
3907,47000.0,Jaipur,26000.0,1.0,8.0,160.0,TVS
3908,38000.0,Bangalore,27350.0,1.0,8.0,150.0,Bajaj
3909,38000.0,Ghaziabad,9370.0,1.0,8.0,220.0,Bajaj
3910,37000.0,Faridabad,17663.0,1.0,3.0,100.0,Bajaj
3911,36000.0,Faridabad,12000.0,1.0,3.0,125.0,Bajaj
3912,35000.0,Faridabad,33505.0,1.0,3.0,100.0,Bajaj
3913,35000.0,Jaipur,19374.0,1.0,4.0,100.0,Bajaj
3914,34000.0,Faridabad,9660.0,1.0,3.0,100.0,Bajaj
3915,34000.0,Gurgaon,13000.0,1.0,11.0,180.0,Bajaj
3916,34000.0,Jaipur,18000.0,1.0,8.0,150.0,Bajaj
3917,21000.0,Ghaziabad,22681.0,1.0,8.0,110.0,Mahindra
3918,30000.0,Faridabad,28785.0,1.0,10.0,160.0,TVS
3919,29000.0,Pune,7000.0,1.0,10.0,110.0,TVS
3920,26500.0,Jaipur,2342.0,1.0,9.0,110.0,TVS
3921,180000.0,Mumbai,2000.0,1.0,2.0,200.0,KTM
3922,26000.0,Jaipur,24000.0,1.0,7.0,110.0,TVS
3923,23000.0,Faridabad,26802.0,1.0,8.0,100.0,TVS
3924,38000.0,Faridabad,24956.0,1.0,5.0,100.0,Hero
3925,38000.0,Jaipur,18945.0,1.0,6.0,100.0,Hero
3926,37000.0,Gurgaon,37880.0,1.0,4.0,100.0,Hero
3927,35000.0,Faridabad,22061.0,1.0,4.0,125.0,Honda
3928,35000.0,Ghaziabad,23298.0,1.0,5.0,125.0,Honda
3929,34000.0,Gurgaon,22430.0,1.0,4.0,125.0,Honda
3930,49000.0,Ghaziabad,16152.0,1.0,3.0,100.0,Hero
3931,49000.0,Chennai,5469.0,1.0,3.0,100.0,Hero
3932,48000.0,Noida,15000.0,1.0,3.0,125.0,Hero
3933,46000.0,Faridabad,60078.0,1.0,3.0,110.0,Hero
3934,45000.0,Jaipur,36344.0,1.0,5.0,100.0,Hero
3935,31000.0,Ahmedabad,9000.0,1.0,4.0,110.0,TVS
3936,70000.0,Jaipur,28112.0,1.0,4.0,150.0,Suzuki
3937,19000.0,Faridabad,21878.0,1.0,11.0,150.0,Yamaha
3938,20000.0,Delhi,66386.0,1.0,16.0,150.0,Bajaj
3939,33000.0,Faridabad,15127.0,1.0,3.0,100.0,Bajaj
3940,155000.0,Bangalore,12900.0,1.0,6.0,390.0,KTM
3941,20000.0,Delhi,9100.0,1.0,13.0,150.0,Honda
3942,52000.0,Jaipur,12322.0,1.0,2.0,110.0,Honda
3943,60000.0,Bangalore,24000.0,1.0,5.0,150.0,Suzuki
3944,14000.0,Delhi,82289.0,1.0,11.0,100.0,Bajaj
3945,18000.0,Gurgaon,39363.0,1.0,12.0,100.0,Bajaj
3946,90000.0,Faridabad,1406.0,1.0,2.0,200.0,Hero
3947,29000.0,Faridabad,20440.0,1.0,11.0,220.0,Bajaj
3948,80000.0,Delhi,2700.0,1.0,2.0,160.0,Bajaj
3949,15000.0,Bhopal,11065.0,2.0,12.0,100.0,Bajaj
3950,62000.0,Faridabad,2259.0,1.0,2.0,125.0,Honda
3951,23000.0,Faridabad,29530.0,1.0,4.0,100.0,Bajaj
3952,21000.0,Jaipur,18330.0,1.0,10.0,135.0,Bajaj
3953,32000.0,Faridabad,21588.0,1.0,5.0,150.0,Bajaj
3954,45000.0,Faridabad,21580.0,1.0,7.0,150.0,Yamaha
3955,50000.0,Faridabad,18516.0,1.0,3.0,150.0,Bajaj
3956,30000.0,Faridabad,21522.0,1.0,5.0,100.0,Hero
3957,19800.0,Faridabad,18100.0,1.0,11.0,100.0,Hero
3958,81300.0,Sri Ganganagar,25000.0,2.0,9.0,350.0,Royal Enfield
3959,50200.0,Chennai,10000.0,1.0,5.0,200.0,Bajaj
3960,35000.0,Delhi,40271.0,1.0,8.0,150.0,Yamaha
3961,40000.0,Gurgaon,23800.0,1.0,6.0,180.0,Bajaj
3962,33000.0,Faridabad,10051.0,1.0,5.0,150.0,Bajaj
3963,47000.0,Faridabad,7787.0,1.0,4.0,160.0,TVS
3964,25000.0,Faridabad,16803.0,1.0,6.0,100.0,Hero
3965,32000.0,Faridabad,33487.0,1.0,13.0,150.0,Yamaha
3966,39000.0,Raigarh(mh),6000.0,1.0,3.0,110.0,Bajaj
3967,33000.0,Faridabad,18204.0,1.0,6.0,160.0,TVS
3968,50000.0,Jaipur,18235.0,1.0,5.0,220.0,Bajaj
3969,90000.0,Delhi,15255.0,1.0,3.0,150.0,Suzuki
3970,35000.0,Kalyan,46000.0,1.0,11.0,125.0,Honda
3971,22000.0,Delhi,26083.0,1.0,8.0,110.0,Hero
3972,43000.0,Delhi,11930.0,1.0,7.0,200.0,Bajaj
3973,28500.0,Faridabad,18748.0,1.0,8.0,150.0,Yamaha
3974,31000.0,Faridabad,16789.0,1.0,5.0,110.0,Honda
3975,24000.0,Gurgaon,15780.0,1.0,5.0,100.0,Bajaj
3976,24000.0,Gurgaon,18710.0,1.0,7.0,100.0,Bajaj
3977,24000.0,Ghaziabad,35720.0,1.0,9.0,125.0,Bajaj
3978,23000.0,Gurgaon,22173.0,1.0,5.0,100.0,Bajaj
3979,23000.0,Faridabad,17904.0,1.0,6.0,100.0,Bajaj
3980,23000.0,Faridabad,10597.0,1.0,5.0,100.0,Bajaj
3981,22000.0,Ghaziabad,47853.0,1.0,9.0,100.0,Bajaj
3982,21000.0,Gurgaon,44770.0,1.0,11.0,150.0,Bajaj
3983,19000.0,Faridabad,36526.0,1.0,9.0,125.0,Bajaj
3984,18000.0,Ghaziabad,28709.0,1.0,16.0,100.0,Bajaj
3985,16000.0,Gurgaon,55000.0,1.0,13.0,100.0,Bajaj
3986,16000.0,Ghaziabad,32791.0,1.0,12.0,100.0,Bajaj
3987,31500.0,Mumbai,48568.0,2.0,10.0,223.0,Hero
3988,31500.0,Jaipur,18652.0,1.0,8.0,110.0,Hero
3989,31000.0,Ghaziabad,17405.0,1.0,6.0,100.0,Hero
3990,30500.0,Jaipur,22598.0,1.0,8.0,100.0,Hero
3991,14000.0,Gurgaon,21999.0,1.0,14.0,100.0,Hero
3992,12000.0,Ahmedabad,35000.0,1.0,15.0,100.0,Hero
3993,48500.0,Delhi,28135.0,1.0,7.0,220.0,Bajaj
3994,44000.0,Delhi,42500.0,1.0,7.0,220.0,Bajaj
3995,26000.0,Noida,17000.0,1.0,11.0,125.0,Hero
3996,26000.0,Faridabad,19617.0,1.0,6.0,100.0,Hero
3997,26000.0,Jaipur,13000.0,1.0,10.0,100.0,Hero
3998,26000.0,Faridabad,14882.0,1.0,7.0,100.0,Hero
3999,27000.0,Gurgaon,25501.0,1.0,6.0,100.0,Hero
4000,27000.0,Gurgaon,17507.0,1.0,7.0,100.0,Hero
4001,27000.0,Delhi,20000.0,1.0,7.0,100.0,Hero
4002,29500.0,Faridabad,18197.0,1.0,5.0,100.0,Hero
4003,29000.0,Ghaziabad,20481.0,1.0,15.0,100.0,Hero
4004,57000.0,Delhi,1000.0,1.0,3.0,125.0,Honda
4005,100000.0,Faridabad,21548.0,1.0,5.0,300.0,Mahindra
4006,29500.0,Noida,18000.0,1.0,10.0,100.0,Hero
4007,28000.0,Noida,13060.0,1.0,10.0,100.0,Hero
4008,26500.0,Jaipur,20385.0,1.0,10.0,100.0,Hero
4009,23000.0,Jaipur,21332.0,1.0,10.0,100.0,Hero
4010,21000.0,Faridabad,20859.0,1.0,10.0,100.0,Hero
4011,20500.0,Faridabad,48412.0,1.0,9.0,100.0,Hero
4012,145000.0,Jaipur,19000.0,1.0,5.0,250.0,Benelli
4013,60000.0,Faridabad,10212.0,1.0,3.0,150.0,Bajaj
4014,60000.0,Jaipur,17962.0,1.0,5.0,220.0,Bajaj
4015,40000.0,Jaipur,20000.0,1.0,4.0,100.0,Hero
4016,22000.0,Ghaziabad,32600.0,1.0,8.0,125.0,Honda
4017,17000.0,Faridabad,13010.0,1.0,10.0,100.0,Hero
4018,80000.0,Delhi,9895.0,1.0,3.0,200.0,TVS
4019,31600.0,Mumbai,50000.0,1.0,6.0,150.0,Bajaj
4020,71600.0,Chenani,35000.0,2.0,6.0,150.0,Yamaha
4021,120000.0,Jalandhar,4000.0,1.0,3.0,200.0,Bajaj
4022,115700.0,Chennai,2000.0,1.0,4.0,150.0,Yamaha
4023,85000.0,Delhi,3900.0,2.0,3.0,200.0,TVS
4024,34000.0,Alwar,50000.0,2.0,7.0,150.0,Bajaj
4025,140000.0,Noida,12643.0,1.0,5.0,500.0,Royal Enfield
4026,325000.0,Thane,4378.0,2.0,6.0,750.0,Harley-Davidson
4027,30000.0,Kanpur Nagar,29508.0,1.0,8.0,125.0,Honda
4028,32000.0,Trivandrum,59500.0,,5.0,150.0,Suzuki
4029,26500.0,Jhansi,25000.0,1.0,9.0,150.0,Honda
4030,42000.0,Jhansi,16000.0,1.0,4.0,100.0,Hero
4031,18900.0,Jhansi,35000.0,2.0,12.0,100.0,Hero
4032,118000.0,Delhi,8000.0,1.0,6.0,500.0,Royal Enfield
4033,24000.0,Delhi,18000.0,1.0,8.0,100.0,Hero
4034,430000.0,Delhi,600.0,1.0,5.0,750.0,Harley-Davidson
4035,18000.0,Jhansi,22000.0,2.0,12.0,150.0,Bajaj
4036,40000.0,Bagalkot,41355.0,1.0,7.0,150.0,Yamaha
4037,51000.0,Gurgaon,8972.0,1.0,2.0,125.0,Honda
4038,70000.0,Thane,14550.0,1.0,9.0,250.0,Honda
4039,170000.0,Secunderabad,3000.0,1.0,4.0,250.0,KTM
4040,30000.0,Mohali,66016.0,1.0,9.0,150.0,Hero
4041,145400.0,Pune,1980.0,1.0,2.0,200.0,Bajaj
4042,35000.0,Delhi,13330.0,1.0,5.0,125.0,Bajaj
4043,65999.0,Delhi,9999.0,1.0,3.0,160.0,TVS
4044,100500.0,Chennai,48000.0,1.0,5.0,350.0,Royal Enfield
4045,39000.0,Gurgaon,8870.0,1.0,4.0,150.0,Bajaj
4046,27000.0,Faridabad,18661.0,1.0,4.0,100.0,Hero
4047,71000.0,Ludhiana,2700.0,1.0,3.0,220.0,Bajaj
4048,28000.0,Ghaziabad,21605.0,1.0,5.0,110.0,Honda
4049,28000.0,Gurgaon,22444.0,1.0,6.0,110.0,Honda
4050,28000.0,Gurgaon,35719.0,1.0,6.0,110.0,Honda
4051,28000.0,Gurgaon,20776.0,1.0,7.0,125.0,Honda
4052,28000.0,Jaipur,24990.0,1.0,8.0,125.0,Honda
4053,26000.0,Pune,36250.0,1.0,12.0,125.0,Honda
4054,55000.0,Jaipur,17000.0,1.0,4.0,100.0,Hero
4055,55000.0,Gurgaon,5238.0,1.0,2.0,100.0,Hero
4056,37000.0,Delhi,12500.0,1.0,8.0,220.0,Bajaj
4057,33000.0,Ghaziabad,28422.0,1.0,7.0,150.0,Yamaha
4058,33000.0,Faridabad,15388.0,1.0,7.0,150.0,Yamaha
4059,32000.0,Jalandhar,35000.0,1.0,11.0,150.0,Yamaha
4060,30000.0,Ghaziabad,23500.0,1.0,9.0,150.0,Yamaha
4061,28000.0,Jaipur,20555.0,1.0,10.0,150.0,Yamaha
4062,100000.0,Faridabad,18239.0,1.0,6.0,350.0,Royal Enfield
4063,33000.0,Jaipur,18677.0,1.0,6.0,100.0,TVS
4064,25500.0,Gurgaon,27272.0,1.0,8.0,110.0,Honda
4065,58000.0,Jaipur,20000.0,1.0,5.0,223.0,Hero
4066,66778.0,Delhi,33962.0,1.0,10.0,350.0,Royal Enfield
4067,124000.0,Pune,23000.0,1.0,5.0,350.0,Royal Enfield
4068,135000.0,Bhopal,15000.0,2.0,7.0,390.0,KTM
4069,25000.0,Agra,22000.0,1.0,13.0,180.0,Bajaj
4070,130000.0,Ahmedabad,3700.0,1.0,6.0,500.0,Royal Enfield
4071,90000.0,Delhi,17900.0,1.0,6.0,350.0,Royal Enfield
4072,95000.0,Delhi,17553.0,2.0,6.0,350.0,Royal Enfield
4073,30000.0,Jaipur,18516.0,1.0,8.0,110.0,Honda
4074,29700.0,Delhi,19500.0,1.0,6.0,110.0,Honda
4075,70100.0,Kurukshetra,35000.0,2.0,9.0,350.0,Royal Enfield
4076,80000.0,Faridabad,10444.0,1.0,6.0,350.0,Royal Enfield
4077,92000.0,Faridabad,10043.0,1.0,4.0,350.0,Royal Enfield
4078,19000.0,Faridabad,16954.0,1.0,9.0,100.0,Hero
4079,71000.0,Faridabad,26379.0,1.0,11.0,350.0,Royal Enfield
4080,115000.0,Chennai,18500.0,1.0,4.0,350.0,Royal Enfield
4081,71000.0,Mumbai,14144.0,2.0,8.0,200.0,KTM
4082,45000.0,Bangalore,23910.0,1.0,5.0,160.0,Honda
4084,152500.0,Mumbai,4700.0,1.0,4.0,500.0,Royal Enfield
4086,70400.0,Delhi,8400.0,1.0,3.0,160.0,Bajaj
4087,42500.0,Surat,9300.0,1.0,5.0,220.0,Bajaj
4088,110000.0,Ahmedabad,20844.0,1.0,7.0,350.0,Royal Enfield
4089,107000.0,Pune,18443.0,1.0,5.0,350.0,Royal Enfield
4090,113600.0,Howrah,6000.0,1.0,4.0,150.0,Yamaha
4091,23000.0,Ludhiana,12152.0,1.0,11.0,150.0,TVS
4092,15244.0,Jaipur,40320.0,1.0,15.0,125.0,Hero
4093,30000.0,Hissar,18000.0,1.0,7.0,150.0,Yamaha
4094,75000.0,Chennai,24700.0,1.0,8.0,500.0,Royal Enfield
4095,32000.0,Ghaziabad,18880.0,1.0,8.0,220.0,Bajaj
4096,65000.0,Mumbai,4500.0,1.0,4.0,150.0,Honda
4097,50000.0,Ahmedabad,28640.0,2.0,7.0,150.0,Yamaha
4098,45000.0,Gorakhpur,33000.0,1.0,7.0,135.0,Bajaj
4099,95000.0,Bangalore,7898.0,1.0,4.0,250.0,Yamaha
4100,50000.0,Mumbai,24336.0,1.0,4.0,150.0,Suzuki
4101,91161.0,Chandigarh,8800.0,1.0,7.0,350.0,Royal Enfield
4102,38000.0,Hyderabad,26000.0,1.0,9.0,180.0,Bajaj
4103,75000.0,Navi Mumbai,23799.0,1.0,15.0,350.0,Royal Enfield
4104,210000.0,Ranchi,1900.0,1.0,2.0,390.0,KTM
4105,56000.0,Delhi,7974.0,1.0,4.0,160.0,Bajaj
4106,71000.0,Gurgaon,5340.0,1.0,3.0,150.0,Yamaha
4107,22500.0,Faridabad,40000.0,2.0,9.0,150.0,Yamaha
4108,94000.0,Noida,19869.0,1.0,5.0,350.0,Royal Enfield
4109,102700.0,Noida,22000.0,1.0,5.0,350.0,Royal Enfield
4110,107000.0,Navi Mumbai,27000.0,1.0,5.0,350.0,Royal Enfield
4111,330000.0,Bangalore,4200.0,1.0,3.0,250.0,Hyosung
4112,23500.0,Faridabad,31374.0,1.0,8.0,150.0,Yamaha
4113,62000.0,Kolkata,8010.0,1.0,4.0,150.0,Yamaha
4114,38000.0,Delhi,21249.0,1.0,3.0,110.0,TVS
4115,18000.0,Ghaziabad,23650.0,1.0,9.0,100.0,TVS
4116,55000.0,Chandigarh,12944.0,1.0,7.0,220.0,Bajaj
4117,105000.0,Chandigarh,20000.0,1.0,8.0,500.0,Royal Enfield
4118,118000.0,Chandigarh,18331.0,1.0,5.0,200.0,KTM
4119,26000.0,Chennai,15508.0,1.0,6.0,100.0,Bajaj
4120,37000.0,Ahmedabad,30334.0,4.0,7.0,220.0,Bajaj
4121,48000.0,Gurgaon,52904.0,2.0,14.0,350.0,Royal Enfield
4122,53000.0,Jaipur,18200.0,1.0,5.0,220.0,Bajaj
4123,75000.0,Faridabad,30875.0,1.0,7.0,350.0,Royal Enfield
4124,85000.0,Gurgaon,7500.0,1.0,3.0,200.0,TVS
4125,23000.0,Gurgaon,14489.0,1.0,4.0,110.0,Honda
4127,160000.0,Thane,7299.0,1.0,4.0,350.0,Royal Enfield
4128,34000.0,Gurgaon,18585.0,1.0,6.0,110.0,Honda
4129,135000.0,Chennai,7409.0,1.0,4.0,500.0,Royal Enfield
4130,32000.0,Jaipur,25000.0,1.0,5.0,110.0,Honda
4131,60000.0,Mumbai,20021.0,1.0,5.0,220.0,Bajaj
4132,40000.0,Kolkata,15000.0,1.0,6.0,180.0,Bajaj
4133,100000.0,Gurgaon,17600.0,1.0,6.0,390.0,KTM
4134,61000.0,Gurgaon,64284.0,1.0,8.0,200.0,KTM
4135,69500.0,Delhi,9943.0,1.0,2.0,150.0,Yamaha
4136,79000.0,Jaipur,18000.0,1.0,5.0,200.0,Bajaj
4137,55000.0,Gurgaon,4000.0,1.0,4.0,150.0,Yamaha
4138,18000.0,Kolkata,39303.0,1.0,13.0,180.0,Bajaj
4139,20500.0,Chennai,32000.0,1.0,10.0,150.0,Yamaha
4147,120000.0,Bangalore,24200.0,1.0,4.0,400.0,Bajaj
4148,58690.0,Kolkata,20000.0,1.0,5.0,150.0,Suzuki
4149,150000.0,Bangalore,11000.0,1.0,4.0,400.0,Bajaj
4150,20000.0,Gurgaon,52487.0,1.0,12.0,160.0,TVS
4151,25000.0,Gurgaon,23500.0,1.0,6.0,110.0,Hero
4152,22000.0,Gurgaon,17799.0,1.0,5.0,100.0,Bajaj
4153,21000.0,Pune,57000.0,1.0,10.0,125.0,Bajaj
4154,15000.0,Dhariawad,35376.0,1.0,11.0,100.0,TVS
4155,80900.0,Mumbai,19500.0,1.0,6.0,200.0,Bajaj
4156,24000.0,Ahmedabad,26000.0,1.0,8.0,100.0,Hero
4157,108000.0,Bangalore,29100.0,1.0,6.0,350.0,Royal Enfield
4158,200000.0,Bangalore,14608.0,1.0,3.0,200.0,KTM
4159,110000.0,Hyderabad,24815.0,1.0,4.0,350.0,Royal Enfield
4160,31000.0,Delhi,12410.0,1.0,7.0,100.0,Hero
4161,95000.0,Bargarh,9293.0,1.0,6.0,150.0,Honda
4162,130000.0,Pune,6240.0,1.0,5.0,200.0,KTM
4163,120000.0,Mumbai,10000.0,1.0,4.0,200.0,KTM
4164,110000.0,Faridabad,13000.0,1.0,4.0,200.0,KTM
4165,34000.0,Ghaziabad,39422.0,1.0,6.0,100.0,Hero
4166,34000.0,Ghaziabad,18755.0,1.0,5.0,100.0,Hero
4167,34000.0,Jaipur,22011.0,1.0,7.0,100.0,Hero
4168,130000.0,Ludhiana,4932.0,1.0,4.0,350.0,Royal Enfield
4169,25500.0,Jaipur,19000.0,1.0,10.0,100.0,Hero
4170,10005.0,Ahmedabad,32521.0,1.0,13.0,125.0,Yamaha
4171,439000.0,Delhi,2472.0,1.0,5.0,750.0,Harley-Davidson
4172,32000.0,Delhi,41000.0,1.0,7.0,150.0,Bajaj
4173,32000.0,Gurgaon,12889.0,1.0,5.0,100.0,Hero
4174,32000.0,Faridabad,14604.0,1.0,4.0,100.0,Hero
4183,31000.0,Gurgaon,15700.0,1.0,4.0,110.0,Hero
4184,35000.0,Bangalore,53005.0,1.0,7.0,150.0,Yamaha
4186,78000.0,Kanchipuram,27300.0,1.0,6.0,150.0,Honda
4190,35000.0,Delhi,24635.0,1.0,5.0,150.0,Bajaj
4191,43000.0,Delhi,27135.0,2.0,5.0,150.0,Bajaj
4192,49000.0,Delhi,29003.0,1.0,4.0,150.0,Bajaj
4193,25000.0,Faridabad,16208.0,1.0,5.0,100.0,TVS
4194,25000.0,Faridabad,17194.0,1.0,4.0,100.0,TVS
4195,159500.0,Bangalore,1000.0,1.0,5.0,410.0,Royal Enfield
4196,21000.0,Faridabad,20195.0,1.0,5.0,125.0,Yamaha
4197,36000.0,Chandigarh,8500.0,2.0,5.0,125.0,Honda
4198,75000.0,Mumbai,2452.0,1.0,3.0,150.0,Suzuki
4199,192000.0,Mumbai,16000.0,1.0,6.0,300.0,Benelli
4200,700000.0,Delhi,285.0,1.0,3.0,1000.0,Yamaha
4201,31500.0,Bangalore,33000.0,2.0,11.0,150.0,Yamaha
4202,83000.0,Kolkata,13800.0,2.0,7.0,350.0,Royal Enfield
4208,64000.0,Pune,20816.0,2.0,5.0,150.0,Bajaj
4209,137000.0,Satara,7500.0,1.0,3.0,350.0,Royal Enfield
4210,50000.0,Delhi,24419.0,1.0,7.0,200.0,Bajaj
4211,54500.0,Delhi,23833.0,1.0,4.0,150.0,Suzuki
4212,45000.0,Gurgaon,16445.0,1.0,3.0,125.0,Hero
4213,43000.0,Jaipur,21000.0,1.0,4.0,110.0,Hero
4214,43000.0,Jaipur,55000.0,1.0,4.0,110.0,Hero
4215,18000.0,Bangalore,49692.0,1.0,13.0,110.0,TVS
4216,36700.0,Gurgaon,37861.0,1.0,4.0,150.0,Bajaj
4217,62000.0,Krishna,18500.0,1.0,4.0,160.0,TVS
4219,79000.0,Guwahati,22000.0,1.0,7.0,150.0,Yamaha
4228,55000.0,Mumbai,23000.0,1.0,6.0,150.0,Suzuki
4229,35000.0,Faridabad,25063.0,1.0,4.0,100.0,Hero
4230,35000.0,Faridabad,20375.0,1.0,6.0,100.0,Hero
4231,33000.0,Jaipur,23873.0,1.0,7.0,100.0,Hero
4232,23000.0,Jaipur,20931.0,1.0,11.0,100.0,Hero
4233,82000.0,Delhi,11000.0,1.0,3.0,150.0,Suzuki
4234,50000.0,Delhi,14000.0,1.0,5.0,150.0,Suzuki
4235,150000.0,Delhi,7555.0,1.0,5.0,410.0,Royal Enfield
4238,36500.0,Chennai,7086.0,1.0,5.0,100.0,Hero
4239,36000.0,Jaipur,19253.0,1.0,6.0,100.0,Hero
4240,36000.0,Gurgaon,20494.0,1.0,5.0,125.0,Hero
4241,166000.0,Gadarpur,5150.0,1.0,7.0,300.0,Kawasaki
4242,147700.0,Ahmedabad,4600.0,1.0,4.0,400.0,Bajaj
4243,85000.0,Delhi,4652.0,1.0,4.0,200.0,TVS
4244,19000.0,Surat,43000.0,1.0,13.0,100.0,Hero
4245,32000.0,Jalandhar,70000.0,1.0,10.0,180.0,Bajaj
4246,65000.0,Jalandhar,80000.0,1.0,5.0,220.0,Bajaj
4247,35000.0,Chikamaglur,60000.0,2.0,12.0,220.0,Bajaj
4248,100000.0,Bangalore,13829.0,1.0,5.0,200.0,Bajaj
4249,66000.0,Bangalore,23000.0,1.0,5.0,150.0,Yamaha
4250,110000.0,Hyderabad,6800.0,1.0,3.0,200.0,TVS
4251,51000.0,Ahmedabad,12000.0,1.0,2.0,110.0,TVS
4252,22950.0,Delhi,32494.0,2.0,3.0,110.0,Suzuki
4254,130000.0,Bangalore,30000.0,1.0,6.0,500.0,Royal Enfield
4255,35000.0,Mysore,93000.0,1.0,13.0,150.0,Honda
4256,11500.0,Tiruvallur,28000.0,1.0,15.0,100.0,Bajaj
4257,39000.0,Nashik,1.0,2.0,10.0,100.0,Hero
4258,110000.0,Karim Nagar,32000.0,1.0,7.0,500.0,Royal Enfield
4259,326000.0,Bangalore,10194.0,1.0,6.0,650.0,Hyosung
4260,100000.0,Kotdwar,10847.0,1.0,7.0,350.0,Royal Enfield
4261,35000.0,Faridabad,21165.0,1.0,4.0,100.0,Hero
4262,33000.0,Gurgaon,22114.0,1.0,7.0,100.0,Hero
4263,33000.0,Ghaziabad,10000.0,1.0,7.0,100.0,Hero
4264,33000.0,Jaipur,19340.0,1.0,7.0,110.0,Hero
4265,33000.0,Faridabad,16270.0,1.0,5.0,100.0,Hero
4266,25000.0,Faridabad,13243.0,1.0,6.0,100.0,Hero
4267,25000.0,Faridabad,18792.0,1.0,6.0,100.0,Hero
4268,25000.0,Jaipur,19682.0,1.0,10.0,100.0,Hero
4269,25000.0,Gurgaon,15206.0,1.0,8.0,125.0,Hero
4270,25000.0,Jaipur,21300.0,1.0,10.0,100.0,Hero
4271,83000.0,Jaipur,14000.0,1.0,3.0,150.0,Yamaha
4272,25000.0,Jaipur,32000.0,1.0,9.0,100.0,Hero
4273,50000.0,Jaipur,27342.0,1.0,5.0,150.0,Bajaj
4274,48000.0,Bangalore,45037.0,1.0,6.0,180.0,Bajaj
4275,47000.0,Jaipur,25876.0,1.0,5.0,150.0,Bajaj
4276,44000.0,Delhi,20644.0,1.0,5.0,150.0,Bajaj
4277,40000.0,Jaipur,48203.0,1.0,5.0,150.0,Bajaj
4278,22000.0,Faridabad,16207.0,1.0,8.0,100.0,Hero
4279,59000.0,Delhi,11255.0,1.0,5.0,150.0,Bajaj
4280,20000.0,Gurgaon,18095.0,1.0,9.0,125.0,Honda
4283,26000.0,Faridabad,18320.0,1.0,5.0,100.0,Hero
4285,62000.0,Gurgaon,24000.0,1.0,5.0,150.0,Yamaha
4289,23000.0,Faridabad,22149.0,1.0,8.0,160.0,TVS
4291,21000.0,Sirsa,32000.0,1.0,7.0,135.0,Bajaj
4294,70500.0,Bangalore,33212.0,1.0,6.0,200.0,Bajaj
4295,27000.0,Mumbai,19591.0,1.0,8.0,223.0,Hero
4296,560000.0,Delhi,12000.0,2.0,5.0,883.0,Harley-Davidson
4297,43000.0,Delhi,7880.0,1.0,4.0,125.0,Honda
4299,350000.0,Hyderabad,26236.0,1.0,6.0,750.0,Harley-Davidson
4300,62000.0,Delhi,14000.0,1.0,5.0,200.0,TVS
4301,24000.0,Jaipur,22654.0,1.0,13.0,100.0,Hero
4302,22000.0,Jaipur,20595.0,1.0,12.0,100.0,Hero
4303,16000.0,Faridabad,14914.0,1.0,14.0,100.0,Hero
4304,16000.0,Faridabad,31327.0,1.0,10.0,100.0,Hero
4305,15000.0,Gurgaon,56800.0,1.0,14.0,100.0,Hero
4306,40000.0,Ludhiana,9200.0,1.0,7.0,150.0,Bajaj
4307,32000.0,Jaipur,31000.0,1.0,7.0,125.0,Honda
4308,31000.0,Delhi,15149.0,2.0,6.0,110.0,Honda
4316,155000.0,Mumbai,17000.0,1.0,5.0,535.0,Royal Enfield
4318,110000.0,Pune,9304.0,1.0,4.0,200.0,Bajaj
4319,30000.0,Delhi,9581.0,1.0,5.0,150.0,Bajaj
4320,19000.0,Faridabad,17565.0,1.0,7.0,100.0,Bajaj
4321,38000.0,Faridabad,5511.0,1.0,3.0,100.0,Hero
4322,25800.0,Faridabad,13128.0,1.0,5.0,100.0,Bajaj
4323,35500.0,Faridabad,11824.0,1.0,3.0,100.0,Hero
4324,90000.0,Kanchipuram,19000.0,1.0,5.0,200.0,Bajaj
4326,78000.0,Guwahati,15000.0,1.0,3.0,200.0,Hero
4327,30000.0,Jaipur,20917.0,1.0,9.0,100.0,Hero
4328,30000.0,Faridabad,21917.0,1.0,5.0,100.0,Hero
4329,25000.0,Faridabad,17870.0,1.0,7.0,100.0,Bajaj
4330,75000.0,Gurgaon,25483.0,1.0,3.0,220.0,Bajaj
4331,34000.0,Gurgaon,19318.0,1.0,5.0,100.0,Hero
4332,20000.0,Gurgaon,55562.0,1.0,8.0,110.0,Honda
4333,74000.0,Delhi,47518.0,1.0,11.0,500.0,Royal Enfield
4334,31000.0,Jaipur,20135.0,1.0,10.0,100.0,Hero
4335,26000.0,Faridabad,28024.0,1.0,7.0,100.0,Hero
4336,26000.0,Faridabad,19152.0,1.0,8.0,100.0,Hero
4337,34000.0,Faridabad,16306.0,1.0,5.0,100.0,Hero
4338,76000.0,Faridabad,22749.0,1.0,6.0,350.0,Royal Enfield
4339,32000.0,Faridabad,24720.0,1.0,5.0,100.0,Hero
4340,18000.0,Alibag,22342.0,1.0,7.0,100.0,Bajaj
4341,30000.0,Bangalore,50000.0,2.0,8.0,135.0,Bajaj
4342,50000.0,Chandigarh,18000.0,1.0,5.0,150.0,Bajaj
4343,90000.0,Jaipur,18100.0,1.0,4.0,250.0,Yamaha
4344,65000.0,Jalaun,21000.0,1.0,6.0,150.0,Yamaha
4345,98100.0,Delhi,17000.0,1.0,7.0,500.0,Royal Enfield
4346,25000.0,Jalandhar,12000.0,1.0,9.0,125.0,Bajaj
4347,52000.0,Faridabad,36226.0,1.0,5.0,150.0,Yamaha
4348,17000.0,Faridabad,30965.0,1.0,11.0,150.0,Bajaj
4349,75000.0,Pune,18000.0,1.0,3.0,160.0,Honda
4350,18500.0,Ghaziabad,23580.0,1.0,12.0,135.0,Bajaj
4351,20500.0,Ghaziabad,25280.0,2.0,10.0,150.0,Hero
4352,39500.0,Gurgaon,14243.0,1.0,6.0,100.0,Hero
4353,39000.0,Jaipur,21534.0,1.0,5.0,100.0,Hero
4354,39000.0,Jaipur,23000.0,1.0,6.0,100.0,Hero
4355,20000.0,Gurgaon,35500.0,1.0,10.0,150.0,Hero
4356,39000.0,Jaipur,20000.0,1.0,4.0,125.0,Hero
4357,39000.0,Jaipur,21000.0,1.0,7.0,125.0,Hero
4358,20000.0,Faridabad,19440.0,1.0,11.0,100.0,Hero
4359,39000.0,Delhi,13000.0,1.0,4.0,100.0,Hero
4360,68500.0,Siliguri,28200.0,2.0,16.0,350.0,Royal Enfield
4361,170000.0,Delhi,13000.0,1.0,3.0,390.0,KTM
4362,26000.0,Faridabad,10700.0,1.0,12.0,150.0,Yamaha
4363,22500.0,Jaipur,20632.0,1.0,11.0,150.0,Yamaha
4364,20000.0,Faridabad,35173.0,1.0,9.0,150.0,Yamaha
4365,18700.0,Faridabad,10546.0,1.0,9.0,150.0,Yamaha
4366,15000.0,Faridabad,13336.0,1.0,10.0,150.0,Yamaha
4367,90000.0,Ghaziabad,2672.0,1.0,2.0,160.0,TVS
4368,86000.0,Jaipur,12000.0,1.0,3.0,180.0,TVS
4369,78000.0,Jaipur,23918.0,1.0,5.0,200.0,TVS
4370,75000.0,Faridabad,5771.0,1.0,3.0,160.0,TVS
4371,68000.0,Jaipur,11123.0,1.0,5.0,160.0,TVS
4372,115000.0,Faridabad,17318.0,1.0,6.0,350.0,Royal Enfield
4373,115000.0,Faridabad,8252.0,1.0,3.0,350.0,Royal Enfield
4374,110000.0,Mumbai,21000.0,1.0,6.0,350.0,Royal Enfield
4375,28000.0,Ghaziabad,33632.0,1.0,7.0,125.0,Hero
4376,28000.0,Gurgaon,32827.0,1.0,8.0,100.0,Hero
4377,28000.0,Gurgaon,14651.0,1.0,6.0,100.0,Hero
4378,28000.0,Gurgaon,32047.0,1.0,7.0,100.0,Hero
4380,28000.0,Gurgaon,20000.0,1.0,10.0,100.0,Hero
4381,28000.0,Ghaziabad,21477.0,1.0,8.0,100.0,Hero
4382,22000.0,Jaipur,22000.0,1.0,9.0,135.0,Bajaj
4383,58000.0,Faridabad,11258.0,1.0,3.0,160.0,TVS
4384,80000.0,Faridabad,1700.0,1.0,3.0,150.0,Suzuki
4385,20000.0,Faridabad,20863.0,1.0,10.0,100.0,Hero
4386,19000.0,Faridabad,10887.0,1.0,7.0,125.0,Bajaj
4387,15000.0,Faridabad,20634.0,1.0,12.0,100.0,Hero
4388,54000.0,Delhi,3300.0,1.0,3.0,100.0,Hero
4389,52000.0,Delhi,2780.0,1.0,3.0,100.0,Hero
4417,15500.0,Faridabad,18758.0,1.0,11.0,100.0,Hero
4418,75000.0,Kolkata,2500.0,1.0,4.0,150.0,Suzuki
4419,60000.0,Mumbai,18800.0,1.0,4.0,150.0,Bajaj
4420,110000.0,Bangalore,36883.0,1.0,6.0,500.0,Royal Enfield
4421,103000.0,Gurgaon,23705.0,1.0,4.0,350.0,Royal Enfield
4422,157000.0,Ghaziabad,12400.0,1.0,3.0,200.0,KTM
4423,220000.0,Bardhaman,13000.0,2.0,5.0,300.0,Benelli
4424,39500.0,Faridabad,14268.0,1.0,2.0,110.0,Bajaj
4425,28000.0,Faridabad,18785.0,1.0,4.0,110.0,TVS
4426,13000.0,Gurgaon,35308.0,1.0,14.0,125.0,Bajaj
4427,31000.0,Faridabad,24869.0,1.0,5.0,150.0,Bajaj
4428,60000.0,Faridabad,12313.0,1.0,7.0,150.0,Yamaha
4429,33000.0,Jaipur,12552.0,1.0,8.0,125.0,Honda
4430,33000.0,Jaipur,22317.0,1.0,8.0,125.0,Honda
4431,38000.0,Ghaziabad,24029.0,1.0,5.0,125.0,Honda
4432,123000.0,Delhi,8600.0,1.0,5.0,350.0,Royal Enfield
4433,115000.0,Delhi,8536.0,1.0,5.0,350.0,Royal Enfield
4434,42000.0,Faridabad,11624.0,1.0,3.0,100.0,Hero
4435,42000.0,Jaipur,30000.0,1.0,5.0,100.0,Hero
4436,42000.0,Delhi,11000.0,1.0,4.0,110.0,Hero
4437,40000.0,Gurgaon,20770.0,1.0,5.0,100.0,Hero
4438,40000.0,Gurgaon,33516.0,1.0,4.0,100.0,Hero
4439,40000.0,Jaipur,18000.0,1.0,6.0,100.0,Hero
4440,40000.0,Jaipur,14339.0,1.0,5.0,100.0,Hero
4441,40000.0,Faridabad,16123.0,1.0,4.0,100.0,Hero
4497,121000.0,Jaipur,20000.0,1.0,4.0,350.0,Royal Enfield
4498,72700.0,Jaipur,14000.0,1.0,5.0,220.0,Bajaj
4499,15000.0,Parola,40000.0,1.0,11.0,150.0,Honda
4500,20000.0,Gurgaon,25121.0,1.0,11.0,150.0,Yamaha
4501,78000.0,Mumbai,32484.0,1.0,6.0,200.0,KTM
4502,100000.0,Mumbai,9300.0,1.0,8.0,390.0,KTM
4503,97000.0,Delhi,38369.0,1.0,6.0,350.0,Royal Enfield
4504,33000.0,Noida,15000.0,1.0,5.0,100.0,Bajaj
4505,31500.0,Dehradun,19000.0,1.0,10.0,180.0,Bajaj
4506,19000.0,Ghaziabad,71359.0,2.0,13.0,160.0,TVS
4507,29900.0,Bangalore,43000.0,2.0,11.0,223.0,Hero
4508,20500.0,Bareilly,52000.0,1.0,11.0,135.0,Bajaj
4510,150000.0,Pune,2900.0,1.0,3.0,350.0,Royal Enfield
4511,105000.0,Bangalore,28000.0,1.0,5.0,350.0,Royal Enfield
4512,41000.0,Faridabad,4544.0,1.0,2.0,100.0,Hero
4513,20500.0,Gurgaon,50444.0,1.0,10.0,150.0,Hero
4514,68000.0,Bangalore,18568.0,1.0,5.0,220.0,Bajaj
4515,120000.0,Delhi,9219.0,1.0,3.0,350.0,Royal Enfield
4516,21000.0,Faridabad,26238.0,1.0,6.0,100.0,Bajaj
4517,18500.0,Faridabad,96142.0,1.0,10.0,160.0,TVS
4518,18000.0,Faridabad,17701.0,1.0,11.0,100.0,Hero
4519,92000.0,Faridabad,17426.0,1.0,5.0,350.0,Royal Enfield
4531,48900.0,Salem,24200.0,1.0,6.0,160.0,Honda
4532,77000.0,Pune,5700.0,1.0,4.0,150.0,Yamaha
4533,115000.0,Bangalore,25468.0,1.0,8.0,250.0,Honda
4534,60300.0,Faridabad,100000.0,1.0,14.0,350.0,Royal Enfield
4535,61000.0,Faridabad,11783.0,1.0,14.0,350.0,Royal Enfield
4536,155000.0,Delhi,9000.0,1.0,6.0,535.0,Royal Enfield
4537,75000.0,Mumbai,16051.0,1.0,3.0,150.0,Yamaha
4538,25000.0,Faridabad,14649.0,1.0,6.0,100.0,Hero
4539,60000.0,Mumbai,31509.0,2.0,10.0,250.0,Honda
4541,72000.0,Ghaziabad,22687.0,2.0,8.0,350.0,Royal Enfield
4542,32000.0,Bangalore,41759.0,1.0,11.0,125.0,Honda
4543,50400.0,Patiala,37500.0,1.0,5.0,160.0,Honda
4544,155000.0,Navi Mumbai,2900.0,1.0,2.0,350.0,Royal Enfield
4545,170000.0,Gurgaon,3334.0,1.0,3.0,500.0,Royal Enfield
4547,36700.0,Mumbai,47000.0,1.0,8.0,180.0,TVS
4548,48000.0,Mumbai,14600.0,2.0,6.0,220.0,Bajaj
4549,124000.0,Chennai,10168.0,1.0,5.0,390.0,KTM
4550,16000.0,Faridabad,19285.0,1.0,12.0,100.0,Hero
4551,112000.0,Faridabad,12552.0,1.0,3.0,350.0,Royal Enfield
4552,17500.0,Faridabad,22002.0,1.0,11.0,100.0,Hero
4553,64400.0,Delhi,12000.0,1.0,3.0,180.0,Bajaj
4569,100000.0,Gurgaon,13154.0,1.0,5.0,300.0,Mahindra
4571,12000.0,Noida,70000.0,1.0,16.0,125.0,Bajaj
4572,37000.0,Delhi,29000.0,1.0,4.0,100.0,Hero
4573,65000.0,Chennai,32000.0,1.0,7.0,200.0,Bajaj
4574,48400.0,Chennai,14500.0,1.0,4.0,150.0,Bajaj
4577,21000.0,Faridabad,15705.0,1.0,4.0,100.0,Bajaj
4579,90000.0,Delhi,50000.0,1.0,12.0,350.0,Royal Enfield
4580,40000.0,Chennai,62000.0,1.0,5.0,150.0,Yamaha
4581,40000.0,Faridabad,8241.0,1.0,9.0,160.0,TVS
4582,154000.0,Ahmedabad,3749.0,1.0,4.0,390.0,KTM
4583,26000.0,Bangalore,67527.0,1.0,8.0,150.0,Yamaha
4584,200000.0,Ahmedabad,25000.0,1.0,4.0,390.0,KTM
4585,35000.0,Pune,40000.0,2.0,24.0,135.0,Yamaha
4586,24800.0,Ahmedabad,38000.0,1.0,8.0,180.0,Bajaj
4597,500000.0,Delhi,5600.0,2.0,6.0,865.0,Triumph
4598,70000.0,Indi,28411.0,1.0,7.0,500.0,Royal Enfield
4599,25000.0,Jaipur,20322.0,1.0,10.0,125.0,Honda
4600,65949.0,Hyderabad,25931.0,2.0,5.0,200.0,TVS
4601,16000.0,Faridabad,14536.0,1.0,7.0,125.0,Bajaj
4602,120000.0,Bangalore,26000.0,2.0,5.0,250.0,Benelli
4603,96000.0,Delhi,20755.0,1.0,5.0,350.0,Royal Enfield
4604,47000.0,Thane,23467.0,1.0,3.0,110.0,Honda
4605,11000.0,Delhi,30502.0,1.0,14.0,150.0,Bajaj
4606,25000.0,Faridabad,14319.0,1.0,4.0,100.0,Bajaj
4607,23000.0,Jaipur,28895.0,1.0,8.0,100.0,TVS
4608,83000.0,Pune,36083.0,1.0,7.0,390.0,KTM
4609,32000.0,Bangalore,41905.0,1.0,7.0,100.0,Hero
4610,65300.0,Hyderabad,23235.0,1.0,7.0,150.0,Yamaha
4611,95000.0,Delhi,15080.0,1.0,5.0,350.0,Royal Enfield
4612,19000.0,Faridabad,20089.0,1.0,7.0,100.0,Bajaj
4613,18000.0,Faridabad,15580.0,1.0,7.0,100.0,Bajaj
4614,24000.0,Faridabad,18294.0,1.0,8.0,125.0,Honda
4615,19000.0,Faridabad,15001.0,1.0,8.0,100.0,Bajaj
4616,171125.0,Bangalore,10000.0,1.0,5.0,390.0,KTM
4617,170000.0,Ambala,3100.0,1.0,4.0,350.0,Royal Enfield
4618,24000.0,Faridabad,6087.0,1.0,4.0,100.0,Bajaj
4619,20000.0,Delhi,62505.0,1.0,8.0,150.0,Bajaj
4620,23000.0,Muzaffarpur,40000.0,1.0,8.0,110.0,Mahindra
4621,31900.0,Bangalore,64000.0,1.0,8.0,220.0,Bajaj
4624,21000.0,Faridabad,23824.0,1.0,8.0,100.0,Hero
4625,23000.0,Faridabad,15660.0,1.0,6.0,110.0,Honda
4627,104100.0,Mumbai,35000.0,1.0,11.0,500.0,Royal Enfield
4628,16000.0,Jaipur,78370.0,1.0,10.0,150.0,Hero
4629,14700.0,Ahmedabad,80000.0,2.0,14.0,223.0,Hero
4630,90000.0,Jaipur,15437.0,1.0,7.0,350.0,Royal Enfield
4631,33000.0,Delhi,10000.0,1.0,4.0,100.0,Hero
4632,20000.0,Delhi,25000.0,2.0,11.0,100.0,Hero
4633,24500.0,Ahmedabad,24182.0,1.0,10.0,110.0,Honda
4634,17000.0,Ahmedabad,59162.0,,9.0,135.0,Bajaj
4636,22000.0,Pune,25000.0,1.0,16.0,160.0,Hero
4637,260000.0,Bangalore,4459.0,1.0,4.0,250.0,Hyosung
4639,24000.0,Gurgaon,24593.0,1.0,8.0,100.0,Hero
4640,150000.0,Chennai,16000.0,1.0,5.0,250.0,Benelli
4641,67474.0,Delhi,13000.0,1.0,3.0,220.0,Bajaj
4642,140000.0,Delhi,8300.0,1.0,4.0,500.0,Royal Enfield
4643,117300.0,Mumbai,31000.0,1.0,6.0,350.0,Royal Enfield
4644,119200.0,Mumbai,12224.0,1.0,4.0,350.0,Royal Enfield
4645,89889.0,Chennai,3000.0,1.0,11.0,350.0,Royal Enfield
4646,97000.0,Delhi,15449.0,1.0,5.0,200.0,KTM
4647,21000.0,Gautam Buddha Nagar,13000.0,1.0,4.0,100.0,Bajaj
4648,90400.0,Thane,9300.0,1.0,7.0,350.0,Royal Enfield
4649,27000.0,Gurgaon,16500.0,1.0,9.0,150.0,Bajaj
4650,120000.0,Jind,10500.0,1.0,5.0,350.0,Royal Enfield
4651,9000.0,Gandhinagar,73000.0,1.0,17.0,100.0,Bajaj
4652,28950.0,Patna,27000.0,1.0,10.0,150.0,Honda
4653,16500.0,Delhi,19276.0,1.0,11.0,100.0,Hero
4654,52000.0,Bangalore,26329.0,1.0,5.0,220.0,Bajaj
4655,194000.0,Bangalore,9000.0,1.0,4.0,390.0,KTM
4656,8000.0,Delhi,21493.0,1.0,16.0,125.0,Bajaj
4657,500000.0,Delhi,200.0,1.0,4.0,750.0,Harley-Davidson
4658,43999.0,Mumbai,9900.0,1.0,5.0,110.0,Honda
4659,105000.0,Noida,19829.0,1.0,4.0,410.0,Royal Enfield
4660,140000.0,Pune,27000.0,,7.0,250.0,Hyosung
4661,16000.0,Delhi,22000.0,2.0,18.0,100.0,Hero
4663,130000.0,Bangalore,14000.0,2.0,4.0,400.0,Bajaj
4664,41000.0,Noida,120000.0,1.0,17.0,350.0,Royal Enfield
4665,90000.0,Delhi,27445.0,1.0,5.0,350.0,Royal Enfield
4666,47000.0,Haldwani,44000.0,1.0,8.0,150.0,Honda
4667,25000.0,Ahmedabad,51917.0,1.0,6.0,110.0,Honda
4668,65000.0,Delhi,26545.0,1.0,9.0,200.0,KTM
4671,32000.0,Gurgaon,22221.0,1.0,5.0,100.0,Hero
4672,21000.0,Delhi,32706.0,1.0,10.0,150.0,Hero
4673,32000.0,Hyderabad,27176.0,2.0,6.0,223.0,Hero
4674,50000.0,Bangalore,11067.0,1.0,5.0,220.0,Bajaj
4675,41000.0,Delhi,20050.0,1.0,4.0,100.0,Hero
4676,20000.0,Sonepat,60000.0,1.0,14.0,100.0,Hero
4677,73700.0,Chennai,18000.0,1.0,9.0,350.0,Royal Enfield
4678,60000.0,Chennai,40000.0,1.0,15.0,350.0,Royal Enfield
4679,104300.0,Nayagarh,25276.0,1.0,3.0,200.0,TVS
4680,57000.0,Thane,4178.0,2.0,10.0,350.0,Royal Enfield
4681,75000.0,Bardhaman,22000.0,,10.0,350.0,Royal Enfield
4683,40000.0,Kolkata,12222.0,1.0,8.0,150.0,Honda
4684,42000.0,Ghaziabad,12000.0,1.0,7.0,150.0,Yamaha
4686,160000.0,Bangalore,11525.0,1.0,4.0,200.0,KTM
4687,43000.0,Jalgaon,36000.0,1.0,5.0,150.0,Hero
4688,22000.0,Hyderabad,27400.0,1.0,12.0,150.0,Bajaj
4689,10000.0,Chennai,43000.0,1.0,15.0,110.0,TVS
4691,65500.0,Ahmedabad,7347.0,1.0,10.0,350.0,Royal Enfield
4692,34000.0,Pune,40000.0,1.0,11.0,200.0,Bajaj
4693,83000.0,Delhi,3810.0,1.0,2.0,150.0,Yamaha
4694,34000.0,Mumbai,25000.0,1.0,9.0,150.0,Hero
4695,21000.0,Hooghly,61249.0,1.0,9.0,150.0,Hero
4696,21000.0,Faridabad,46019.0,1.0,9.0,150.0,Hero
4697,82001.0,Kolkata,11271.0,1.0,9.0,350.0,Royal Enfield
4698,69000.0,Kolkata,26530.0,1.0,10.0,350.0,Royal Enfield
4699,23698.0,Panvel,48000.0,1.0,10.0,100.0,Hero
4700,20000.0,Gurgaon,22000.0,1.0,6.0,150.0,Bajaj
4701,330000.0,Delhi,14000.0,,6.0,750.0,Harley-Davidson
4702,30000.0,Ghaziabad,19546.0,1.0,8.0,100.0,Hero
4703,111400.0,Ludhiana,13600.0,1.0,6.0,390.0,KTM
4704,95000.0,Delhi,5909.0,1.0,7.0,535.0,Royal Enfield
4705,200000.0,Delhi,6500.0,1.0,3.0,390.0,KTM
4706,120000.0,Pune,40700.0,1.0,6.0,390.0,KTM
4707,130000.0,Bangalore,8000.0,,6.0,390.0,KTM
4708,75000.0,Delhi,41007.0,1.0,8.0,250.0,Honda
4709,110700.0,Bangalore,14600.0,2.0,5.0,250.0,Benelli
4710,28000.0,Bangalore,23266.0,1.0,9.0,150.0,Bajaj
4711,146000.0,Bangalore,381.0,1.0,2.0,295.0,Jawa
4712,69500.0,Ahmedabad,19927.0,1.0,7.0,350.0,Royal Enfield
4713,15000.0,Faridabad,47580.0,1.0,11.0,150.0,Bajaj
4714,50000.0,Hyderabad,20084.0,2.0,4.0,160.0,Honda
4715,160000.0,Hyderabad,18000.0,1.0,3.0,200.0,KTM
4716,75000.0,Mumbai,27030.0,1.0,4.0,200.0,TVS
4717,24000.0,Gurgaon,24500.0,1.0,7.0,100.0,Hero
4718,27000.0,Gurgaon,22493.0,1.0,7.0,100.0,Hero
4719,30000.0,Gurgaon,21000.0,1.0,7.0,110.0,Honda
4720,350000.0,Jaipur,8600.0,1.0,7.0,750.0,Harley-Davidson
4721,18000.0,Delhi,7276.0,1.0,8.0,110.0,Honda
4722,35000.0,Bangalore,30947.0,1.0,4.0,110.0,Hero
4723,23500.0,Bangalore,27500.0,1.0,11.0,150.0,Yamaha
4724,25000.0,Bangalore,5000.0,1.0,10.0,150.0,Yamaha
4725,950000.0,Delhi,21000.0,1.0,8.0,1300.0,Suzuki
4726,9000.0,Delhi,50000.0,1.0,16.0,100.0,Bajaj
4727,172000.0,Hyderabad,3165.0,1.0,2.0,410.0,Royal Enfield
4728,230000.0,Chennai,285.0,1.0,5.0,250.0,Hyosung
4729,21500.0,Delhi,43500.0,1.0,6.0,110.0,Mahindra
4734,56000.0,Jaipur,15131.0,1.0,6.0,150.0,Honda
4736,52000.0,Delhi,4610.0,1.0,3.0,100.0,Hero
4738,20000.0,Delhi,60000.0,1.0,10.0,125.0,Hero
4739,46000.0,Alibag,50000.0,1.0,4.0,150.0,Yamaha
4740,246800.0,Gurgaon,4500.0,1.0,5.0,320.0,Yamaha
4741,46000.0,Tiruvallur,30500.0,1.0,7.0,200.0,Bajaj
4742,63000.0,Ludhiana,10613.0,1.0,8.0,350.0,Royal Enfield
4743,7500.0,Ahmedabad,100000.0,2.0,16.0,135.0,Hero
4744,44000.0,Ghaziabad,13138.0,1.0,4.0,150.0,Bajaj
4745,42000.0,Jaipur,58000.0,1.0,5.0,220.0,Bajaj
4746,54200.0,Ahmedabad,33750.0,1.0,5.0,220.0,Bajaj
4747,35000.0,Delhi,17325.0,1.0,7.0,150.0,Yamaha
4748,80000.0,Nagpur,45000.0,1.0,18.0,350.0,Royal Enfield
4749,53214.0,Jaipur,15492.0,1.0,2.0,110.0,Honda
4750,40000.0,Delhi,29697.0,1.0,4.0,100.0,Hero
4751,18800.0,Ahmedabad,72000.0,1.0,10.0,125.0,Bajaj
4752,41000.0,Mumbai,38133.0,1.0,5.0,150.0,Suzuki
4753,37000.0,Delhi,24259.0,2.0,5.0,150.0,Suzuki
4754,31000.0,Ahmedabad,37594.0,,6.0,160.0,TVS
4755,17000.0,Dehradun,40155.0,,14.0,223.0,Hero
4756,140000.0,Hyderabad,37000.0,2.0,5.0,390.0,KTM
4757,58000.0,Pune,14560.0,1.0,7.0,150.0,Yamaha
4758,94038.0,Delhi,18871.0,1.0,4.0,350.0,Royal Enfield
4759,90000.0,Ambikapur,31600.0,1.0,6.0,350.0,Royal Enfield
4760,91804.0,Hyderabad,300965.0,1.0,7.0,350.0,Royal Enfield
4761,104700.0,Hyderabad,26000.0,1.0,7.0,350.0,Royal Enfield
4762,73000.0,Faridabad,31254.0,1.0,6.0,350.0,Royal Enfield
4763,65000.0,Chennai,13441.0,2.0,8.0,350.0,Royal Enfield
4764,50000.0,Patna,33500.0,1.0,7.0,200.0,Bajaj
4765,850000.0,Guwahati,285.0,1.0,3.0,1000.0,Yamaha
4766,52000.0,Faridabad,16229.0,1.0,4.0,150.0,Yamaha
4767,33000.0,Chennai,15557.0,1.0,8.0,150.0,Bajaj
4768,100000.0,Delhi,23090.0,1.0,5.0,350.0,Royal Enfield
4769,329000.0,Delhi,3252.0,2.0,7.0,650.0,Kawasaki
4770,47800.0,Muzaffarpur,4800.0,1.0,4.0,100.0,Hero
4771,30000.0,Dhanbad,40000.0,1.0,13.0,160.0,TVS
4772,25000.0,Delhi,17799.0,1.0,6.0,110.0,Hero
4773,35000.0,Delhi,26796.0,1.0,6.0,150.0,Suzuki
4774,82000.0,Kolkata,15000.0,1.0,6.0,500.0,Royal Enfield
4775,20457.0,Kolkata,43000.0,2.0,8.0,150.0,Hero
4776,550000.0,Delhi,20000.0,1.0,6.0,883.0,Harley-Davidson
4777,27000.0,Delhi,15000.0,1.0,9.0,150.0,Bajaj
4778,22000.0,Salem,65000.0,1.0,9.0,180.0,TVS
4779,21300.0,Indore,45000.0,1.0,11.0,135.0,Bajaj
4780,178300.0,Udupi,2100.0,1.0,4.0,400.0,Bajaj
4782,10000.0,Pune,50745.0,1.0,12.0,125.0,Bajaj
4785,170000.0,Pune,3805.0,1.0,7.0,300.0,Kawasaki
4787,140000.0,Bangalore,1121.0,1.0,3.0,350.0,Royal Enfield
4788,160000.0,Bangalore,8000.0,1.0,4.0,250.0,KTM
4789,30000.0,Delhi,28586.0,1.0,5.0,100.0,Hero
4790,83000.0,Delhi,25933.0,2.0,6.0,200.0,KTM
4791,125000.0,Bangalore,27400.0,1.0,4.0,400.0,Bajaj
4793,75000.0,Pune,36670.0,1.0,9.0,250.0,Honda
4795,44600.0,Mumbai,50000.0,1.0,5.0,150.0,Yamaha
4796,32000.0,Gurgaon,8500.0,1.0,9.0,150.0,Yamaha
4797,289000.0,Delhi,18000.0,2.0,7.0,650.0,Kawasaki
4798,18000.0,Jodhpur,17989.0,1.0,11.0,100.0,Hero
4799,35000.0,Kolkata,15000.0,1.0,5.0,100.0,Bajaj
4800,30000.0,Delhi,27000.0,1.0,12.0,150.0,Yamaha
4801,280000.0,Pune,20785.0,1.0,6.0,650.0,Kawasaki
4802,85000.0,Bangalore,11766.0,1.0,8.0,350.0,Royal Enfield
4803,34000.0,Delhi,23188.0,1.0,5.0,125.0,Hero
4804,15000.0,Delhi,27599.0,1.0,9.0,150.0,Hero
4805,12000.0,Ghaziabad,14333.0,1.0,10.0,110.0,TVS
4806,34000.0,Delhi,12580.0,1.0,8.0,150.0,Yamaha
4807,18000.0,Delhi,67714.0,1.0,7.0,125.0,Bajaj
4828,950000.0,Delhi,4600.0,1.0,4.0,1200.0,Triumph
4829,22000.0,Delhi,13496.0,1.0,3.0,100.0,Bajaj
4830,40000.0,Bangalore,47486.0,2.0,11.0,150.0,Yamaha
4831,14500.0,Ahmedabad,78882.0,1.0,18.0,100.0,Hero
4832,49000.0,Junagadh,21000.0,1.0,6.0,223.0,Hero
4833,28000.0,Jaipur,23000.0,1.0,10.0,110.0,Honda
4834,263000.0,Delhi,1178.0,1.0,2.0,390.0,KTM
4835,62000.0,Bangalore,40000.0,2.0,9.0,250.0,Honda
4836,65300.0,Bangalore,40000.0,1.0,6.0,150.0,Yamaha
4837,39000.0,Bangalore,29570.0,,12.0,150.0,Yamaha
4838,65000.0,Bangalore,27909.0,1.0,7.0,150.0,Yamaha
4839,38000.0,Jaipur,23497.0,1.0,5.0,100.0,Hero
4840,45000.0,Gorakhpur,21000.0,1.0,4.0,150.0,Bajaj
4841,45000.0,Mumbai,25000.0,1.0,5.0,160.0,TVS
4842,32600.0,Mumbai,23500.0,1.0,7.0,150.0,Yamaha
4843,119000.0,Pune,8699.0,1.0,4.0,350.0,Royal Enfield
4844,150000.0,Pune,4900.0,1.0,4.0,350.0,Royal Enfield
4845,37500.0,Chennai,20192.0,1.0,5.0,125.0,Honda
4846,17000.0,Chennai,33000.0,1.0,11.0,100.0,Hero
4847,95000.0,Pune,14000.0,1.0,3.0,200.0,TVS
4848,34500.0,Delhi,26383.0,1.0,4.0,100.0,Bajaj
4849,75000.0,Hyderabad,48000.0,1.0,5.0,150.0,Yamaha
4850,140000.0,Hyderabad,9465.0,1.0,4.0,250.0,KTM
4851,45000.0,Jaipur,20431.0,1.0,7.0,160.0,TVS
4852,36000.0,Jaipur,18988.0,1.0,6.0,100.0,Hero
4853,130000.0,Pune,5300.0,1.0,3.0,350.0,Royal Enfield
4854,11000.0,Gurgaon,52000.0,1.0,14.0,100.0,TVS
4855,22000.0,Gurgaon,18000.0,1.0,8.0,100.0,Hero
4856,23000.0,Bangalore,174638.0,1.0,14.0,150.0,TVS
4857,29000.0,Bangalore,35200.0,1.0,11.0,150.0,Yamaha
4858,46000.0,Bangalore,12974.0,1.0,4.0,110.0,Honda
4859,35000.0,Bangalore,24000.0,1.0,9.0,150.0,Yamaha
4860,55000.0,Bangalore,19309.0,1.0,5.0,150.0,Bajaj
4861,44000.0,Bangalore,21460.0,1.0,7.0,150.0,Yamaha
4862,28000.0,Bangalore,25639.0,1.0,9.0,110.0,TVS
4863,24000.0,Bangalore,45238.0,1.0,10.0,100.0,Hero
4864,1800000.0,Delhi,2600.0,1.0,4.0,1000.0,BMW
4870,24000.0,Delhi,36244.0,1.0,7.0,100.0,Hero
4871,901000.0,Chennai,25000.0,1.0,4.0,1000.0,Kawasaki
4872,47000.0,Hyderabad,59718.0,1.0,10.0,150.0,Yamaha
4873,50000.0,Hyderabad,26408.0,1.0,11.0,150.0,Yamaha
4874,38500.0,Jaipur,22464.0,1.0,5.0,100.0,Hero
4875,88900.0,Vadodara,21000.0,1.0,7.0,200.0,KTM
4876,60000.0,Chennai,26132.0,1.0,6.0,220.0,Bajaj
4877,25200.0,Chennai,21000.0,1.0,5.0,100.0,Bajaj
4878,83000.0,Patna,25000.0,1.0,6.0,350.0,Royal Enfield
4879,75000.0,Kolkata,29000.0,1.0,8.0,200.0,KTM
4880,287500.0,Bangalore,17500.0,1.0,5.0,250.0,Hyosung
4881,23500.0,Kanpur,43100.0,1.0,11.0,150.0,Bajaj
4882,118000.0,Hyderabad,14000.0,1.0,5.0,200.0,KTM
4883,130000.0,Hyderabad,17800.0,1.0,5.0,200.0,KTM
4884,58000.0,Delhi,66650.0,2.0,9.0,350.0,Royal Enfield
4885,39500.0,Nagpur,24500.0,1.0,12.0,200.0,Bajaj
4886,59900.0,Jaipur,32000.0,1.0,5.0,180.0,TVS
4890,25000.0,Jaipur,24000.0,1.0,11.0,100.0,Hero
4891,24000.0,Indore,20000.0,1.0,10.0,150.0,Honda
4892,20000.0,Mumbai,53190.0,1.0,10.0,180.0,Bajaj
4893,24000.0,Delhi,21169.0,2.0,5.0,100.0,Hero
4894,130000.0,Pune,5123.0,1.0,3.0,350.0,Royal Enfield
4895,75000.0,Kolkata,5500.0,1.0,5.0,220.0,Bajaj
4896,60000.0,Mumbai,10703.0,1.0,4.0,150.0,Honda
4897,615000.0,Hyderabad,17500.0,,6.0,800.0,Kawasaki
4898,27000.0,Jaipur,26000.0,1.0,8.0,125.0,Honda
4899,26000.0,Jaipur,18000.0,1.0,7.0,125.0,Honda
4900,30856.0,Aurangabad,26403.0,1.0,7.0,110.0,Hero
4901,25000.0,Aurangabad,38000.0,1.0,10.0,125.0,Hero
4903,1100000.0,Ghaziabad,2510.0,1.0,3.0,1200.0,Ducati
4904,35900.0,Delhi,15000.0,2.0,6.0,150.0,Suzuki
4905,19000.0,Vellore,20090.0,2.0,10.0,150.0,Bajaj
4909,88400.0,Mumbai,22500.0,1.0,6.0,350.0,Royal Enfield
4910,130000.0,Hyderabad,5900.0,1.0,4.0,350.0,Royal Enfield
4912,285000.0,Hyderabad,4500.0,1.0,2.0,650.0,Royal Enfield
4913,165000.0,Visakhapatnam,5799.0,1.0,4.0,350.0,Royal Enfield
4915,60000.0,Kolkata,28000.0,1.0,9.0,350.0,Royal Enfield
4916,65000.0,Mumbai,20000.0,1.0,4.0,150.0,Honda
4917,900000.0,Bangalore,8000.0,2.0,5.0,1050.0,Triumph
4918,46000.0,Mumbai,49994.0,1.0,9.0,150.0,Yamaha
4919,19000.0,Mumbai,17999.0,1.0,9.0,150.0,Yamaha
4920,9400.0,Ahmedabad,70000.0,2.0,12.0,125.0,Yamaha
4921,26000.0,Mumbai,34000.0,1.0,8.0,150.0,Yamaha
4922,6400.0,Delhi,100000.0,1.0,18.0,150.0,Bajaj
4923,6700.0,Delhi,81000.0,1.0,17.0,150.0,Bajaj
4924,52800.0,Delhi,22000.0,1.0,4.0,150.0,Yamaha
4925,54000.0,Delhi,5020.0,2.0,4.0,150.0,Yamaha
4926,35000.0,Jaipur,18227.0,1.0,9.0,150.0,Yamaha
4927,9000.0,Delhi,62135.0,2.0,13.0,150.0,Hero
4928,590000.0,Howrah,6985.0,1.0,4.0,797.0,Ducati
4929,40000.0,Mumbai,24134.0,1.0,4.0,110.0,Honda
4930,60000.0,Ghaziabad,14525.0,1.0,3.0,160.0,TVS
4931,165000.0,Pune,11500.0,1.0,4.0,500.0,Royal Enfield
4932,28400.0,Gandhinagar,18958.0,1.0,5.0,110.0,Honda
4933,21000.0,Mumbai,50000.0,1.0,7.0,150.0,Bajaj
4935,16000.0,Patna,35000.0,1.0,12.0,100.0,Hero
4939,30000.0,Gurgaon,42175.0,1.0,8.0,160.0,TVS
4941,121400.0,Hyderabad,18500.0,1.0,6.0,500.0,Royal Enfield
4942,110000.0,Hyderabad,23350.0,1.0,7.0,500.0,Royal Enfield
4943,53000.0,Hyderabad,14432.0,1.0,4.0,160.0,Honda
4944,34000.0,Kolkata,5400.0,1.0,5.0,100.0,TVS
4945,200000.0,Jaipur,11700.0,1.0,4.0,390.0,KTM
4946,25000.0,Jhansi,35000.0,1.0,8.0,125.0,Hero
4947,38000.0,Chandigarh,12250.0,1.0,10.0,150.0,Yamaha
4948,175000.0,Jaipur,10880.0,1.0,4.0,390.0,KTM
4949,90000.0,Kanpur,2463.0,1.0,3.0,220.0,Bajaj
4950,550000.0,Delhi,18500.0,,8.0,800.0,Kawasaki
4951,27000.0,Gurgaon,61421.0,1.0,8.0,100.0,Hero
4952,50000.0,Mumbai,15600.0,1.0,5.0,150.0,Suzuki
4956,66000.0,Bangalore,26592.0,1.0,4.0,220.0,Bajaj
4957,486000.0,Ahmedabad,2600.0,1.0,5.0,750.0,Harley-Davidson
4958,60000.0,Pune,52000.0,1.0,8.0,150.0,Yamaha
4959,55000.0,Ahmedabad,5200.0,1.0,2.0,110.0,Bajaj
4960,4400.0,Godhara,55000.0,1.0,16.0,110.0,LML
4961,34000.0,Faridabad,21163.0,1.0,4.0,100.0,Hero
4962,450000.0,Ahmedabad,1000.0,1.0,7.0,750.0,Harley-Davidson
4963,81000.0,Gurgaon,39865.0,1.0,6.0,350.0,Royal Enfield
4964,175000.0,Bangalore,34000.0,1.0,4.0,390.0,KTM
4965,83000.0,Bangalore,49000.0,2.0,7.0,350.0,Royal Enfield
4966,25000.0,Gurgaon,12537.0,1.0,6.0,100.0,Hero
4967,40000.0,Chennai,52000.0,1.0,5.0,150.0,Suzuki
4968,35000.0,Faridabad,13328.0,1.0,4.0,100.0,Hero
4969,54500.0,Dehradun,14000.0,1.0,6.0,200.0,Bajaj
4970,20700.0,Gurgaon,32340.0,1.0,7.0,100.0,Bajaj
4971,90000.0,Hyderabad,31074.0,1.0,8.0,250.0,Honda
4972,78400.0,Hyderabad,23180.0,2.0,8.0,250.0,Honda
4973,381700.0,Ahmedabad,2000.0,1.0,6.0,750.0,Harley-Davidson
4974,198599.0,Balaghat,930.0,1.0,3.0,250.0,KTM
4975,223000.0,Bangalore,400.0,1.0,3.0,295.0,Jawa
4976,32000.0,Indore,43000.0,1.0,6.0,100.0,Hero
4977,69000.0,Delhi,3542.0,1.0,3.0,220.0,Bajaj
4979,45000.0,Ahmedabad,18000.0,1.0,5.0,160.0,TVS
4980,23000.0,Ahmedabad,18000.0,1.0,9.0,100.0,Bajaj
4981,51000.0,Bangalore,39766.0,1.0,7.0,220.0,Bajaj
4982,36000.0,Bangalore,21657.0,1.0,9.0,160.0,TVS
4983,145500.0,Ahmedabad,33486.0,1.0,4.0,350.0,Royal Enfield
4994,33000.0,Mumbai,5188.0,1.0,6.0,135.0,Bajaj
4995,21316.0,Mumbai,39000.0,1.0,11.0,135.0,Bajaj
4996,110000.0,Chennai,15400.0,1.0,4.0,500.0,Royal Enfield
4997,36000.0,Jhansi,17000.0,2.0,4.0,100.0,Hero
4998,115000.0,Bangalore,13797.0,1.0,4.0,400.0,Bajaj
4999,82000.0,Chandigarh,15418.0,2.0,10.0,350.0,Royal Enfield
5000,20000.0,Bangalore,73317.0,2.0,13.0,223.0,Hero
5001,96300.0,Bangalore,28000.0,1.0,9.0,350.0,Royal Enfield
5002,97000.0,Bangalore,41211.0,1.0,7.0,350.0,Royal Enfield
5003,85000.0,Bangalore,24592.0,1.0,10.0,350.0,Royal Enfield
5004,47600.0,Hyderabad,18000.0,1.0,4.0,110.0,Honda
5005,33000.0,Mumbai,15250.0,1.0,9.0,150.0,Honda
5006,19000.0,Bangalore,26527.0,1.0,16.0,100.0,Bajaj
5007,10000.0,Kanchipuram,35000.0,2.0,11.0,110.0,TVS
5008,101697.0,Bangalore,7734.0,1.0,4.0,200.0,Bajaj
5009,48000.0,Gurgaon,54990.0,1.0,6.0,220.0,Bajaj
5010,46500.0,Gurgaon,16540.0,2.0,6.0,220.0,Bajaj
5011,10000.0,Mumbai,37066.0,2.0,16.0,100.0,Bajaj
5012,39000.0,Jaipur,52000.0,1.0,6.0,125.0,Hero
5013,35000.0,Bangalore,24000.0,1.0,11.0,150.0,Honda
5014,135000.0,Mumbai,9600.0,1.0,5.0,410.0,Royal Enfield
5015,24000.0,Mumbai,65000.0,1.0,11.0,125.0,Hero
5016,378000.0,Kanchipuram,13000.0,1.0,8.0,883.0,Harley-Davidson
5017,68000.0,Ahmedabad,23.0,,39.0,250.0,Yezdi
5018,45000.0,Delhi,18611.0,1.0,5.0,180.0,TVS
5019,40000.0,Mumbai,3443.0,1.0,6.0,220.0,Bajaj
5020,32000.0,Gurgaon,10576.0,1.0,8.0,220.0,Bajaj
5021,104400.0,Bangalore,41000.0,1.0,5.0,350.0,Royal Enfield
5022,38000.0,Ajmer,25000.0,1.0,6.0,150.0,Suzuki
5023,61000.0,Bardhaman,5250.0,1.0,3.0,100.0,Hero
5024,107000.0,Dibrugarh,5000.0,1.0,3.0,300.0,Mahindra
5025,100400.0,Gurgaon,5300.0,1.0,6.0,200.0,Bajaj
5026,109000.0,Mumbai,13110.0,2.0,5.0,500.0,Royal Enfield
5027,40362.0,Hyderabad,14653.0,1.0,6.0,150.0,Suzuki
5028,13000.0,Ahmedabad,65000.0,1.0,14.0,100.0,Hero
5029,130000.0,Chennai,23400.0,1.0,4.0,400.0,Bajaj
5030,70000.0,Mumbai,25240.0,1.0,6.0,200.0,Bajaj
5031,120000.0,Delhi,13560.0,1.0,4.0,350.0,Royal Enfield
5032,42000.0,Ghaziabad,26839.0,1.0,3.0,100.0,Hero
5033,13500.0,Gurgaon,50000.0,1.0,10.0,110.0,Honda
5034,70000.0,Delhi,10000.0,,4.0,223.0,Hero
5035,35000.0,Ghaziabad,35020.0,1.0,5.0,150.0,Bajaj
5036,80000.0,Gurgaon,42173.0,1.0,5.0,200.0,Bajaj
5037,105000.0,Dehradun,28000.0,1.0,6.0,200.0,KTM
5038,42000.0,Dehradun,12000.0,1.0,4.0,150.0,Bajaj
5039,20000.0,Delhi,36903.0,1.0,12.0,150.0,Bajaj
5040,61500.0,Pune,15264.0,1.0,4.0,220.0,Bajaj
5041,190000.0,Visakhapatnam,6000.0,1.0,3.0,310.0,TVS
5042,75000.0,Gurgaon,18304.0,1.0,4.0,200.0,TVS
5043,40000.0,Mumbai,17038.0,1.0,5.0,150.0,Bajaj
5044,35000.0,Delhi,23297.0,2.0,5.0,150.0,Bajaj
5045,24500.0,Chandigarh,51999.0,1.0,7.0,125.0,Honda
5046,60000.0,Ghaziabad,7312.0,1.0,2.0,150.0,Bajaj
5047,143000.0,Delhi,2963.0,1.0,3.0,200.0,KTM
5048,20000.0,Faridkot,20000.0,1.0,14.0,160.0,TVS
5049,35000.0,Amritsar,47000.0,1.0,10.0,150.0,Bajaj
5050,95000.0,24 Pargana,9000.0,1.0,6.0,350.0,Royal Enfield
5051,28000.0,Mumbai,47098.0,1.0,9.0,223.0,Hero
5052,45000.0,Delhi,17900.0,1.0,5.0,150.0,Bajaj
5053,25000.0,Mumbai,14002.0,2.0,10.0,100.0,Hero
5054,75000.0,Thane,24203.0,1.0,7.0,350.0,Royal Enfield
5055,98000.0,Bangalore,28026.0,1.0,5.0,200.0,Bajaj
5056,12800.0,Delhi,50000.0,1.0,13.0,150.0,Hero
5057,198000.0,Dehradun,5640.0,1.0,3.0,390.0,KTM
5058,95000.0,Delhi,20000.0,1.0,6.0,350.0,Royal Enfield
5059,25000.0,Ahmedabad,38247.0,1.0,8.0,110.0,Mahindra
5060,110000.0,Naraingarh,24300.0,1.0,3.0,350.0,Royal Enfield
5061,35000.0,Pune,45189.0,1.0,10.0,150.0,Bajaj
5062,16000.0,Thane,99000.0,1.0,11.0,150.0,Bajaj
5063,66400.0,Bangalore,2600.0,1.0,4.0,150.0,Bajaj
5064,26000.0,Ghaziabad,43625.0,1.0,8.0,110.0,Hero
5065,43000.0,Hyderabad,38000.0,1.0,7.0,150.0,Yamaha
5066,40000.0,Gwalior,19300.0,1.0,7.0,220.0,Bajaj
5067,85000.0,Bangalore,33783.0,1.0,7.0,350.0,Royal Enfield
5068,52000.0,Ludhiana,4725.0,1.0,5.0,150.0,Bajaj
5069,125000.0,Pune,8930.0,1.0,4.0,400.0,Bajaj
5070,121000.0,Gurgaon,13013.0,1.0,3.0,150.0,Yamaha
5071,35000.0,Karim Nagar,28000.0,2.0,6.0,223.0,Hero
5072,96000.0,Delhi,16317.0,2.0,5.0,350.0,Royal Enfield
5073,19000.0,Delhi,69761.0,1.0,9.0,125.0,Honda
5074,130800.0,Delhi,24000.0,1.0,5.0,350.0,Royal Enfield
5075,60000.0,Gurgaon,4200.0,1.0,9.0,200.0,Bajaj
5076,67000.0,24 Pargana,25000.0,2.0,8.0,200.0,KTM
5077,80000.0,Delhi,25000.0,1.0,7.0,250.0,Honda
5078,50300.0,Rewari,14000.0,1.0,7.0,220.0,Bajaj
5079,23400.0,Delhi,15000.0,1.0,9.0,125.0,Honda
5080,105000.0,Mumbai,18000.0,1.0,6.0,390.0,KTM
5081,21100.0,Chandigarh,21000.0,1.0,11.0,100.0,Bajaj
5082,283700.0,Mumbai,4400.0,1.0,5.0,250.0,Hyosung
5083,27500.0,Ahmedabad,32659.0,1.0,10.0,100.0,Hero
5084,25000.0,Jaipur,39000.0,1.0,9.0,100.0,Hero
5085,90000.0,Ranchi,17000.0,1.0,4.0,150.0,Yamaha
5086,20300.0,Tiruvallur,46000.0,1.0,15.0,100.0,Hero
5087,55800.0,Gorakhpur,4000.0,1.0,4.0,125.0,Honda
5088,125000.0,Mumbai,31243.0,1.0,4.0,400.0,Bajaj
5089,160000.0,Karwar,5000.0,1.0,4.0,350.0,Royal Enfield
5090,12982.0,Ahmedabad,100000.0,2.0,12.0,150.0,Bajaj
5091,25000.0,Kanchipuram,25000.0,2.0,7.0,125.0,Honda
5092,25000.0,Delhi,16565.0,1.0,6.0,110.0,TVS
5093,51000.0,Mumbai,26219.0,1.0,6.0,150.0,Yamaha
5094,18200.0,Jaipur,45000.0,1.0,12.0,150.0,Hero
5095,15000.0,Delhi,36888.0,1.0,13.0,135.0,Bajaj
5096,84000.0,Delhi,19912.0,1.0,7.0,350.0,Royal Enfield
5097,128000.0,Delhi,5541.0,1.0,4.0,500.0,Royal Enfield
5098,30000.0,Delhi,30000.0,1.0,6.0,135.0,Bajaj
5099,60000.0,Mumbai,15927.0,2.0,6.0,150.0,Bajaj
5100,158000.0,Alibag,3834.0,1.0,4.0,390.0,KTM
5101,43600.0,Gandhinagar,60000.0,1.0,8.0,200.0,Bajaj
5102,15000.0,Delhi,532.0,1.0,14.0,150.0,Bajaj
5103,57999.0,Pune,3000.0,1.0,4.0,110.0,Hero
5104,58000.0,Lucknow,28000.0,1.0,7.0,150.0,Yamaha
5105,32000.0,Hyderabad,31000.0,1.0,10.0,125.0,Honda
5106,65000.0,Pune,2500.0,1.0,3.0,125.0,Honda
5107,133000.0,Goa-panaji,26000.0,1.0,5.0,390.0,KTM
5108,29200.0,Kharar,30000.0,1.0,8.0,150.0,Bajaj
5109,91000.0,Sant Kabir Nagar,5500.0,1.0,2.0,160.0,Honda
5110,115000.0,Viramgam,24000.0,1.0,4.0,350.0,Royal Enfield
5111,50000.0,Hyderabad,200.0,1.0,3.0,100.0,Bajaj
5112,140000.0,Dehradun,7000.0,1.0,6.0,390.0,KTM
5113,36000.0,Pune,4838.0,1.0,4.0,125.0,Bajaj
5114,32000.0,Pune,26500.0,1.0,7.0,100.0,Bajaj
5115,100000.0,Indore,1300.0,1.0,4.0,200.0,TVS
5116,55000.0,Delhi,43000.0,1.0,5.0,150.0,Yamaha
5117,62000.0,Delhi,23367.0,1.0,15.0,350.0,Royal Enfield
5118,60000.0,Mumbai,18200.0,1.0,9.0,150.0,Yamaha
5119,28000.0,Gurgaon,25000.0,1.0,9.0,150.0,Hero
5120,120000.0,Jhajjar,16000.0,2.0,7.0,200.0,KTM
5121,20000.0,Agra,35063.0,2.0,13.0,150.0,Honda
5122,73000.0,Manali,14000.0,1.0,3.0,150.0,Yamaha
5123,45000.0,Gadwal,15000.0,1.0,5.0,150.0,Bajaj
5124,170000.0,Honavar,6000.0,1.0,3.0,500.0,Royal Enfield
5125,55000.0,Mathura,38000.0,1.0,6.0,220.0,Bajaj
5126,83100.0,Ghaziabad,13450.0,1.0,4.0,150.0,Bajaj
5127,25000.0,Jaipur,50000.0,1.0,7.0,100.0,Hero
5128,39200.0,Gurgaon,16500.0,2.0,5.0,125.0,Honda
5129,141000.0,Delhi,4625.0,1.0,3.0,350.0,Royal Enfield
5130,134400.0,Delhi,1550.0,1.0,4.0,350.0,Royal Enfield
5131,15000.0,Ahmedabad,70000.0,1.0,13.0,150.0,Bajaj
5132,78500.0,Thane,35596.0,1.0,6.0,350.0,Royal Enfield
5133,170000.0,Gurgaon,500.0,1.0,2.0,350.0,Royal Enfield
5134,52000.0,Delhi,3400.0,1.0,3.0,125.0,Bajaj
5135,29500.0,Ahmedabad,36484.0,1.0,8.0,100.0,Hero
5136,36000.0,Delhi,30000.0,1.0,7.0,150.0,Honda
5137,65000.0,Khandwa,30000.0,1.0,4.0,150.0,Bajaj
5138,50000.0,Jaipur,1234.0,2.0,7.0,220.0,Bajaj
5139,42500.0,Noida,16435.0,1.0,7.0,150.0,Yamaha
5140,43000.0,Delhi,60000.0,1.0,7.0,150.0,Yamaha
5141,80000.0,Delhi,35000.0,1.0,10.0,250.0,Honda
5142,21000.0,Una,7100.0,1.0,9.0,100.0,Hero
5143,45000.0,Mumbai,72354.0,1.0,10.0,150.0,Yamaha
5144,10500.0,Delhi,717794.0,1.0,15.0,125.0,Bajaj
5145,29500.0,Dehradun,25000.0,1.0,10.0,150.0,Bajaj
5146,38000.0,Bangalore,58816.0,1.0,11.0,220.0,Bajaj
5147,150000.0,Solan,2200.0,1.0,4.0,250.0,Honda
5148,30000.0,Chennai,22560.0,1.0,7.0,100.0,Hero
5149,115000.0,Bangalore,18057.0,2.0,5.0,350.0,Royal Enfield
5150,19000.0,Ghaziabad,78822.0,1.0,8.0,125.0,Hero
5151,34000.0,Noida,38000.0,1.0,11.0,150.0,Yamaha
5152,28000.0,Delhi,14256.0,1.0,12.0,223.0,Hero
5153,125000.0,Delhi,9858.0,1.0,4.0,350.0,Royal Enfield
5154,110000.0,Mumbai,25327.0,1.0,5.0,390.0,KTM
5155,41000.0,Gurgaon,71303.0,1.0,6.0,220.0,Bajaj
5156,20000.0,Chandigarh,57500.0,2.0,14.0,180.0,Bajaj
5157,11000.0,Gautam Buddha Nagar,20000.0,1.0,12.0,100.0,Hero
5158,109000.0,Delhi,13000.0,1.0,6.0,350.0,Royal Enfield
5159,63000.0,Alibag,21000.0,1.0,4.0,220.0,Bajaj
5160,41999.0,Faridabad,54362.0,1.0,4.0,150.0,Bajaj
5161,87000.0,Pune,35450.0,1.0,6.0,200.0,Bajaj
5162,41400.0,Faridabad,21000.0,1.0,4.0,125.0,Hero
5163,9000.0,Ghaziabad,72378.0,1.0,15.0,100.0,TVS
5164,22000.0,Delhi,54000.0,2.0,13.0,180.0,Bajaj
5165,123400.0,Bangalore,5000.0,1.0,4.0,350.0,Royal Enfield
5166,17000.0,Delhi,35655.0,1.0,10.0,125.0,Honda
5167,18000.0,Gautam Buddha Nagar,42000.0,1.0,11.0,135.0,Bajaj
5168,82500.0,Lucknow,13000.0,1.0,6.0,200.0,Bajaj
5169,70000.0,Pune,7900.0,1.0,6.0,150.0,Suzuki
5177,51000.0,Indore,24800.0,1.0,5.0,160.0,Honda
5178,155000.0,Mumbai,7563.0,1.0,3.0,250.0,KTM
5179,75068.0,Delhi,16919.0,1.0,9.0,350.0,Royal Enfield
5180,153000.0,Ernakulam,10000.0,1.0,3.0,500.0,Royal Enfield
5184,35300.0,Hyderabad,55000.0,1.0,8.0,223.0,Hero
5185,22000.0,Ambala,16750.0,1.0,10.0,223.0,Hero
5186,36800.0,Delhi,41090.0,2.0,4.0,150.0,Bajaj
5187,49000.0,Kharar,13281.0,1.0,5.0,150.0,Bajaj
5188,37000.0,Delhi,29094.0,1.0,4.0,125.0,Bajaj
5189,21400.0,Sitapur,45000.0,1.0,8.0,125.0,Honda
5190,93000.0,Mumbai,4761.0,1.0,6.0,350.0,Royal Enfield
5191,100000.0,Gurgaon,9200.0,1.0,3.0,150.0,Suzuki
5192,100500.0,Ahmedabad,6000.0,1.0,3.0,150.0,Suzuki
5193,90000.0,Jaipur,14330.0,1.0,3.0,350.0,Royal Enfield
5194,55000.0,Chennai,15000.0,2.0,12.0,350.0,Royal Enfield
5195,119000.0,Delhi,14735.0,1.0,5.0,500.0,Royal Enfield
5196,26000.0,Delhi,55686.0,2.0,9.0,220.0,Bajaj
5197,113000.0,Chennai,14200.0,1.0,4.0,350.0,Royal Enfield
5198,40000.0,Delhi,75000.0,1.0,8.0,150.0,Bajaj
5199,32000.0,Ghaziabad,21000.0,1.0,5.0,150.0,Bajaj
5200,13500.0,Mumbai,477976.0,1.0,14.0,135.0,Bajaj
5201,66400.0,Pune,27481.0,2.0,7.0,150.0,Yamaha
5202,67000.0,Jaipur,43871.0,1.0,6.0,150.0,Honda
5210,140000.0,Noida,9000.0,1.0,5.0,410.0,Royal Enfield
5211,45000.0,Delhi,32375.0,1.0,8.0,150.0,Yamaha
5212,61000.0,Delhi,41000.0,1.0,7.0,220.0,Bajaj
5213,38000.0,Udaipur,16500.0,1.0,9.0,110.0,Honda
5214,75500.0,Jammu,23800.0,1.0,7.0,150.0,Honda
5215,125000.0,Meerut,700.0,1.0,3.0,150.0,Suzuki
5216,140000.0,Anand,99999.0,1.0,37.0,350.0,Royal Enfield
5217,49100.0,Pune,10000.0,1.0,5.0,150.0,Bajaj
5218,95000.0,Mumbai,15288.0,2.0,5.0,350.0,Royal Enfield
5219,85000.0,Pune,26000.0,1.0,6.0,200.0,Bajaj
5220,110000.0,Lucknow,26927.0,1.0,6.0,350.0,Royal Enfield
5221,20000.0,Bangalore,38500.0,4.0,12.0,125.0,Yamaha
5222,28000.0,Jaipur,25000.0,1.0,7.0,150.0,Bajaj
5223,109500.0,Delhi,13000.0,1.0,8.0,500.0,Royal Enfield
5224,99000.0,Betul,19000.0,1.0,6.0,350.0,Royal Enfield
5225,69999.0,Hyderabad,7054.0,1.0,5.0,150.0,Bajaj
5226,115000.0,Bangalore,12000.0,1.0,6.0,350.0,Royal Enfield
5227,24000.0,Delhi,6000.0,1.0,10.0,100.0,Hero
5228,56000.0,Jaipur,17330.0,1.0,6.0,149.0,Hero
5232,24500.0,Ahmedabad,21891.0,1.0,7.0,125.0,Bajaj
5233,36999.0,Mumbai,57811.0,1.0,8.0,180.0,Bajaj
5234,110439.0,Chennai,3000.0,1.0,9.0,500.0,Royal Enfield
5235,116762.0,Chennai,30000.0,1.0,7.0,500.0,Royal Enfield
5236,67000.0,Anantapur,12000.0,1.0,4.0,160.0,Honda
5237,40000.0,Delhi,38000.0,1.0,8.0,150.0,Yamaha
5238,26000.0,Ludhiana,17695.0,1.0,8.0,100.0,Bajaj
5239,140000.0,Hyderabad,9788.0,1.0,5.0,350.0,Royal Enfield
5240,92300.0,Delhi,10000.0,1.0,4.0,200.0,TVS
5241,20100.0,Pune,45330.0,1.0,14.0,100.0,Hero
5242,69000.0,Bangalore,22000.0,1.0,6.0,150.0,Bajaj
5243,26000.0,Noida,33000.0,1.0,12.0,150.0,Honda
5244,139000.0,Chennai,17000.0,1.0,4.0,350.0,Royal Enfield
5245,97500.0,Delhi,19562.0,1.0,7.0,350.0,Royal Enfield
5246,48000.0,Delhi,11000.0,1.0,7.0,150.0,Yamaha
5247,140900.0,Pune,1400.0,1.0,6.0,500.0,Royal Enfield
5248,179000.0,Pune,14000.0,1.0,4.0,500.0,Royal Enfield
5249,25000.0,Delhi,60000.0,1.0,9.0,150.0,Bajaj
5250,180000.0,Delhi,4030.0,1.0,4.0,500.0,Royal Enfield
5251,84000.0,Coimbatore,1920.0,1.0,4.0,150.0,Bajaj
5252,125000.0,Pune,20000.0,1.0,6.0,350.0,Royal Enfield
5253,55000.0,Jaipur,27000.0,1.0,8.0,200.0,Bajaj
5254,65000.0,Delhi,3200.0,1.0,5.0,150.0,Hero
5255,88000.0,Hyderabad,8000.0,1.0,4.0,150.0,Suzuki
5256,27500.0,Delhi,18000.0,1.0,7.0,110.0,Honda
5257,80000.0,Ghaziabad,23895.0,1.0,7.0,350.0,Royal Enfield
5258,19600.0,Gwalior,42000.0,2.0,11.0,100.0,Hero
5259,95000.0,Bangalore,25000.0,1.0,5.0,350.0,Royal Enfield
5260,99000.0,Pune,23397.0,1.0,4.0,350.0,Royal Enfield
5261,30000.0,Ahmedabad,51528.0,1.0,9.0,150.0,Hero
5262,120000.0,Hyderabad,10147.0,1.0,3.0,220.0,Bajaj
5263,110000.0,Kanpur,9119.0,1.0,5.0,200.0,Bajaj
5264,100000.0,Mumbai,7000.0,1.0,7.0,390.0,KTM
5265,55000.0,Bangalore,10000.0,1.0,4.0,125.0,Honda
5266,21000.0,Ludhiana,19000.0,1.0,10.0,100.0,Hero
5267,20000.0,Lucknow,70628.0,1.0,10.0,100.0,Hero
5268,25000.0,Lucknow,58137.0,1.0,10.0,100.0,Hero
5269,42000.0,Lucknow,35000.0,1.0,7.0,223.0,Hero
5270,110000.0,Delhi,5073.0,1.0,5.0,350.0,Royal Enfield
5271,106000.0,Ghaziabad,14403.0,1.0,5.0,390.0,KTM
5272,74000.0,Bangalore,23000.0,1.0,7.0,150.0,Yamaha
5273,18600.0,Delhi,56000.0,1.0,10.0,150.0,Bajaj
5274,472000.0,Sholapur,550.0,1.0,3.0,750.0,Harley-Davidson
5275,89000.0,Mumbai,13000.0,1.0,8.0,350.0,Royal Enfield
5276,95000.0,Pune,40500.0,1.0,8.0,500.0,Royal Enfield
5277,65000.0,Bangalore,18500.0,1.0,5.0,160.0,TVS
5278,125000.0,Mumbai,8200.0,1.0,5.0,200.0,KTM
5279,430000.0,Delhi,1200.0,1.0,6.0,750.0,Harley-Davidson
5280,35000.0,Pinjore,9500.0,1.0,6.0,100.0,Hero
5281,40000.0,Delhi,38950.0,1.0,5.0,110.0,TVS
5282,40000.0,Chennai,80000.0,1.0,9.0,160.0,TVS
5283,140000.0,Delhi,10000.0,1.0,6.0,200.0,KTM
5284,55000.0,Pune,2000.0,1.0,3.0,110.0,Bajaj
5285,59999.0,Delhi,20850.0,1.0,7.0,150.0,Bajaj
5286,112100.0,Chennai,22800.0,1.0,5.0,350.0,Royal Enfield
5287,137999.0,Pune,7900.0,1.0,5.0,500.0,Royal Enfield
5288,70000.0,Kanpur,11000.0,1.0,4.0,150.0,Bajaj
5289,25000.0,Karnal,28000.0,1.0,7.0,110.0,Honda
5290,15600.0,Delhi,50000.0,1.0,13.0,150.0,Hero
5291,140000.0,Hyderabad,10000.0,1.0,6.0,200.0,KTM
5292,44600.0,Delhi,39500.0,1.0,8.0,220.0,Bajaj
5293,225000.0,Indore,2400.0,1.0,4.0,390.0,KTM
5294,120000.0,Thane,2827.0,1.0,5.0,350.0,Royal Enfield
5295,118000.0,Mumbai,12434.0,1.0,6.0,500.0,Royal Enfield
5296,150000.0,Hyderabad,38000.0,1.0,14.0,500.0,Royal Enfield
5297,30000.0,Delhi,9300.0,1.0,11.0,150.0,Yamaha
5298,41000.0,Medak,60000.0,1.0,10.0,150.0,Yamaha
5299,90000.0,Ranchi,12000.0,1.0,8.0,350.0,Royal Enfield
5300,18000.0,Gurgaon,18465.0,1.0,12.0,150.0,Yamaha
5301,110000.0,Mumbai,5548.0,1.0,4.0,400.0,Bajaj
5302,110000.0,Ghaziabad,25353.0,1.0,5.0,500.0,Royal Enfield
5303,170000.0,Delhi,6700.0,1.0,3.0,350.0,Royal Enfield
5306,77000.0,Mumbai,25400.0,1.0,3.0,150.0,Suzuki
5307,65200.0,Delhi,20000.0,1.0,3.0,220.0,Bajaj
5308,45000.0,Cuttack,30000.0,1.0,8.0,150.0,Yamaha
5309,160000.0,Bangalore,23766.0,1.0,5.0,390.0,KTM
5313,21000.0,Mumbai,28808.0,1.0,7.0,100.0,Bajaj
5319,19269.0,Qadian,36526.0,2.0,11.0,100.0,Bajaj
5320,43000.0,Delhi,15000.0,2.0,5.0,150.0,Bajaj
5321,140000.0,Delhi,6500.0,1.0,5.0,200.0,KTM
5322,180000.0,Pune,2000.0,1.0,4.0,500.0,Royal Enfield
5323,20000.0,Karnal,46000.0,1.0,12.0,100.0,Hero
5324,100000.0,Pune,11170.0,1.0,6.0,200.0,Bajaj
5325,131700.0,Delhi,5000.0,1.0,6.0,500.0,Royal Enfield
5326,30000.0,Delhi,24000.0,1.0,9.0,150.0,Yamaha
5327,67000.0,Nagpur,12000.0,1.0,5.0,220.0,Bajaj
5328,25000.0,Delhi,38425.0,1.0,8.0,125.0,Bajaj
5329,42000.0,Jaipur,9000.0,1.0,6.0,110.0,Hero
5330,60000.0,Bangalore,9000.0,1.0,6.0,150.0,Bajaj
5331,70400.0,Karim Nagar,7000.0,1.0,4.0,150.0,Bajaj
5332,41000.0,Bangalore,33000.0,1.0,9.0,220.0,Bajaj
5333,58000.0,Hyderabad,20000.0,1.0,7.0,220.0,Bajaj
5334,50400.0,Chennai,15000.0,1.0,6.0,160.0,Honda
5335,90500.0,Ludhiana,28000.0,1.0,5.0,150.0,Yamaha
5336,90000.0,Kanpur Nagar,1500.0,1.0,4.0,220.0,Bajaj
5337,120000.0,Pune,24000.0,1.0,7.0,390.0,KTM
5338,45000.0,Bhopal,15000.0,1.0,5.0,100.0,Hero
5339,31500.0,Delhi,35600.0,1.0,7.0,100.0,Hero
5348,41800.0,Delhi,3360.0,1.0,3.0,100.0,Bajaj
5349,27500.0,Sangrur,48000.0,1.0,8.0,100.0,Bajaj
5350,23500.0,Delhi,40000.0,1.0,10.0,150.0,Bajaj
5351,23000.0,Delhi,30000.0,1.0,9.0,125.0,Hero
5352,75000.0,Chennai,15000.0,1.0,5.0,220.0,Bajaj
5353,59000.0,Mumbai,40000.0,1.0,6.0,150.0,Bajaj
5354,42000.0,Jorhat,32300.0,1.0,7.0,150.0,Hero
5355,60000.0,Delhi,11000.0,1.0,5.0,150.0,Bajaj
5356,22000.0,Noida,20000.0,1.0,11.0,100.0,Hero
5357,36300.0,Gurgaon,38000.0,1.0,6.0,110.0,Hero
5358,88600.0,Bangalore,6200.0,1.0,4.0,220.0,Bajaj
5359,42000.0,Delhi,25000.0,1.0,5.0,110.0,Hero
5360,60000.0,Vadodara,46000.0,1.0,5.0,150.0,Bajaj
5361,20000.0,Ghaziabad,60500.0,1.0,11.0,150.0,Hero
5362,69000.0,Kanpur Nagar,17000.0,1.0,5.0,150.0,Bajaj
5363,18000.0,Palanpur,77700.0,1.0,11.0,135.0,Bajaj
5364,72000.0,Delhi,7000.0,2.0,3.0,180.0,TVS
5365,34000.0,Narnaul,50000.0,,10.0,150.0,Yamaha
5366,82000.0,Gurgaon,57444.0,1.0,6.0,200.0,Bajaj
5367,80000.0,Delhi,7018.0,1.0,4.0,150.0,Yamaha
5368,25000.0,Delhi,24000.0,1.0,8.0,125.0,Hero
5371,45000.0,Faridabad,5382.0,1.0,5.0,150.0,Yamaha
5388,48400.0,Hyderabad,14500.0,1.0,6.0,150.0,Bajaj
5389,105000.0,Faridabad,9900.0,1.0,8.0,500.0,Royal Enfield
5390,48000.0,Delhi,9800.0,1.0,6.0,150.0,Suzuki
5391,43000.0,Jaipur,10000.0,1.0,4.0,100.0,Bajaj
5392,90000.0,Mumbai,7800.0,1.0,7.0,350.0,Royal Enfield
5393,78000.0,Rajkot,10575.0,1.0,4.0,150.0,Suzuki
5394,23000.0,Ahmedabad,61122.0,1.0,17.0,100.0,Hero
5395,36000.0,Vadodara,16830.0,1.0,6.0,100.0,Hero
5396,18000.0,Gurgaon,39000.0,1.0,13.0,150.0,Bajaj
5397,110000.0,Delhi,13000.0,1.0,6.0,350.0,Royal Enfield
5398,139999.0,Pune,5500.0,1.0,6.0,200.0,KTM
5399,145000.0,Bangalore,10000.0,1.0,5.0,350.0,Royal Enfield
5400,132400.0,Bangalore,12000.0,1.0,5.0,350.0,Royal Enfield
5401,68000.0,Delhi,10000.0,1.0,5.0,180.0,TVS
5402,28000.0,Thane,18000.0,1.0,9.0,125.0,Bajaj
5403,90000.0,Delhi,38400.0,1.0,10.0,350.0,Royal Enfield
5404,25000.0,Thane,43000.0,1.0,9.0,125.0,Bajaj
5405,27500.0,Ahmedabad,22365.0,1.0,10.0,100.0,Hero
5406,88000.0,Thane,150.0,1.0,4.0,160.0,Honda
5407,141900.0,Bangalore,7400.0,1.0,4.0,350.0,Royal Enfield
5408,110500.0,Kanchipuram,30000.0,1.0,6.0,350.0,Royal Enfield
5409,95000.0,Bangalore,27200.0,1.0,8.0,350.0,Royal Enfield
5410,51000.0,Palamu,4669.0,1.0,4.0,110.0,Hero
5411,35526.0,Faridabad,16500.0,1.0,6.0,125.0,Honda
5412,49800.0,Delhi,41365.0,1.0,6.0,150.0,Honda
5413,40800.0,Bangalore,25000.0,1.0,9.0,220.0,Bajaj
5414,29000.0,Chennai,24000.0,1.0,7.0,100.0,Hero
5415,35255.0,Delhi,25000.0,1.0,9.0,150.0,Yamaha
5416,30000.0,Jaipur,40457.0,1.0,7.0,100.0,Hero
5417,130000.0,Faridabad,7000.0,1.0,5.0,350.0,Royal Enfield
5418,46728.0,Ernakulam,55300.0,1.0,7.0,150.0,Yamaha
5419,21000.0,Bangalore,45000.0,1.0,12.0,150.0,Bajaj
5420,142600.0,Mumbai,28000.0,1.0,6.0,390.0,KTM
5421,82000.0,Navi Mumbai,23000.0,1.0,6.0,150.0,Yamaha
5422,60000.0,Mumbai,15000.0,1.0,6.0,150.0,Bajaj
5423,30000.0,Dehradun,17500.0,1.0,8.0,125.0,Honda
5424,35000.0,Mumbai,9614.0,1.0,7.0,110.0,Mahindra
5425,130000.0,Gurgaon,9800.0,1.0,7.0,390.0,KTM
5426,48000.0,Mumbai,14000.0,1.0,8.0,150.0,Hero
5427,120000.0,Noida,15500.0,1.0,6.0,350.0,Royal Enfield
5428,80000.0,Pune,9000.0,1.0,5.0,150.0,Bajaj
5429,88000.0,Bangalore,3500.0,1.0,4.0,180.0,TVS
5430,30000.0,Patiala,13000.0,1.0,8.0,125.0,Hero
5431,125000.0,Chennai,10200.0,1.0,5.0,350.0,Royal Enfield
5432,27000.0,Gurgaon,25874.0,1.0,10.0,150.0,Hero
5433,165000.0,Thane,17883.0,1.0,6.0,390.0,KTM
5434,56435.0,Vadodara,12192.0,1.0,5.0,110.0,Hero
5435,60000.0,Bangalore,30000.0,1.0,5.0,160.0,TVS
5436,100000.0,Amritsar,5000.0,1.0,5.0,150.0,Yamaha
5437,67000.0,Bangalore,15500.0,1.0,5.0,220.0,Bajaj
5438,25000.0,Delhi,98707.0,1.0,11.0,150.0,Bajaj
5439,30000.0,Ghaziabad,64800.0,1.0,13.0,150.0,Honda
5440,66000.0,Chennai,12000.0,1.0,5.0,150.0,Bajaj
5463,65000.0,Mohali,9300.0,1.0,10.0,350.0,Royal Enfield
5464,45000.0,Ghaziabad,19542.0,1.0,7.0,160.0,TVS
5465,25000.0,Ahmedabad,41915.0,1.0,12.0,150.0,Bajaj
5466,33000.0,Bangalore,31500.0,,14.0,200.0,Bajaj
5468,38000.0,Noida,8718.0,1.0,3.0,100.0,TVS
5469,75000.0,Thane,24000.0,1.0,7.0,350.0,Royal Enfield
5470,70000.0,Bangalore,45000.0,2.0,15.0,350.0,Royal Enfield
5471,133300.0,Hyderabad,18000.0,1.0,5.0,350.0,Royal Enfield
5472,165000.0,Faridabad,2791.0,1.0,2.0,350.0,Royal Enfield
5473,42000.0,Delhi,9755.0,1.0,7.0,150.0,Bajaj
5474,35000.0,Ahmedabad,37795.0,1.0,7.0,100.0,Hero
5475,37000.0,Chennai,27520.0,1.0,5.0,125.0,Honda
5476,82000.0,Kolkata,5200.0,1.0,3.0,160.0,TVS
5477,85000.0,Falakata,4500.0,1.0,2.0,220.0,Bajaj
5478,115000.0,Ferozepur,9759.0,1.0,5.0,350.0,Royal Enfield
5479,27400.0,Hyderabad,33000.0,1.0,10.0,110.0,Honda
5480,22000.0,Gurgaon,29428.0,1.0,9.0,150.0,Yamaha
5481,58000.0,Faridabad,9572.0,1.0,9.0,350.0,Royal Enfield
5482,14000.0,Ghaziabad,40000.0,2.0,12.0,100.0,Hero
5483,120000.0,Bangalore,16000.0,1.0,3.0,200.0,TVS
5484,30000.0,Gurgaon,45355.0,1.0,6.0,125.0,Honda
5485,77100.0,Noida,15000.0,1.0,5.0,150.0,Honda
5486,39999.0,Hyderabad,27000.0,1.0,8.0,150.0,Honda
5487,125000.0,Hyderabad,17677.0,1.0,4.0,350.0,Royal Enfield
5488,35000.0,Sonepat,21000.0,1.0,10.0,150.0,Bajaj
5489,75000.0,Porbandar,30000.0,1.0,6.0,200.0,Bajaj
5490,85000.0,Gurgaon,3842.0,1.0,7.0,350.0,Royal Enfield
5491,160000.0,Dehradun,6700.0,1.0,3.0,200.0,KTM
5492,35000.0,Pune,27988.0,1.0,14.0,150.0,Hero
5493,35000.0,Mumbai,34000.0,1.0,10.0,220.0,Bajaj
5494,105000.0,Pune,11072.0,1.0,8.0,500.0,Royal Enfield
5495,150000.0,Kota,1947.0,1.0,2.0,350.0,Royal Enfield
5496,106000.0,Mumbai,26429.0,1.0,4.0,400.0,Bajaj
5497,28000.0,Gurgaon,42942.0,1.0,13.0,200.0,Bajaj
5498,190000.0,Kanpur Nagar,4159.0,2.0,4.0,390.0,KTM
5499,18000.0,Tiruvallur,70000.0,2.0,15.0,110.0,TVS
5500,95000.0,Mohali,1990.0,1.0,4.0,200.0,TVS
5501,95000.0,Delhi,29000.0,1.0,7.0,500.0,Royal Enfield
5502,50000.0,Hyderabad,65007.0,1.0,7.0,150.0,Bajaj
5503,28000.0,Noida,34060.0,2.0,11.0,180.0,Bajaj
5504,98000.0,Delhi,41883.0,1.0,5.0,350.0,Royal Enfield
5505,45000.0,Dwarka,15000.0,1.0,9.0,200.0,Bajaj
5506,106000.0,Delhi,1890.0,1.0,2.0,200.0,TVS
5507,23000.0,Delhi,59560.0,1.0,8.0,110.0,Hero
5508,72000.0,Rangpo,13600.0,2.0,4.0,150.0,Yamaha
5509,37500.0,Gurgaon,10521.0,1.0,7.0,150.0,Honda
5510,90000.0,Ghaziabad,3095.0,1.0,2.0,180.0,TVS
5511,53300.0,Mumbai,29000.0,1.0,10.0,150.0,Yamaha
5513,30000.0,Indore,21288.0,1.0,10.0,160.0,TVS
5514,75000.0,Pune,29878.0,1.0,4.0,150.0,Yamaha
5515,31000.0,Delhi,19000.0,2.0,5.0,100.0,Hero
5516,65000.0,Goa-panaji,7706.0,1.0,5.0,220.0,Bajaj
5517,11000.0,Gurgaon,31275.0,1.0,12.0,135.0,Bajaj
5518,93200.0,Gurgaon,8700.0,1.0,7.0,500.0,Royal Enfield
5519,18000.0,Delhi,19233.0,2.0,11.0,100.0,Hero
5520,42000.0,Jaipur,33156.0,1.0,5.0,150.0,Bajaj
5521,65000.0,Cannanore (kannur),14000.0,1.0,4.0,150.0,Yamaha
5522,100000.0,Churu,2322.0,1.0,2.0,160.0,Honda
5523,29500.0,Delhi,16389.0,1.0,7.0,100.0,TVS
5524,84000.0,Gurgaon,13680.0,1.0,6.0,350.0,Royal Enfield
5525,85000.0,Faridabad,9425.0,1.0,4.0,250.0,Yamaha
5526,41000.0,Delhi,9833.0,1.0,5.0,160.0,TVS
5527,25000.0,Faridabad,21163.0,1.0,5.0,125.0,Bajaj
5528,50000.0,Mumbai,31298.0,1.0,12.0,350.0,Royal Enfield
5529,43000.0,Baghpat,14740.0,1.0,4.0,150.0,Bajaj
5530,60000.0,Delhi,14830.0,1.0,4.0,150.0,Suzuki
5531,56000.0,Ghaziabad,11021.0,1.0,4.0,160.0,Honda
5532,102000.0,Hyderabad,1120.0,1.0,2.0,150.0,Yamaha
5533,65000.0,Moradabad,33000.0,2.0,10.0,350.0,Royal Enfield
5534,65000.0,Ghaziabad,15000.0,1.0,9.0,250.0,Honda
5535,90595.0,Bangalore,37915.0,1.0,6.0,350.0,Royal Enfield
5536,30000.0,Jaipur,35600.0,1.0,9.0,150.0,Yamaha
5537,120000.0,Jhumri Tilaiya,7500.0,1.0,3.0,400.0,Bajaj
5538,92000.0,Mumbai,750.0,1.0,3.0,150.0,Suzuki
5539,35000.0,Gurgaon,46436.0,1.0,11.0,180.0,Bajaj
5553,137500.0,Hyderabad,56000.0,1.0,6.0,200.0,KTM
5554,66000.0,Salem,3000.0,1.0,4.0,160.0,Honda
5555,53200.0,Naihati,12135.0,1.0,3.0,150.0,Bajaj
5556,49999.0,Noida,21500.0,2.0,6.0,150.0,Yamaha
5557,102000.0,Thane,8120.0,1.0,2.0,200.0,TVS
5558,17000.0,Delhi,34500.0,1.0,11.0,135.0,Bajaj
5559,55000.0,Gurgaon,7800.0,1.0,7.0,220.0,Bajaj
5560,99000.0,Delhi,1793.0,1.0,3.0,200.0,TVS
5561,25000.0,Ahmedabad,31400.0,1.0,7.0,125.0,Honda
5562,170000.0,Bangalore,15547.0,2.0,4.0,390.0,KTM
5563,55000.0,Kolkata,35107.0,1.0,8.0,220.0,Bajaj
5564,92000.0,Delhi,5156.0,1.0,2.0,150.0,Suzuki
5565,89200.0,Delhi,15000.0,1.0,5.0,150.0,Honda
5566,110000.0,Delhi,5130.0,1.0,5.0,500.0,Royal Enfield
5567,85000.0,Ghaziabad,15150.0,1.0,3.0,160.0,TVS
5568,141000.0,Pune,10825.0,4.0,4.0,350.0,Royal Enfield
5569,105000.0,Virudhunagar,12000.0,1.0,6.0,500.0,Royal Enfield
5570,90000.0,Mumbai,28279.0,2.0,9.0,500.0,Royal Enfield
5571,65000.0,Pune,7983.0,1.0,5.0,200.0,Bajaj
5572,243100.0,Delhi,16000.0,1.0,3.0,390.0,KTM
5573,22000.0,Delhi,37000.0,1.0,8.0,100.0,Bajaj
5574,52000.0,Lucknow,13353.0,1.0,3.0,100.0,Hero
5575,180000.0,Dharmavaram,6500.0,1.0,3.0,250.0,Honda
5576,35000.0,Bangalore,40500.0,1.0,10.0,150.0,Bajaj
5577,30000.0,Delhi,44000.0,1.0,8.0,125.0,Honda
5578,93500.0,Thane,199.0,1.0,2.0,220.0,Bajaj
5579,106000.0,Jalandhar,70000.0,1.0,7.0,350.0,Royal Enfield
5580,195000.0,Delhi,1700.0,1.0,5.0,390.0,KTM
5581,25000.0,Hyderabad,54560.0,2.0,14.0,223.0,Hero
5582,85000.0,Ghaziabad,17580.0,1.0,8.0,350.0,Royal Enfield
5583,15000.0,Darbhanga,46000.0,1.0,11.0,110.0,TVS
5584,62000.0,Darbhanga,76663.0,1.0,4.0,200.0,TVS
5585,34000.0,Bangalore,29500.0,1.0,6.0,125.0,Bajaj
5586,18000.0,Faridabad,30112.0,1.0,11.0,125.0,Honda
5587,75000.0,Mumbai,29284.0,1.0,9.0,350.0,Royal Enfield
5589,42000.0,Bhubaneshwar,34700.0,1.0,6.0,223.0,Hero
5590,55000.0,Delhi,17180.0,1.0,3.0,125.0,Hero
5591,65000.0,Ghaziabad,30040.0,1.0,4.0,150.0,Suzuki
5592,105000.0,Delhi,12903.0,2.0,4.0,200.0,Bajaj
5593,75000.0,Chennai,30000.0,1.0,10.0,350.0,Royal Enfield
5594,30000.0,Nashik,52000.0,1.0,12.0,150.0,Honda
5595,24300.0,Kanchipuram,75000.0,1.0,9.0,150.0,Yamaha
5596,30000.0,Bangalore,34028.0,1.0,6.0,125.0,Bajaj
5597,35000.0,Delhi,44409.0,1.0,7.0,150.0,Bajaj
5598,21000.0,Ghaziabad,58245.0,1.0,10.0,150.0,Yamaha
5599,125000.0,Bangalore,26147.0,1.0,7.0,500.0,Royal Enfield
5600,95000.0,Delhi,14008.0,1.0,6.0,350.0,Royal Enfield
5601,110000.0,Bangalore,29369.0,1.0,5.0,500.0,Royal Enfield
5602,50000.0,Bhatinda,31519.0,2.0,6.0,150.0,Bajaj
5603,90000.0,Delhi,23900.0,2.0,6.0,350.0,Royal Enfield
5604,56000.0,Pune,26320.0,1.0,5.0,220.0,Bajaj
5605,67100.0,Ahmedabad,26000.0,1.0,4.0,150.0,Suzuki
5606,150900.0,Bangalore,11850.0,1.0,3.0,350.0,Royal Enfield
5607,57000.0,Visakhapatnam,28500.0,1.0,5.0,220.0,Bajaj
5608,25000.0,Ludhiana,30000.0,1.0,10.0,150.0,Bajaj
5609,270000.0,Delhi,3165.0,1.0,4.0,250.0,Hyosung
5610,18000.0,Gurgaon,19443.0,2.0,8.0,125.0,Yamaha
5611,45000.0,Delhi,15886.0,1.0,7.0,150.0,Yamaha
5612,40000.0,Mumbai,28530.0,1.0,7.0,223.0,Hero
5613,55000.0,Delhi,33186.0,1.0,5.0,150.0,Suzuki
5614,20000.0,Delhi,60315.0,2.0,11.0,150.0,Hero
5615,85000.0,Anand,15200.0,,5.0,200.0,Bajaj
5616,12000.0,Noida,32234.0,1.0,16.0,150.0,Bajaj
5617,67300.0,Mumbai,34000.0,1.0,8.0,150.0,Yamaha
5618,65000.0,Nawanshahr,7000.0,1.0,4.0,150.0,Suzuki
5619,140000.0,Ghaziabad,6537.0,1.0,4.0,200.0,KTM
5620,27000.0,Delhi,31336.0,1.0,9.0,150.0,Suzuki
5621,115000.0,Puttur,8500.0,1.0,3.0,200.0,Bajaj
5622,170000.0,Hyderabad,2037.0,1.0,4.0,500.0,Royal Enfield
5623,51000.0,Ghaziabad,20058.0,1.0,4.0,150.0,Bajaj
5624,77600.0,Chennai,22000.0,1.0,3.0,220.0,Bajaj
5625,9000.0,Ghaziabad,67140.0,2.0,15.0,150.0,Bajaj
5626,48000.0,Nadiad,25435.0,1.0,5.0,150.0,Bajaj
5627,28000.0,Gurgaon,46182.0,1.0,8.0,180.0,TVS
5628,90000.0,Tiruvallur,21000.0,1.0,6.0,350.0,Royal Enfield
5629,45000.0,Ghaziabad,8634.0,1.0,4.0,150.0,Bajaj
5630,55000.0,Ghaziabad,20404.0,1.0,4.0,150.0,Bajaj
5631,58400.0,Gurgaon,43000.0,2.0,10.0,350.0,Royal Enfield
5639,200000.0,Mumbai,6629.0,1.0,5.0,250.0,Hyosung
5640,391000.0,Sangli,6000.0,1.0,7.0,750.0,Harley-Davidson
5641,105000.0,Mumbai,6867.0,1.0,5.0,500.0,Royal Enfield
5642,197200.0,Suri,24000.0,1.0,4.0,390.0,KTM
5643,42000.0,Pune,29000.0,1.0,10.0,220.0,Bajaj
5644,71000.0,Chennai,13600.0,1.0,3.0,180.0,Bajaj
5645,70000.0,Yamuna Nagar,5200.0,2.0,4.0,220.0,Bajaj
5646,46000.0,Delhi,11000.0,2.0,6.0,150.0,Yamaha
5647,174000.0,Bangalore,4300.0,1.0,5.0,200.0,KTM
5648,66000.0,Delhi,2465.0,1.0,9.0,150.0,Yamaha
5649,49000.0,Vasai,25000.0,1.0,7.0,223.0,Hero
5650,30000.0,Coimbatore,26500.0,1.0,8.0,100.0,Bajaj
5651,65000.0,Ahmedabad,22000.0,1.0,5.0,150.0,Bajaj
5652,110900.0,Chandigarh,6635.0,1.0,5.0,350.0,Royal Enfield
5653,395000.0,Bangalore,16523.0,1.0,5.0,750.0,Harley-Davidson
5654,22000.0,Lucknow,49000.0,1.0,7.0,125.0,Honda
5655,125000.0,Bangalore,3538.0,1.0,7.0,350.0,Royal Enfield
5656,125000.0,Bangalore,3538.0,1.0,5.0,350.0,Royal Enfield
5657,19000.0,Bangalore,69415.0,1.0,13.0,135.0,Bajaj
5658,80000.0,Chennai,4300.0,1.0,3.0,150.0,Bajaj
5659,89000.0,Faridabad,19627.0,1.0,2.0,150.0,Suzuki
5660,25000.0,Mumbai,52287.0,2.0,10.0,150.0,Bajaj
5661,91000.0,Delhi,14555.0,1.0,6.0,350.0,Royal Enfield
5662,95000.0,Gurgaon,2617.0,1.0,2.0,150.0,Yamaha
5669,77000.0,Trivandrum,11300.0,1.0,4.0,200.0,Bajaj
5670,106000.0,Lucknow,233011.0,2.0,4.0,250.0,Honda
5671,33000.0,Ahmedabad,55000.0,1.0,7.0,110.0,Mahindra
5672,40000.0,Gurgaon,28397.0,2.0,4.0,100.0,Hero
5673,111000.0,Mumbai,14647.0,1.0,6.0,390.0,KTM
5674,78000.0,Bangalore,38271.0,1.0,6.0,200.0,Bajaj
5675,28000.0,Roorkee,38000.0,1.0,11.0,223.0,Hero
5676,108400.0,Hubli,18000.0,1.0,4.0,200.0,Bajaj
5677,90000.0,Aluva,23000.0,1.0,4.0,200.0,Bajaj
5678,90000.0,Delhi,5148.0,2.0,5.0,350.0,Royal Enfield
5679,100000.0,Thane,45730.0,1.0,6.0,350.0,Royal Enfield
5680,18000.0,Mumbai,42000.0,1.0,10.0,135.0,Bajaj
5684,52999.0,Thane,8150.0,1.0,5.0,150.0,Bajaj
5685,128700.0,Bangalore,50000.0,1.0,5.0,500.0,Royal Enfield
5686,80000.0,Bangalore,40000.0,2.0,5.0,200.0,Bajaj
5687,70000.0,Sirsi,26000.0,1.0,4.0,150.0,Honda
5688,200000.0,Dehradun,5000.0,1.0,3.0,390.0,KTM
5689,19000.0,Delhi,57791.0,1.0,11.0,180.0,Bajaj
5690,25600.0,Delhi,45000.0,1.0,8.0,125.0,Bajaj
5691,30000.0,Noida,79004.0,1.0,7.0,125.0,Honda
5692,20000.0,Chennai,36000.0,1.0,10.0,160.0,TVS
5693,276000.0,Bijapur,2100.0,1.0,5.0,300.0,Kawasaki
5694,47000.0,Bangalore,44626.0,1.0,8.0,150.0,Suzuki
5695,80000.0,Gautam Buddha Nagar,20824.0,1.0,3.0,250.0,Yamaha
5696,22000.0,Bangalore,91649.0,1.0,14.0,150.0,Bajaj
5697,108000.0,Krishnagar,17600.0,1.0,7.0,500.0,Royal Enfield
5698,21000.0,Gurgaon,23059.0,1.0,10.0,150.0,Bajaj
5699,97100.0,Kolkata,8073.0,1.0,5.0,200.0,Bajaj
5700,47000.0,Delhi,6363.0,1.0,3.0,150.0,Yamaha
5701,145000.0,Delhi,21515.0,1.0,3.0,400.0,Bajaj
5702,65000.0,Delhi,19000.0,1.0,6.0,223.0,Hero
5703,194000.0,Thane,844.0,1.0,2.0,410.0,Royal Enfield
5704,91000.0,Delhi,18399.0,1.0,6.0,350.0,Royal Enfield
5705,107000.0,Kanchipuram,20000.0,1.0,5.0,500.0,Royal Enfield
5706,120000.0,Mumbai,16500.0,1.0,5.0,350.0,Royal Enfield
5707,85000.0,Silchar,3000.0,1.0,2.0,160.0,Bajaj
5708,80000.0,Bangalore,31800.0,1.0,4.0,220.0,Bajaj
5709,15900.0,Delhi,64000.0,1.0,11.0,150.0,Hero
5728,50100.0,Jaipur,36000.0,2.0,6.0,223.0,Hero
5729,35000.0,Delhi,33555.0,1.0,13.0,150.0,Yamaha
5730,22000.0,Bhiwadi,17800.0,1.0,11.0,150.0,Bajaj
5731,16000.0,Dehradun,75000.0,,14.0,160.0,TVS
5732,36000.0,Chennai,34000.0,1.0,7.0,180.0,TVS
5733,111300.0,Pune,5000.0,1.0,4.0,200.0,TVS
5734,18500.0,Aurangabad,60000.0,1.0,17.0,100.0,Hero
5755,32400.0,Jaipur,32116.0,1.0,8.0,150.0,Bajaj
5756,16100.0,Delhi,31000.0,1.0,11.0,150.0,Bajaj
5757,145000.0,Noida,1147.0,1.0,6.0,200.0,KTM
5758,60000.0,Bangalore,500.0,1.0,4.0,135.0,Bajaj
5759,138000.0,Chennai,13500.0,1.0,5.0,410.0,Royal Enfield
5760,55000.0,Noida,4000.0,1.0,5.0,160.0,Honda
5761,20400.0,Jaipur,74000.0,1.0,9.0,100.0,Bajaj
5762,35000.0,Kanpur,43000.0,1.0,9.0,160.0,TVS
5763,67000.0,Bhubaneshwar,15000.0,1.0,6.0,220.0,Bajaj
5764,52000.0,Bangalore,17600.0,1.0,7.0,150.0,Honda
5765,84999.0,Hyderabad,7600.0,1.0,4.0,150.0,Bajaj
5766,30000.0,Faridabad,25729.0,1.0,7.0,100.0,Hero
5767,120000.0,Bellary,25000.0,1.0,6.0,350.0,Royal Enfield
5768,27000.0,Bangalore,49000.0,1.0,11.0,135.0,Bajaj
5769,46800.0,Baripara,10500.0,1.0,4.0,100.0,Bajaj
5770,97000.0,Kanpur,24878.0,1.0,5.0,150.0,Honda
5771,80000.0,Namakkal,14000.0,1.0,4.0,150.0,Suzuki
5772,45000.0,Ahmedabad,44000.0,1.0,6.0,160.0,TVS
5773,120000.0,Delhi,5200.0,1.0,7.0,500.0,Royal Enfield
5774,125000.0,Faridabad,2500.0,1.0,4.0,200.0,Bajaj
5775,65000.0,Pune,394.0,1.0,6.0,150.0,Yamaha
5776,75000.0,Pune,13303.0,1.0,3.0,150.0,Yamaha
5777,47000.0,Delhi,38561.0,1.0,5.0,220.0,Bajaj
5778,25000.0,Delhi,35799.0,1.0,6.0,100.0,Hero
5779,12000.0,Faridabad,14916.0,1.0,14.0,180.0,Bajaj
5780,48000.0,Pune,39555.0,1.0,9.0,150.0,Honda
5781,307194.0,Faridabad,1487.0,1.0,6.0,650.0,Hyosung
5782,11000.0,Kanchipuram,6807.0,1.0,14.0,150.0,TVS
5783,130000.0,Delhi,19321.0,1.0,4.0,200.0,KTM
5784,20500.0,Faridabad,21533.0,1.0,8.0,150.0,Yamaha
5785,76200.0,Bangalore,20000.0,1.0,4.0,200.0,Bajaj
5786,22800.0,Jhansi,17000.0,2.0,5.0,100.0,TVS
5787,33100.0,Jhansi,19000.0,1.0,5.0,100.0,Hero
5788,174600.0,Hyderabad,9000.0,1.0,3.0,200.0,KTM
5789,18000.0,Mumbai,68857.0,1.0,15.0,110.0,TVS
5790,55000.0,Delhi,4572.0,,17.0,350.0,Royal Enfield
5791,212000.0,Pune,7500.0,1.0,4.0,390.0,KTM
5792,140000.0,Delhi,6346.0,1.0,4.0,200.0,KTM
5793,53300.0,Mumbai,3445.0,1.0,5.0,200.0,Bajaj
5794,50000.0,Mumbai,22469.0,1.0,4.0,150.0,Bajaj
5795,18000.0,Hyderabad,61537.0,1.0,13.0,125.0,Honda
5796,45636.0,Gautam Buddha Nagar,22967.0,1.0,4.0,160.0,TVS
5797,30000.0,Nashik,1.0,2.0,13.0,100.0,Hero
5798,125000.0,Mumbai,32500.0,1.0,5.0,390.0,KTM
5799,111100.0,Delhi,21533.0,1.0,5.0,350.0,Royal Enfield
5800,68500.0,Delhi,11101.0,1.0,3.0,200.0,TVS
5801,100000.0,Mumbai,17482.0,2.0,6.0,350.0,Royal Enfield
5802,25400.0,Jhansi,25000.0,1.0,7.0,100.0,Bajaj
5803,143000.0,Erode,3515.0,1.0,3.0,400.0,Bajaj
5804,121800.0,Nagaon,6515.0,1.0,6.0,500.0,Royal Enfield
5805,128000.0,Bangalore,4000.0,1.0,2.0,200.0,TVS
5806,35000.0,Ahmedabad,8680.0,1.0,6.0,220.0,Bajaj
5807,130000.0,Delhi,24167.0,1.0,4.0,350.0,Royal Enfield
5808,125000.0,Chenani,14800.0,1.0,3.0,350.0,Royal Enfield
5809,124000.0,Jaipur,16500.0,1.0,4.0,250.0,Benelli
5810,75000.0,Gurgaon,7488.0,1.0,2.0,125.0,Hero
5811,33500.0,Delhi,49463.0,1.0,16.0,350.0,Royal Enfield
5812,90000.0,Ghaziabad,36587.0,1.0,6.0,350.0,Royal Enfield
5813,95000.0,Delhi,15525.0,1.0,12.0,350.0,Royal Enfield
5814,22000.0,Jaipur,28686.0,1.0,9.0,125.0,Bajaj
5815,20000.0,Delhi,73190.0,1.0,8.0,100.0,Hero
5816,15000.0,Chennai,23000.0,1.0,11.0,100.0,Bajaj
5817,24500.0,Jhansi,30000.0,1.0,9.0,100.0,Hero
5818,38000.0,Thiruvallur,22000.0,1.0,7.0,150.0,Honda
5819,80000.0,Mumbai,50000.0,1.0,6.0,350.0,Royal Enfield
5820,110000.0,Kullu,28000.0,1.0,5.0,500.0,Royal Enfield
5821,15000.0,Aquem,26000.0,1.0,11.0,135.0,Bajaj
5822,170000.0,Ahmedabad,7000.0,1.0,2.0,350.0,Royal Enfield
5823,350000.0,Faridabad,1487.0,1.0,6.0,650.0,Hyosung
5824,21700.0,Jhansi,30000.0,2.0,10.0,100.0,Hero
5825,125000.0,Bangalore,5000.0,1.0,4.0,150.0,Yamaha
5826,130000.0,Bangalore,19495.0,1.0,5.0,200.0,KTM
5827,25000.0,Panchkula,29000.0,1.0,10.0,150.0,Suzuki
5828,73000.0,Dehradun,3500.0,1.0,4.0,150.0,Yamaha
5829,85000.0,Bellary,38000.0,1.0,7.0,250.0,Honda
5830,248000.0,Pune,5300.0,1.0,4.0,390.0,KTM
5831,110000.0,Faridabad,18692.0,1.0,3.0,150.0,Yamaha
5832,17300.0,Jhansi,30000.0,1.0,12.0,100.0,Bajaj
5833,20000.0,Jhansi,30000.0,1.0,10.0,100.0,Bajaj
5834,35000.0,Ghaziabad,15430.0,1.0,7.0,110.0,Hero
5835,36000.0,Delhi,24000.0,1.0,5.0,150.0,Bajaj
5836,29999.0,Ghaziabad,13058.0,1.0,8.0,100.0,TVS
5837,64900.0,Hyderabad,38000.0,1.0,8.0,150.0,Yamaha
5838,26000.0,Faridabad,12216.0,1.0,4.0,100.0,TVS
5839,36000.0,Faridabad,6240.0,1.0,5.0,135.0,Bajaj
5840,30000.0,Bhubaneshwar,25600.0,1.0,10.0,100.0,Hero
5841,365000.0,Mumbai,10943.0,1.0,6.0,750.0,Harley-Davidson
5842,130000.0,Bangalore,14324.0,1.0,5.0,390.0,KTM
5843,32000.0,Mumbai,13200.0,1.0,7.0,110.0,Honda
5844,121000.0,Bangalore,35422.0,1.0,5.0,500.0,Royal Enfield
5845,41000.0,Coimbatore,35196.0,1.0,5.0,160.0,TVS
5846,220000.0,Hyderabad,9066.0,1.0,5.0,250.0,Hyosung
5847,80000.0,Lucknow,32735.0,1.0,8.0,350.0,Royal Enfield
5848,32000.0,Delhi,20000.0,1.0,8.0,180.0,Bajaj
5849,26365.0,Tiruvallur,89999.0,1.0,4.0,100.0,Hero
5850,145000.0,Coimbatore,9500.0,1.0,4.0,400.0,Bajaj
5851,300000.0,Ghaziabad,16462.0,1.0,6.0,750.0,Harley-Davidson
5852,45000.0,Chennai,35000.0,2.0,2.0,220.0,Bajaj
5853,40000.0,Hyderabad,49000.0,2.0,8.0,150.0,Honda
5854,140000.0,Bangalore,2700.0,1.0,2.0,250.0,Yamaha
5855,20000.0,Delhi,5515.0,1.0,7.0,110.0,TVS
5856,90000.0,Thane,38000.0,1.0,6.0,150.0,Yamaha
5857,31900.0,Delhi,21700.0,1.0,6.0,125.0,Yamaha
5858,18000.0,Delhi,64901.0,,11.0,150.0,Yamaha
5859,117000.0,Mumbai,3400.0,1.0,4.0,350.0,Royal Enfield
5860,40000.0,Gwalior,8000.0,1.0,5.0,110.0,Hero
5861,30000.0,Ghaziabad,32030.0,1.0,7.0,150.0,Hero
5862,102700.0,Siliguri,19000.0,1.0,3.0,150.0,Yamaha
5863,43600.0,Faridabad,15675.0,1.0,6.0,150.0,Bajaj
5864,21400.0,Mumbai,35000.0,1.0,11.0,100.0,Hero
5865,30000.0,Delhi,32000.0,1.0,7.0,135.0,Bajaj
5866,115000.0,Hyderabad,500.0,1.0,39.0,350.0,Royal Enfield
5867,145000.0,Hyderabad,12302.0,1.0,5.0,410.0,Royal Enfield
5868,150000.0,Hyderabad,26157.0,1.0,4.0,410.0,Royal Enfield
5869,21000.0,Alwar,16400.0,1.0,10.0,150.0,Yamaha
5870,49000.0,Gurgaon,15000.0,1.0,4.0,150.0,Bajaj
5871,45000.0,Gurgaon,16017.0,1.0,5.0,160.0,Honda
5872,133000.0,Pune,14200.0,1.0,3.0,350.0,Royal Enfield
5873,11000.0,Bhopal,56500.0,1.0,15.0,100.0,Hero
5874,135000.0,Mumbai,22444.0,1.0,4.0,410.0,Royal Enfield
5875,24500.0,Gurgaon,17260.0,1.0,8.0,100.0,Bajaj
5876,24000.0,Gurgaon,21700.0,1.0,5.0,100.0,Bajaj
5877,25000.0,Mumbai,18000.0,1.0,6.0,150.0,Bajaj
5878,80000.0,Ahmedabad,40000.0,1.0,6.0,350.0,Royal Enfield
5879,87000.0,Ahmedabad,23379.0,1.0,7.0,350.0,Royal Enfield
5880,150000.0,Ahmedabad,10789.0,1.0,3.0,350.0,Royal Enfield
5881,90000.0,Ahmedabad,23000.0,1.0,6.0,350.0,Royal Enfield
5882,18000.0,Ahmedabad,56000.0,1.0,11.0,125.0,Honda
5883,125000.0,Bangalore,23758.0,1.0,5.0,410.0,Royal Enfield
5884,125000.0,Faridabad,7303.0,1.0,3.0,350.0,Royal Enfield
5885,16200.0,Pune,90382.0,1.0,12.0,125.0,Hero
5886,35000.0,Delhi,77600.0,1.0,9.0,200.0,Bajaj
5887,36000.0,Lucknow,16581.0,1.0,4.0,110.0,Hero
5888,20000.0,Bangalore,33046.0,1.0,12.0,125.0,Hero
5889,81990.0,Bangalore,41000.0,1.0,6.0,200.0,Bajaj
5890,131000.0,Jalandhar,8866.0,1.0,6.0,500.0,Royal Enfield
5891,63326.0,Delhi,17965.0,1.0,9.0,350.0,Royal Enfield
5892,26000.0,Virar,45000.0,1.0,11.0,150.0,Bajaj
5893,25000.0,Faridabad,78309.0,1.0,9.0,150.0,Yamaha
5894,54000.0,Lucknow,18276.0,1.0,3.0,125.0,Hero
5895,400000.0,Mumbai,9000.0,1.0,4.0,650.0,Kawasaki
5896,283000.0,Pune,8025.0,1.0,3.0,302.0,Benelli
5897,62000.0,Lucknow,8800.0,1.0,5.0,150.0,Bajaj
5898,60000.0,Bangalore,72400.0,1.0,10.0,350.0,Royal Enfield
5899,15000.0,Ahmedabad,21000.0,1.0,15.0,100.0,Hero
5900,22500.0,Ahmedabad,64578.0,1.0,12.0,100.0,Hero
5901,670000.0,Delhi,20000.0,2.0,4.0,883.0,Harley-Davidson
5902,22000.0,Bangalore,49000.0,1.0,14.0,223.0,Hero
5903,114300.0,Gurgaon,11700.0,1.0,3.0,150.0,Yamaha
5904,95000.0,Bangalore,24745.0,1.0,5.0,350.0,Royal Enfield
5905,12000.0,Gurgaon,51855.0,2.0,12.0,150.0,Bajaj
5906,440000.0,Vapi,10000.0,2.0,6.0,650.0,Honda
5907,96000.0,Chandigarh,40497.0,1.0,5.0,350.0,Royal Enfield
5908,91000.0,Nagpur,4951.0,1.0,3.0,150.0,Suzuki
5909,43000.0,Hyderabad,22049.0,1.0,4.0,125.0,Hero
5910,140000.0,Bangalore,11166.0,1.0,3.0,350.0,Royal Enfield
5911,50000.0,Delhi,21623.0,1.0,9.0,250.0,Honda
5912,265500.0,Nellore,12000.0,1.0,2.0,650.0,Royal Enfield
5913,165000.0,Coimbatore,4610.0,1.0,5.0,535.0,Royal Enfield
5914,50000.0,Chandigarh,42000.0,1.0,7.0,150.0,Yamaha
5915,32000.0,Ahmedabad,24530.0,,9.0,220.0,Bajaj
5916,38000.0,Pune,77000.0,2.0,7.0,220.0,Bajaj
5917,17000.0,Delhi,15000.0,2.0,13.0,150.0,Yamaha
5918,45000.0,Bangalore,93108.0,,18.0,350.0,Royal Enfield
5919,85000.0,Bangalore,45000.0,1.0,6.0,350.0,Royal Enfield
5920,160000.0,Bangalore,18000.0,1.0,3.0,350.0,Royal Enfield
5921,129000.0,Bangalore,4828.0,1.0,4.0,500.0,Royal Enfield
5922,78000.0,Delhi,26536.0,1.0,7.0,350.0,Royal Enfield
5923,100000.0,Pune,19489.0,1.0,5.0,350.0,Royal Enfield
5924,15500.0,Delhi,93968.0,1.0,8.0,100.0,Bajaj
5925,135000.0,Pune,3900.0,1.0,3.0,350.0,Royal Enfield
5926,60000.0,Pune,19800.0,1.0,5.0,220.0,Bajaj
5927,199999.0,Chennai,15000.0,2.0,4.0,300.0,Benelli
5928,130000.0,Mumbai,8000.0,1.0,3.0,200.0,KTM
5929,48900.0,Kolkata,36000.0,1.0,6.0,180.0,TVS
5930,528000.0,Mumbai,8821.0,1.0,5.0,800.0,Kawasaki
5931,102165.0,Kolkata,40800.0,1.0,6.0,390.0,KTM
5932,145000.0,Kolkata,13000.0,1.0,4.0,390.0,KTM
5933,57000.0,Noida,3200.0,1.0,2.0,125.0,Hero
5934,115000.0,Mangalore,29500.0,1.0,7.0,200.0,KTM
5935,75000.0,Delhi,19960.0,1.0,7.0,200.0,KTM
5936,19000.0,Faridabad,16954.0,1.0,9.0,150.0,Bajaj
5937,19000.0,Delhi,48000.0,1.0,12.0,125.0,Hero
5939,105000.0,Faridabad,7255.0,1.0,2.0,350.0,Royal Enfield
5940,23000.0,Mumbai,33300.0,2.0,11.0,100.0,Hero
5941,70000.0,Bangalore,60095.0,2.0,14.0,350.0,Royal Enfield
5942,58000.0,Gautam Buddha Nagar,28922.0,1.0,13.0,350.0,Royal Enfield
5943,141800.0,Bhopal,9200.0,1.0,3.0,350.0,Royal Enfield
5944,25000.0,Bangalore,42573.0,1.0,11.0,110.0,Honda
5945,59000.0,Mumbai,25385.0,1.0,7.0,150.0,Honda
5946,55999.0,Mumbai,55000.0,2.0,8.0,150.0,Honda
5947,28000.0,Lucknow,17250.0,,8.0,150.0,Bajaj
5948,31000.0,Mumbai,45000.0,1.0,7.0,100.0,Hero
5949,270200.0,Ghaziabad,11982.0,1.0,7.0,750.0,Harley-Davidson
5950,45000.0,Surat,43500.0,1.0,5.0,110.0,Honda
5951,30000.0,Faridabad,13008.0,1.0,3.0,125.0,Bajaj
5952,250000.0,Bangalore,15000.0,2.0,12.0,350.0,Royal Enfield
5953,27000.0,Pune,37000.0,1.0,10.0,110.0,Honda
5954,58000.0,Bangalore,40000.0,2.0,5.0,200.0,Bajaj
5955,98000.0,Hyderabad,6000.0,1.0,2.0,150.0,Yamaha
5956,36800.0,Bangalore,12000.0,1.0,5.0,150.0,Bajaj
5957,28000.0,Lucknow,22000.0,2.0,8.0,160.0,TVS
5958,19500.0,Gurgaon,21400.0,1.0,8.0,125.0,Bajaj
5959,75000.0,Hyderabad,11787.0,1.0,5.0,150.0,Yamaha
5960,110000.0,Mumbai,24000.0,,9.0,250.0,Kawasaki
5961,45801.0,Mumbai,14956.0,1.0,3.0,135.0,Bajaj
5962,84100.0,Pune,22000.0,1.0,8.0,350.0,Royal Enfield
5963,80000.0,Pune,22500.0,1.0,7.0,350.0,Royal Enfield
5964,80000.0,Udhampur,7500.0,1.0,4.0,200.0,Bajaj
5965,95000.0,Mumbai,25000.0,1.0,7.0,390.0,KTM
5966,195000.0,Mumbai,11950.0,1.0,3.0,310.0,TVS
5967,87000.0,Chandigarh,5000.0,1.0,3.0,200.0,Bajaj
5968,14500.0,Gurgaon,36578.0,1.0,10.0,100.0,Bajaj
5969,25000.0,Thane,59423.0,2.0,10.0,220.0,Bajaj
5970,22000.0,Jaipur,31000.0,1.0,10.0,110.0,TVS
5971,108000.0,Trivandrum,29200.0,1.0,5.0,350.0,Royal Enfield
5972,62000.0,Visakhapatnam,19380.0,1.0,5.0,220.0,Bajaj
5973,55000.0,Bangalore,10000.0,1.0,5.0,150.0,Yamaha
5974,45000.0,Mumbai,15000.0,1.0,8.0,220.0,Bajaj
5975,185000.0,Chennai,4362.0,1.0,2.0,250.0,KTM
5976,35000.0,Kolkata,8000.0,1.0,7.0,150.0,Honda
5977,20000.0,Gurgaon,28425.0,1.0,8.0,125.0,Bajaj
5978,65000.0,Kolkata,11000.0,1.0,3.0,160.0,Honda
5979,65000.0,Pune,30377.0,1.0,5.0,220.0,Bajaj
5980,35000.0,Gurgaon,26000.0,1.0,8.0,223.0,Hero
5981,56900.0,Mumbai,31000.0,1.0,4.0,150.0,Suzuki
5982,47000.0,Chennai,42000.0,1.0,9.0,150.0,Yamaha
5983,160000.0,Bangalore,6500.0,1.0,5.0,200.0,KTM
5984,70000.0,Bangalore,15500.0,1.0,5.0,150.0,Suzuki
5985,120000.0,Bangalore,9500.0,1.0,6.0,350.0,Royal Enfield
5986,35000.0,Pune,52340.0,1.0,10.0,220.0,Bajaj
5987,36000.0,Chennai,17652.0,1.0,3.0,100.0,Bajaj
5988,20600.0,Dhamtari,35000.0,1.0,8.0,125.0,Hero
5989,140000.0,Noida,13624.0,1.0,5.0,350.0,Royal Enfield
5990,145000.0,Mumbai,14307.0,1.0,5.0,500.0,Royal Enfield
5991,22200.0,Ahmedabad,34698.0,1.0,9.0,150.0,Bajaj
5992,95500.0,Nagaon,26000.0,1.0,4.0,350.0,Royal Enfield
5993,30000.0,24 Pargana,60000.0,2.0,7.0,150.0,Bajaj
5994,55000.0,Bangalore,13915.0,1.0,8.0,220.0,Bajaj
5995,135000.0,Delhi,14050.0,1.0,3.0,150.0,Yamaha
5996,85000.0,Mumbai,29249.0,1.0,6.0,200.0,KTM
5997,36000.0,Delhi,29936.0,1.0,6.0,150.0,Suzuki
5998,16500.0,Faridabad,17420.0,1.0,11.0,100.0,Hero
5999,26333.0,Ahmedabad,32000.0,1.0,7.0,220.0,Bajaj
6000,35000.0,Faridabad,20928.0,1.0,3.0,100.0,Hero
6001,33000.0,Bangalore,24669.0,2.0,10.0,150.0,Bajaj
6002,32000.0,Faridabad,13187.0,1.0,3.0,100.0,Bajaj
6003,90700.0,Delhi,900.0,1.0,2.0,160.0,TVS
6004,165000.0,Erode,5230.0,1.0,3.0,200.0,KTM
6005,55000.0,Noida,30000.0,1.0,4.0,200.0,TVS
6006,17000.0,Bardhaman,45000.0,1.0,12.0,100.0,Hero
6007,21500.0,Noida,43000.0,1.0,9.0,100.0,Hero
6008,145700.0,Hyderabad,9400.0,1.0,4.0,500.0,Royal Enfield
6009,21000.0,Ghaziabad,21062.0,1.0,10.0,135.0,Bajaj
6010,28000.0,Ghaziabad,15768.0,1.0,6.0,125.0,Honda
6011,82000.0,Mumbai,146642.0,1.0,7.0,500.0,Royal Enfield
6012,23000.0,Delhi,18000.0,2.0,9.0,110.0,Hero
6013,53000.0,Ghaziabad,19068.0,1.0,4.0,150.0,Bajaj
6014,30000.0,Ghaziabad,27571.0,1.0,4.0,100.0,Bajaj
6015,85000.0,Mumbai,20000.0,1.0,10.0,350.0,Royal Enfield
6016,115000.0,Bangalore,30000.0,1.0,8.0,200.0,KTM
6017,55000.0,Ghaziabad,40000.0,1.0,12.0,350.0,Royal Enfield
6018,42000.0,Pune,15148.0,1.0,3.0,100.0,Hero
6019,23500.0,Vadodara,25000.0,1.0,11.0,100.0,Hero
6020,25000.0,Vadodara,24000.0,1.0,8.0,110.0,Honda
6021,21000.0,Jaipur,43000.0,1.0,9.0,125.0,Honda
6022,161100.0,Guwahati,1753.0,1.0,2.0,350.0,Royal Enfield
6023,70500.0,Bangalore,37415.0,1.0,5.0,200.0,Bajaj
6024,110000.0,Delhi,6500.0,1.0,6.0,500.0,Royal Enfield
6025,158000.0,Jaisalmer,1500.0,1.0,3.0,500.0,Royal Enfield
6026,48000.0,Delhi,5400.0,1.0,3.0,125.0,Honda
6027,38500.0,Kalyan,20000.0,1.0,7.0,150.0,Suzuki
6028,60000.0,Bangalore,41000.0,1.0,5.0,150.0,Suzuki
6029,470000.0,Gurgaon,11164.0,1.0,3.0,750.0,Harley-Davidson
6030,78500.0,Delhi,16693.0,1.0,5.0,350.0,Royal Enfield
6031,25000.0,Ghaziabad,27683.0,1.0,6.0,125.0,Bajaj
6032,22000.0,Ghaziabad,23182.0,1.0,7.0,100.0,TVS
6033,25000.0,Panipat,40500.0,1.0,8.0,150.0,Yamaha
6034,37000.0,Ghaziabad,29494.0,2.0,8.0,100.0,Hero
6035,23000.0,Gurgaon,25144.0,1.0,6.0,100.0,Bajaj
6036,68000.0,Mumbai,15000.0,1.0,3.0,220.0,Bajaj
6037,100000.0,Mumbai,38933.0,2.0,14.0,350.0,Royal Enfield
6038,31000.0,Mumbai,12300.0,1.0,10.0,150.0,Yamaha
6039,30000.0,Hyderabad,25981.0,1.0,7.0,100.0,TVS
6040,35000.0,Hyderabad,21228.0,1.0,10.0,125.0,Honda
6041,19000.0,Vandalur,45000.0,1.0,7.0,150.0,Bajaj
6042,17000.0,Gurgaon,28516.0,1.0,12.0,125.0,Honda
6043,42000.0,Ahmedabad,17000.0,1.0,5.0,110.0,Honda
6044,18000.0,Gurgaon,24921.0,1.0,8.0,125.0,Hero
6045,35000.0,Bangalore,36027.0,1.0,5.0,150.0,Bajaj
6046,40100.0,Aligarh,52000.0,1.0,6.0,220.0,Bajaj
6047,47000.0,Ahmedabad,11800.0,1.0,4.0,150.0,Bajaj
6048,26000.0,Gurgaon,19346.0,1.0,4.0,150.0,Bajaj
6049,100000.0,Delhi,30678.0,1.0,5.0,350.0,Royal Enfield
6050,140000.0,Bangalore,19000.0,1.0,4.0,400.0,Bajaj
6051,68000.0,Delhi,30664.0,1.0,3.0,200.0,TVS
6052,29999.0,Delhi,33232.0,1.0,7.0,125.0,Hero
6053,97999.0,Bangalore,50000.0,1.0,7.0,350.0,Royal Enfield
6054,90000.0,Bangalore,25000.0,1.0,6.0,350.0,Royal Enfield
6055,70000.0,Pune,19000.0,1.0,5.0,160.0,Honda
6056,13000.0,Faridabad,37181.0,1.0,14.0,150.0,Hero
6057,199000.0,Mumbai,12000.0,1.0,3.0,310.0,TVS
6058,220000.0,Noida,5432.0,1.0,2.0,310.0,TVS
6059,27000.0,Gurgaon,23000.0,1.0,9.0,220.0,Bajaj
6060,143000.0,Lucknow,2351.0,1.0,2.0,200.0,Bajaj
6061,225000.0,Chennai,13000.0,1.0,5.0,300.0,Benelli
6062,46000.0,Howrah,29000.0,2.0,8.0,200.0,Bajaj
6063,35000.0,Ghaziabad,12308.0,1.0,7.0,125.0,Honda
6064,16000.0,Faridabad,75537.0,1.0,9.0,100.0,Bajaj
6065,130000.0,Delhi,5580.0,1.0,4.0,350.0,Royal Enfield
6066,30000.0,Faridabad,21585.0,1.0,6.0,150.0,Bajaj
6067,47000.0,Gurgaon,25000.0,1.0,4.0,150.0,Bajaj
6068,31000.0,Jaipur,20000.0,1.0,7.0,100.0,TVS
6069,30000.0,Ghaziabad,25223.0,1.0,8.0,180.0,TVS
6070,1350000.0,Delhi,4600.0,1.0,3.0,850.0,BMW
6071,30000.0,Bangalore,18813.0,1.0,7.0,100.0,TVS
6072,28000.0,Gurgaon,99813.0,1.0,5.0,110.0,TVS
6073,190000.0,Jaipur,7902.0,1.0,2.0,200.0,KTM
6074,25000.0,Ghaziabad,45393.0,1.0,5.0,110.0,TVS
6075,25000.0,Jaipur,22620.0,1.0,9.0,100.0,TVS
6076,24000.0,Jaipur,20885.0,1.0,14.0,180.0,TVS
6077,150000.0,Ghaziabad,16000.0,1.0,4.0,200.0,KTM
6078,23000.0,Faridabad,15095.0,1.0,6.0,100.0,TVS
6079,23000.0,Gurgaon,20019.0,1.0,7.0,110.0,TVS
6080,22500.0,Ghaziabad,24461.0,1.0,7.0,100.0,TVS
6081,22000.0,Gurgaon,25560.0,1.0,12.0,180.0,TVS
6082,22000.0,Ghaziabad,24691.0,1.0,7.0,100.0,TVS
6083,27500.0,Ludhiana,12000.0,1.0,9.0,100.0,Hero
6084,27000.0,Jaipur,18240.0,1.0,11.0,150.0,Hero
6085,29000.0,Jaipur,20787.0,1.0,9.0,100.0,Hero
6086,35000.0,Jaipur,18020.0,1.0,7.0,150.0,Bajaj
6087,27500.0,Vadodara,26000.0,1.0,8.0,125.0,Honda
6088,30500.0,Vadodara,25000.0,1.0,6.0,100.0,Hero
6089,20000.0,Vadodara,62000.0,1.0,12.0,100.0,Hero
6090,127000.0,Mumbai,83.0,1.0,2.0,350.0,Royal Enfield
6091,48000.0,Mumbai,26900.0,1.0,7.0,150.0,Honda
6092,50000.0,Mumbai,30977.0,1.0,5.0,160.0,Honda
6093,40000.0,Mumbai,24504.0,1.0,7.0,150.0,Honda
6094,35000.0,Mumbai,34000.0,1.0,6.0,125.0,Honda
6095,53000.0,Mumbai,20805.0,1.0,4.0,125.0,Honda
6096,78000.0,Belgaum,12500.0,2.0,2.0,150.0,Bajaj
6097,95000.0,Bangalore,16000.0,1.0,5.0,500.0,Royal Enfield
6098,84400.0,Mumbai,25000.0,,6.0,200.0,KTM
6099,29000.0,Patna,30579.0,1.0,6.0,125.0,Hero
6100,425000.0,Kanchipuram,6000.0,1.0,7.0,650.0,Kawasaki
6101,114000.0,Delhi,1661.0,1.0,3.0,350.0,Royal Enfield
6102,91400.0,Bangalore,400.0,1.0,4.0,220.0,Bajaj
6103,26000.0,Faridabad,15000.0,1.0,5.0,100.0,Hero
6104,59000.0,Faridabad,35693.0,1.0,4.0,200.0,TVS
6105,22000.0,Jaipur,65798.0,1.0,10.0,125.0,Yamaha
6106,21500.0,Motihari,69000.0,1.0,8.0,125.0,Honda
6107,55000.0,Howrah,39000.0,1.0,8.0,223.0,Hero
6108,20000.0,Mumbai,25000.0,1.0,19.0,150.0,Hero
6109,73000.0,Nagpur,13000.0,2.0,10.0,350.0,Royal Enfield
6110,150900.0,Delhi,1500.0,1.0,3.0,410.0,Royal Enfield
6111,54147.0,Mumbai,41000.0,1.0,5.0,150.0,Bajaj
6112,51000.0,Mumbai,11500.0,1.0,6.0,200.0,Bajaj
6113,22300.0,Thane,39000.0,1.0,11.0,150.0,Bajaj
6114,60000.0,Bhubaneshwar,23500.0,2.0,5.0,220.0,Bajaj
6115,46000.0,Lucknow,22825.0,1.0,4.0,150.0,Suzuki
6116,93300.0,Bangalore,1500.0,1.0,3.0,150.0,Suzuki
6117,150000.0,Lucknow,11306.0,1.0,3.0,350.0,Royal Enfield
6118,22100.0,Chennai,68000.0,1.0,13.0,135.0,Bajaj
6119,70000.0,Ahmedabad,7250.0,1.0,5.0,200.0,Bajaj
6120,22000.0,Bhopal,26000.0,1.0,13.0,150.0,Bajaj
6121,150000.0,Bhubaneshwar,27096.0,1.0,4.0,390.0,KTM
6122,234000.0,Gurgaon,2280.0,1.0,2.0,390.0,KTM
6123,42000.0,Bhubaneshwar,19000.0,1.0,5.0,150.0,Bajaj
6124,46000.0,Mumbai,20000.0,1.0,9.0,200.0,Bajaj
6125,12000.0,Faridabad,2897.0,1.0,10.0,100.0,Hero
6126,73800.0,Chennai,22400.0,1.0,5.0,150.0,Yamaha
6127,60000.0,Delhi,12000.0,1.0,5.0,150.0,Yamaha
6128,22500.0,Jhansi,35000.0,,8.0,100.0,Hero
6129,34800.0,Jhansi,23000.0,1.0,5.0,100.0,Hero
6130,26600.0,Jhansi,26000.0,2.0,7.0,100.0,Hero
6131,23500.0,Jhansi,30000.0,2.0,9.0,100.0,Hero
6132,54900.0,Jhansi,11000.0,1.0,5.0,150.0,Bajaj
6133,41800.0,Jhansi,16000.0,1.0,4.0,100.0,Hero
6134,50000.0,Ahmedabad,44000.0,1.0,7.0,200.0,Bajaj
6135,23000.0,Delhi,28000.0,1.0,10.0,100.0,Hero
6136,99000.0,Delhi,5000.0,1.0,7.0,350.0,Royal Enfield
6137,17000.0,Jhansi,40000.0,2.0,16.0,100.0,Hero
6138,89000.0,Lucknow,19890.0,4.0,27.0,350.0,Royal Enfield
6139,19000.0,Jhansi,22000.0,1.0,11.0,100.0,Bajaj
6140,70000.0,Faridabad,46000.0,2.0,11.0,350.0,Royal Enfield
6141,105600.0,Bangalore,17600.0,1.0,6.0,350.0,Royal Enfield
6142,20999.0,Bangalore,61084.0,1.0,13.0,150.0,Bajaj
6143,72000.0,Ludhiana,25000.0,2.0,18.0,350.0,Royal Enfield
6144,177500.0,Silchar,3000.0,1.0,2.0,400.0,Bajaj
6145,150000.0,Bangalore,16000.0,1.0,2.0,400.0,Bajaj
6146,50400.0,Pune,5000.0,1.0,6.0,150.0,Honda
6147,78000.0,Chennai,33000.0,1.0,8.0,200.0,KTM
6148,52843.0,Alipore,59886.0,1.0,5.0,150.0,Bajaj
6149,22000.0,Dharwar,20000.0,1.0,8.0,125.0,Honda
6150,68000.0,Mumbai,9103.0,2.0,3.0,150.0,Yamaha
6151,100000.0,Ahmedabad,11738.0,1.0,4.0,350.0,Royal Enfield
6152,20000.0,Faridabad,33766.0,1.0,8.0,125.0,Hero
6153,82000.0,Hyderabad,4304.0,1.0,4.0,200.0,Bajaj
6154,85500.0,Noida,24363.0,1.0,6.0,350.0,Royal Enfield
6155,100000.0,Noida,4587.0,1.0,4.0,350.0,Royal Enfield
6156,20990.0,Gurgaon,82000.0,1.0,6.0,150.0,Bajaj
6157,15900.0,Ahmedabad,39000.0,1.0,10.0,125.0,Suzuki
6158,48000.0,Mumbai,15684.0,1.0,10.0,150.0,Yamaha
6159,135000.0,Jaipur,12507.0,1.0,4.0,250.0,KTM
6160,38000.0,Dehradun,35000.0,1.0,9.0,220.0,Bajaj
6161,481000.0,Delhi,2000.0,1.0,4.0,650.0,Kawasaki
6169,32000.0,Gurgaon,25751.0,,8.0,220.0,Bajaj
6170,42000.0,Mumbai,32897.0,1.0,7.0,220.0,Bajaj
6180,22000.0,Delhi,67776.0,1.0,8.0,150.0,Bajaj
6181,104076.0,Noida,4607.0,1.0,6.0,535.0,Royal Enfield
6182,42000.0,Mumbai,11000.0,1.0,4.0,100.0,Hero
6183,42000.0,Jaipur,21145.0,1.0,4.0,100.0,Hero
6184,70000.0,Delhi,13678.0,1.0,4.0,150.0,Suzuki
6185,90000.0,Chennai,69025.0,2.0,17.0,350.0,Royal Enfield
6186,32000.0,Delhi,14249.0,1.0,6.0,125.0,Hero
6187,115000.0,Gurgaon,23552.0,1.0,8.0,350.0,Royal Enfield
6188,150000.0,Shimoga,13100.0,1.0,7.0,500.0,Royal Enfield
6189,51000.0,Dakshina Kannada,29700.0,1.0,5.0,220.0,Bajaj
6190,32000.0,Jaipur,23000.0,1.0,4.0,100.0,Bajaj
6191,65000.0,Noida,19700.0,1.0,4.0,220.0,Bajaj
6192,20000.0,Gurgaon,44500.0,1.0,11.0,125.0,Honda
6193,140000.0,Ghaziabad,22000.0,1.0,3.0,400.0,Bajaj
6194,180000.0,Mumbai,27874.0,1.0,4.0,390.0,KTM
6195,25000.0,Delhi,28550.0,1.0,5.0,150.0,Bajaj
6196,28000.0,Gurgaon,9184.0,1.0,6.0,100.0,Hero
6197,35500.0,Gurgaon,15047.0,1.0,3.0,150.0,Bajaj
6198,15000.0,Gurgaon,35400.0,1.0,13.0,100.0,Hero
6199,30000.0,Gurgaon,25000.0,1.0,4.0,100.0,Bajaj
6200,52000.0,Ghaziabad,17237.0,1.0,4.0,160.0,TVS
6201,27000.0,Delhi,12100.0,1.0,9.0,100.0,Hero
6202,38000.0,Faridabad,11799.0,1.0,4.0,100.0,Hero
6203,36000.0,Faridabad,5323.0,1.0,4.0,100.0,Hero
6204,36000.0,Gurgaon,16096.0,1.0,6.0,100.0,Hero
6205,36000.0,Delhi,11571.0,1.0,5.0,110.0,Hero
6206,65000.0,Faridabad,21544.0,1.0,6.0,150.0,Yamaha
6207,45000.0,Bangalore,38040.0,1.0,7.0,150.0,Yamaha
6208,45000.0,Jaipur,18237.0,1.0,7.0,150.0,Yamaha
6209,45000.0,Delhi,16000.0,1.0,7.0,150.0,Yamaha
6210,44000.0,Jaipur,32000.0,1.0,7.0,150.0,Yamaha
6211,44000.0,Jaipur,18250.0,1.0,7.0,150.0,Yamaha
6212,44000.0,Jaipur,27000.0,1.0,8.0,150.0,Yamaha
6213,42000.0,Jaipur,25000.0,1.0,6.0,150.0,Yamaha
6214,42000.0,Ghaziabad,19560.0,2.0,8.0,150.0,Yamaha
6215,40000.0,Delhi,20000.0,1.0,7.0,150.0,Yamaha
6216,59500.0,Delhi,5000.0,1.0,5.0,220.0,Bajaj
6217,57000.0,Delhi,1400.0,1.0,3.0,150.0,Bajaj
6218,37000.0,Jaipur,8687.0,1.0,5.0,125.0,Honda
6219,46000.0,Gurgaon,15011.0,1.0,8.0,220.0,Bajaj
6220,43000.0,Jaipur,20134.0,1.0,6.0,150.0,Bajaj
6221,41000.0,Gurgaon,31942.0,1.0,6.0,150.0,Bajaj
6222,22000.0,Jalandhar,40000.0,1.0,11.0,150.0,Hero
6223,22000.0,Noida,20000.0,1.0,13.0,150.0,Hero
6224,33000.0,Faridabad,16587.0,1.0,6.0,100.0,Hero
6225,33000.0,Faridabad,10438.0,1.0,4.0,100.0,Hero
6226,27000.0,Gurgaon,31969.0,1.0,4.0,100.0,Bajaj
6227,27000.0,Gurgaon,35000.0,1.0,7.0,125.0,Bajaj
6228,27000.0,Ghaziabad,22477.0,1.0,5.0,100.0,Bajaj
6229,26500.0,Gurgaon,26888.0,1.0,7.0,150.0,Bajaj
6230,26500.0,Jaipur,18345.0,1.0,10.0,135.0,Bajaj
6231,26000.0,Faridabad,22778.0,1.0,7.0,150.0,Bajaj
6232,26000.0,Gurgaon,16023.0,1.0,11.0,135.0,Bajaj
6233,26000.0,Faridabad,30075.0,1.0,5.0,100.0,Bajaj
6234,25000.0,Mumbai,80725.0,1.0,11.0,125.0,Bajaj
6235,25000.0,Faridabad,54151.0,1.0,5.0,100.0,Bajaj
6236,25000.0,Ludhiana,22000.0,1.0,5.0,100.0,Bajaj
6237,18000.0,Gurgaon,73031.0,1.0,11.0,100.0,Hero
6238,38000.0,Delhi,20000.0,1.0,8.0,220.0,Bajaj
6239,47500.0,Faridabad,10721.0,1.0,3.0,125.0,Hero
6240,47000.0,Jaipur,20748.0,1.0,4.0,100.0,Hero
6241,46000.0,Faridabad,6756.0,1.0,3.0,100.0,Hero
6242,46000.0,Faridabad,10883.0,1.0,3.0,100.0,Hero
6243,45000.0,Ghaziabad,13451.0,1.0,3.0,100.0,Hero
6244,45000.0,Gurgaon,10000.0,1.0,3.0,100.0,Hero
6245,45000.0,Noida,2017.0,1.0,4.0,100.0,Hero
6246,45000.0,Faridabad,4351.0,1.0,3.0,100.0,Hero
6247,45000.0,Jaipur,22000.0,1.0,4.0,110.0,Hero
6248,45000.0,Ahmedabad,32416.0,1.0,6.0,150.0,Hero
6249,43000.0,Faridabad,12296.0,1.0,3.0,100.0,Hero
6250,35800.0,Delhi,15000.0,1.0,6.0,110.0,Hero
6251,22000.0,Gurgaon,48824.0,1.0,12.0,125.0,Honda
6252,22000.0,Jaipur,22000.0,1.0,9.0,125.0,Honda
6253,18000.0,Gurgaon,18157.0,1.0,9.0,110.0,Honda
6254,17000.0,Gurgaon,40877.0,1.0,13.0,125.0,Honda
6255,115000.0,Faridabad,14088.0,1.0,3.0,150.0,Yamaha
6256,25000.0,Ghaziabad,35244.0,,9.0,150.0,Hero
6257,25000.0,Gurgaon,30027.0,1.0,8.0,100.0,Hero
6258,25000.0,Gurgaon,18456.0,1.0,8.0,100.0,Hero
6259,90000.0,Faridabad,10144.0,1.0,3.0,250.0,Yamaha
6260,25000.0,Jaipur,19296.0,1.0,9.0,100.0,Hero
6261,80000.0,Jaipur,12000.0,1.0,3.0,150.0,Yamaha
6262,25000.0,Delhi,13000.0,1.0,10.0,125.0,Hero
6263,70000.0,Faridabad,11592.0,1.0,3.0,150.0,Yamaha
6264,50000.0,Chennai,18096.0,1.0,6.0,220.0,Bajaj
6265,49000.0,Bangalore,18510.0,1.0,6.0,150.0,Bajaj
6266,120000.0,Chennai,44000.0,1.0,5.0,250.0,Honda
6267,24000.0,Gurgaon,26520.0,1.0,9.0,125.0,Honda
6268,14000.0,Ghaziabad,59752.0,1.0,10.0,125.0,Bajaj
6269,40000.0,Indore,42000.0,1.0,7.0,100.0,Hero
6270,142000.0,Hyderabad,16690.0,1.0,3.0,350.0,Royal Enfield
6271,30000.0,Delhi,30920.0,1.0,10.0,150.0,Yamaha
6272,45000.0,Vadodara,29000.0,1.0,5.0,150.0,Bajaj
6273,22000.0,Gurgaon,22174.0,1.0,5.0,100.0,Bajaj
6274,70000.0,Ranchi,20000.0,1.0,4.0,200.0,TVS
6275,54000.0,Jhunjhunu,5900.0,1.0,2.0,110.0,Honda
6276,110000.0,Pune,21613.0,1.0,4.0,250.0,Yamaha
6277,105000.0,Delhi,6900.0,1.0,2.0,150.0,Yamaha
6278,45000.0,Mumbai,8324.0,1.0,3.0,100.0,Hero
6279,89000.0,Alibag,38000.0,1.0,5.0,200.0,Bajaj
6280,16000.0,Ghaziabad,42000.0,1.0,14.0,150.0,Bajaj
6281,60000.0,Hyderabad,46790.0,1.0,5.0,200.0,TVS
6282,60000.0,Delhi,36000.0,,11.0,350.0,Royal Enfield
6283,175000.0,Alipore,1800.0,1.0,2.0,410.0,Royal Enfield
6284,145000.0,Delhi,7000.0,1.0,6.0,535.0,Royal Enfield
6285,68000.0,Pune,59544.0,2.0,10.0,350.0,Royal Enfield
6286,47900.0,Bangalore,30100.0,1.0,6.0,223.0,Hero
6287,340000.0,Delhi,12000.0,1.0,7.0,750.0,Harley-Davidson
6288,113000.0,Bangalore,2343.0,1.0,5.0,200.0,KTM
6289,26000.0,Mumbai,46267.0,2.0,10.0,220.0,Bajaj
6290,52949.0,Mumbai,26000.0,1.0,8.0,200.0,Bajaj
6291,18000.0,Ghaziabad,32000.0,1.0,13.0,150.0,Hero
6292,74000.0,Mumbai,15000.0,1.0,9.0,350.0,Royal Enfield
6293,85000.0,Hyderabad,11063.0,1.0,6.0,200.0,Bajaj
6294,97000.0,Ghaziabad,24699.0,1.0,4.0,200.0,KTM
6295,34999.0,Gautam Buddha Nagar,45000.0,1.0,13.0,150.0,Yamaha
6296,148000.0,Bangalore,12050.0,1.0,3.0,350.0,Royal Enfield
6297,45000.0,Mumbai,18500.0,1.0,7.0,223.0,Hero
6298,140000.0,Mumbai,2000.0,1.0,2.0,350.0,Royal Enfield
6299,573300.0,Pune,28000.0,1.0,5.0,883.0,Harley-Davidson
6300,18000.0,Delhi,12200.0,1.0,9.0,110.0,Yamaha
6301,34000.0,Jaipur,11536.0,1.0,5.0,100.0,TVS
6302,19000.0,Faridabad,23878.0,1.0,11.0,100.0,Hero
6303,18500.0,Ahmedabad,32184.0,1.0,16.0,100.0,Hero
6304,37000.0,Jaipur,19598.0,1.0,6.0,100.0,Hero
6305,36000.0,Gurgaon,14192.0,1.0,6.0,110.0,Honda
6306,36000.0,Gurgaon,14210.0,1.0,6.0,110.0,Honda
6307,36000.0,Jaipur,21172.0,1.0,8.0,125.0,Honda
6308,35500.0,Jaipur,17405.0,1.0,7.0,125.0,Honda
6309,35000.0,Gurgaon,15242.0,1.0,6.0,110.0,Honda
6310,34000.0,Jaipur,4474.0,1.0,3.0,100.0,TVS
6311,120000.0,Mumbai,11735.0,1.0,5.0,390.0,KTM
6312,50000.0,Delhi,18835.0,1.0,8.0,150.0,Yamaha
6313,20000.0,Gurgaon,45000.0,1.0,10.0,110.0,Honda
6314,95000.0,Bangalore,40000.0,1.0,10.0,500.0,Royal Enfield
6315,114000.0,Bangalore,13631.0,1.0,6.0,500.0,Royal Enfield
6316,105000.0,Bangalore,19111.0,1.0,7.0,500.0,Royal Enfield
6317,48000.0,Bijnor,39000.0,2.0,9.0,150.0,Yamaha
6318,18000.0,Pune,61906.0,1.0,8.0,125.0,Bajaj
6319,28000.0,Delhi,15000.0,1.0,8.0,125.0,Bajaj
6320,42000.0,Pune,32702.0,1.0,9.0,150.0,Yamaha
6321,15000.0,Navsari,300000.0,2.0,19.0,150.0,Hero
6322,186000.0,Kolkata,22000.0,1.0,7.0,300.0,Kawasaki
6323,28000.0,Gurgaon,16300.0,1.0,5.0,125.0,Yamaha
6324,125000.0,Delhi,10158.0,1.0,5.0,410.0,Royal Enfield
6325,98000.0,Bangalore,16646.0,1.0,3.0,200.0,TVS
6326,120000.0,Jaipur,2069.0,1.0,7.0,350.0,Royal Enfield
6327,95000.0,Lucknow,17000.0,1.0,9.0,350.0,Royal Enfield
6328,40000.0,Jaipur,24056.0,1.0,4.0,110.0,Honda
6329,130000.0,Faridabad,3688.0,1.0,2.0,350.0,Royal Enfield
6330,33000.0,Jalandhar,33500.0,1.0,8.0,180.0,Bajaj
6331,32000.0,Ghaziabad,24079.0,1.0,8.0,150.0,Bajaj
6332,32000.0,Jaipur,18136.0,1.0,9.0,150.0,Bajaj
6333,32000.0,Faridabad,14118.0,1.0,3.0,100.0,Bajaj
6334,32000.0,Faridabad,7652.0,1.0,4.0,100.0,Bajaj
6335,32000.0,Faridabad,15989.0,1.0,4.0,100.0,Bajaj
6336,30894.0,Aurangabad,42305.0,1.0,7.0,150.0,Bajaj
6337,30000.0,Faridabad,51132.0,1.0,6.0,100.0,Bajaj
6338,29000.0,Faridabad,15369.0,1.0,3.0,100.0,Bajaj
6339,39000.0,Noida,15000.0,1.0,7.0,180.0,Bajaj
6340,39000.0,Jaipur,26885.0,1.0,5.0,150.0,Bajaj
6341,38000.0,Jaipur,22724.0,1.0,7.0,150.0,Bajaj
6342,38000.0,Gurgaon,66731.0,1.0,3.0,100.0,Bajaj
6344,36400.0,Ludhiana,6000.0,1.0,3.0,100.0,Bajaj
6345,36000.0,Faridabad,10160.0,1.0,4.0,100.0,Bajaj
6346,35000.0,Faridabad,15202.0,1.0,9.0,150.0,Bajaj
6347,35000.0,Jalandhar,30000.0,1.0,8.0,135.0,Bajaj
6348,34000.0,Faridabad,18672.0,1.0,3.0,100.0,Bajaj
6349,34000.0,Jaipur,10841.0,1.0,3.0,100.0,Bajaj
6350,29000.0,Jaipur,18000.0,1.0,7.0,110.0,Mahindra
6351,28000.0,Jaipur,21336.0,1.0,10.0,100.0,Hero
6352,74084.0,Aurangabad,12833.0,1.0,3.0,180.0,Bajaj
6353,72000.0,Bangalore,21389.0,1.0,4.0,220.0,Bajaj
6354,65000.0,Jaipur,19134.0,1.0,6.0,220.0,Bajaj
6355,56000.0,Faridabad,21435.0,1.0,4.0,150.0,Bajaj
6356,55000.0,Jaipur,18000.0,1.0,5.0,220.0,Bajaj
6357,46000.0,Delhi,23000.0,1.0,8.0,200.0,Bajaj
6358,45000.0,Delhi,22222.0,1.0,7.0,220.0,Bajaj
6359,26000.0,Gurgaon,37877.0,1.0,7.0,100.0,Hero
6360,26000.0,Noida,14000.0,1.0,11.0,150.0,Hero
6361,26000.0,Jaipur,20000.0,1.0,9.0,100.0,Hero
6363,26000.0,Delhi,35655.0,1.0,6.0,100.0,Hero
6364,24000.0,Gurgaon,2392.0,1.0,9.0,125.0,Honda
6365,24000.0,Gurgaon,38706.0,1.0,8.0,110.0,Honda
6366,24000.0,Jaipur,20509.0,1.0,12.0,125.0,Honda
6367,30000.0,Gurgaon,18000.0,1.0,6.0,100.0,Hero
6368,30000.0,Jaipur,21326.0,1.0,7.0,100.0,Hero
6369,30000.0,Jaipur,18251.0,1.0,8.0,125.0,Hero
6370,30000.0,Faridabad,33824.0,1.0,6.0,100.0,Hero
6371,42000.0,Gurgaon,6500.0,1.0,5.0,150.0,Hero
6372,42000.0,Faridabad,9164.0,1.0,3.0,100.0,Hero
6373,42000.0,Faridabad,9817.0,1.0,3.0,100.0,Hero
6374,42000.0,Jaipur,23000.0,1.0,3.0,100.0,Hero
6375,40000.0,Jaipur,5000.0,1.0,4.0,110.0,Hero
6376,40000.0,Jaipur,20000.0,1.0,5.0,100.0,Hero
6377,118000.0,Delhi,5222.0,1.0,5.0,350.0,Royal Enfield
6378,115000.0,Faridabad,9820.0,1.0,3.0,350.0,Royal Enfield
6379,114000.0,Delhi,9282.0,1.0,7.0,500.0,Royal Enfield
6380,50000.0,Gurgaon,5500.0,1.0,3.0,100.0,Hero
6381,112000.0,Delhi,6646.0,1.0,6.0,350.0,Royal Enfield
6382,111000.0,Delhi,55532.0,1.0,4.0,350.0,Royal Enfield
6383,25000.0,Jaipur,24614.0,1.0,10.0,100.0,Bajaj
6384,24000.0,Gurgaon,35000.0,1.0,7.0,125.0,Bajaj
6385,24000.0,Gurgaon,25000.0,1.0,7.0,100.0,Bajaj
6386,24000.0,Gurgaon,20014.0,1.0,5.0,100.0,Bajaj
6401,75000.0,Ahmedabad,14672.0,1.0,4.0,250.0,Yamaha
6402,83000.0,Chennai,73000.0,1.0,7.0,350.0,Royal Enfield
6403,17500.0,Faridabad,14736.0,1.0,8.0,100.0,TVS
6404,33000.0,Faridabad,99999.0,1.0,7.0,150.0,Yamaha
6405,12000.0,Faridabad,18999.0,1.0,11.0,100.0,Bajaj
6406,13000.0,Faridabad,53135.0,1.0,12.0,100.0,Bajaj
6407,31000.0,Jaipur,20000.0,1.0,8.0,150.0,Hero
6408,30900.0,Ludhiana,36584.0,1.0,5.0,100.0,Hero
6409,50000.0,Mumbai,28854.0,1.0,4.0,220.0,Bajaj
6410,24000.0,Gurgaon,18857.0,1.0,8.0,125.0,Hero
6411,24000.0,Faridabad,15570.0,1.0,8.0,100.0,Hero
6412,22500.0,Mumbai,49250.0,1.0,11.0,110.0,Honda
6413,64000.0,Ghaziabad,19394.0,1.0,9.0,160.0,TVS
6414,60000.0,Gurgaon,18588.0,1.0,5.0,160.0,TVS
6415,58000.0,Jaipur,18583.0,1.0,6.0,180.0,TVS
6416,95000.0,Delhi,8000.0,1.0,6.0,350.0,Royal Enfield
6417,57000.0,Gurgaon,3983.0,1.0,3.0,150.0,Bajaj
6418,75000.0,Delhi,24400.0,1.0,5.0,220.0,Bajaj
6419,25000.0,Bangalore,30000.0,1.0,9.0,150.0,Suzuki
6420,57000.0,Bangalore,8583.0,1.0,5.0,220.0,Bajaj
6421,50000.0,Jaipur,9060.0,1.0,7.0,150.0,Honda
6422,56000.0,Hyderabad,15000.0,1.0,4.0,150.0,Bajaj
6423,57000.0,Bangalore,18007.0,1.0,5.0,220.0,Bajaj
6424,55000.0,Mumbai,22700.0,1.0,7.0,200.0,Bajaj
6425,49000.0,Bangalore,47043.0,1.0,5.0,220.0,Bajaj
6426,21000.0,Chandigarh,88000.0,1.0,13.0,150.0,Bajaj
6427,16000.0,Delhi,65719.0,2.0,11.0,110.0,Honda
6428,43959.0,Mumbai,42345.0,2.0,8.0,200.0,Bajaj
6441,19500.0,Faridabad,26146.0,1.0,10.0,100.0,Hero
6442,92000.0,Delhi,4700.0,1.0,4.0,150.0,Suzuki
6443,40000.0,Delhi,16000.0,1.0,6.0,150.0,Suzuki
6444,34000.0,Delhi,85000.0,1.0,6.0,150.0,Suzuki
6445,27500.0,Faridabad,19371.0,1.0,5.0,100.0,Hero
6446,87900.0,Thane,31000.0,1.0,6.0,200.0,Bajaj
6447,200000.0,Mumbai,7500.0,1.0,3.0,390.0,KTM
6448,28500.0,Faridabad,18056.0,1.0,5.0,100.0,Hero
6449,27000.0,Ludhiana,18000.0,1.0,9.0,100.0,Hero
6452,50000.0,Ghaziabad,30112.0,1.0,8.0,150.0,Yamaha
6453,216100.0,Chennai,11500.0,1.0,3.0,390.0,KTM
6454,70000.0,Delhi,1217.0,1.0,4.0,150.0,Suzuki
6456,25000.0,Gurgaon,38554.0,1.0,7.0,150.0,Yamaha
6457,90000.0,Delhi,20615.0,1.0,6.0,350.0,Royal Enfield
6458,20000.0,Tirunelveli,40000.0,1.0,10.0,150.0,Bajaj
6459,65000.0,Hyderabad,12500.0,1.0,4.0,160.0,Honda
6460,84000.0,Hyderabad,12398.0,1.0,3.0,250.0,Yamaha
6461,55000.0,Delhi,20802.0,1.0,4.0,160.0,Bajaj
6462,15000.0,Gurgaon,22967.0,1.0,14.0,100.0,Hero
6463,15000.0,Gurgaon,18563.0,1.0,14.0,150.0,Hero
6464,19000.0,Gurgaon,47075.0,1.0,12.0,100.0,Hero
6465,33000.0,Gurgaon,13114.0,1.0,4.0,110.0,Honda
6466,19000.0,Mumbai,41118.0,1.0,12.0,100.0,Hero
6467,23000.0,Gurgaon,32969.0,1.0,5.0,100.0,TVS
6468,21000.0,Gurgaon,20719.0,1.0,8.0,110.0,Honda
6469,35000.0,Pune,13496.0,2.0,8.0,150.0,Yamaha
6470,47000.0,Yemmiganur,36000.0,1.0,9.0,150.0,Yamaha
6471,40000.0,Delhi,51210.0,2.0,7.0,180.0,Bajaj
6472,17000.0,Gurgaon,62554.0,1.0,14.0,200.0,Bajaj
6473,35000.0,Gurgaon,6541.0,1.0,3.0,100.0,Bajaj
6474,17000.0,Mohali,27000.0,2.0,10.0,125.0,Honda
6475,10000.0,Patiala,49999.0,1.0,15.0,150.0,Bajaj
6476,22000.0,Gurgaon,38706.0,1.0,8.0,110.0,Honda
6477,180000.0,Aurangabad,168.0,1.0,2.0,390.0,KTM
6478,20000.0,Gurgaon,24530.0,1.0,9.0,125.0,Bajaj
6479,25800.0,Gurgaon,23208.0,1.0,6.0,125.0,Honda
6480,22000.0,Gurgaon,87056.0,1.0,8.0,125.0,Honda
6481,33000.0,Gurgaon,35467.0,1.0,5.0,150.0,Bajaj
6482,130000.0,Bangalore,17500.0,1.0,4.0,350.0,Royal Enfield
6483,19000.0,Gurgaon,25878.0,1.0,7.0,110.0,Honda
6484,50000.0,Noida,40000.0,2.0,8.0,150.0,Yamaha
6485,70000.0,Delhi,30000.0,1.0,11.0,350.0,Royal Enfield
6486,75000.0,Mumbai,10687.0,1.0,5.0,200.0,Bajaj
6487,36000.0,Mumbai,20785.0,1.0,5.0,150.0,Bajaj
6488,145000.0,Bangalore,14636.0,1.0,3.0,200.0,Bajaj
6489,45918.0,Bangalore,51396.0,2.0,12.0,350.0,Royal Enfield
6490,24000.0,Delhi,28642.0,1.0,9.0,100.0,Hero
6491,45000.0,Bokaro,25000.0,1.0,6.0,150.0,Honda
6492,91000.0,Hyderabad,2000.0,1.0,6.0,350.0,Royal Enfield
6493,30000.0,Kolkata,19000.0,1.0,7.0,150.0,Bajaj
6494,20000.0,Agra,40000.0,1.0,7.0,150.0,Bajaj
6495,35800.0,Noida,34883.0,1.0,6.0,150.0,Bajaj
6496,25000.0,Delhi,46995.0,1.0,6.0,150.0,Bajaj
6497,122000.0,Kasargode,11500.0,1.0,9.0,250.0,Kawasaki
6498,62000.0,Solapur,17000.0,1.0,5.0,150.0,Bajaj
6499,88000.0,Bangalore,43000.0,1.0,7.0,200.0,KTM
6500,170000.0,Sambalpur,5700.0,1.0,3.0,500.0,Royal Enfield
6501,1490000.0,Delhi,12500.0,1.0,5.0,1200.0,Ducati
6502,78000.0,Delhi,36000.0,1.0,9.0,350.0,Royal Enfield
6503,62900.0,Delhi,9821.0,1.0,9.0,350.0,Royal Enfield
6504,24000.0,Faridabad,12015.0,1.0,7.0,100.0,Hero
6505,72000.0,Varanasi,15500.0,1.0,4.0,150.0,Suzuki
6506,19000.0,Delhi,16787.0,1.0,14.0,125.0,Hero
6507,95000.0,Chinchwad,10000.0,1.0,9.0,500.0,Royal Enfield
6508,25000.0,Faridabad,22588.0,1.0,7.0,110.0,Hero
6509,19000.0,Faridabad,16208.0,1.0,10.0,100.0,Hero
6510,22000.0,Faridabad,23990.0,1.0,9.0,100.0,Hero
6511,22000.0,Faridabad,22788.0,1.0,8.0,100.0,Hero
6512,38700.0,Chennai,28500.0,2.0,6.0,150.0,Bajaj
6513,35000.0,Jaipur,10975.0,1.0,6.0,125.0,Honda
6514,35000.0,Faridabad,20930.0,1.0,3.0,100.0,Hero
6515,40000.0,Faridabad,10637.0,1.0,3.0,110.0,Honda
6516,65000.0,Faridabad,6903.0,1.0,2.0,180.0,Bajaj
6517,140000.0,Ahmedabad,11000.0,1.0,3.0,350.0,Royal Enfield
6518,43000.0,Mumbai,6000.0,1.0,7.0,220.0,Bajaj
6519,75000.0,Bilaspur,20000.0,1.0,5.0,150.0,Honda
6520,80000.0,Delhi,4703.0,1.0,6.0,200.0,Bajaj
6521,20000.0,Pune,64500.0,2.0,8.0,125.0,Hero
6522,48928.0,Kolkata,56000.0,1.0,9.0,200.0,Bajaj
6523,90100.0,Pune,37500.0,1.0,7.0,350.0,Royal Enfield
6524,52000.0,Pune,32000.0,1.0,6.0,220.0,Bajaj
6525,34000.0,Ahmedabad,17500.0,2.0,4.0,125.0,Bajaj
6526,75000.0,Chennai,14400.0,1.0,4.0,150.0,Yamaha
6527,32900.0,Mehsana,11000.0,1.0,8.0,220.0,Bajaj
6528,16500.0,Faridabad,16181.0,1.0,8.0,125.0,Bajaj
6529,20000.0,Faridabad,19071.0,1.0,9.0,100.0,Hero
6530,24000.0,Faridabad,14888.0,1.0,7.0,100.0,Hero
6531,33000.0,Pune,33000.0,1.0,8.0,125.0,Hero
6532,38000.0,Faridabad,15383.0,1.0,2.0,100.0,Bajaj
6533,36000.0,Mumbai,23276.0,1.0,5.0,150.0,Bajaj
6534,55000.0,Rohtak,30000.0,1.0,9.0,150.0,Honda
6535,17000.0,Hosur,70000.0,1.0,14.0,100.0,Hero
6536,14800.0,Faridabad,24184.0,1.0,15.0,100.0,Bajaj
6537,395000.0,Bangalore,5043.0,2.0,5.0,750.0,Harley-Davidson
6538,105000.0,Nadiad,6462.0,1.0,4.0,200.0,Bajaj
6565,19326.0,Pune,79000.0,1.0,8.0,125.0,Hero
6566,30000.0,Faridabad,16544.0,1.0,4.0,100.0,Bajaj
6567,110000.0,Faridabad,11776.0,1.0,4.0,350.0,Royal Enfield
6568,36000.0,Gurgaon,12561.0,1.0,3.0,100.0,Hero
6569,20000.0,Jaipur,25081.0,1.0,10.0,150.0,Yamaha
6570,16000.0,Faridabad,18431.0,1.0,10.0,110.0,Yamaha
6571,86000.0,Faridabad,15228.0,1.0,2.0,160.0,TVS
6572,120000.0,Faridabad,12028.0,1.0,6.0,350.0,Royal Enfield
6573,102000.0,Delhi,32737.0,1.0,5.0,500.0,Royal Enfield
6574,61000.0,Faridabad,9385.0,1.0,3.0,160.0,TVS
6575,78000.0,Bangalore,31000.0,1.0,5.0,150.0,Suzuki
6576,42000.0,Faridabad,17226.0,1.0,4.0,100.0,Hero
6577,68000.0,Mumbai,3240.0,1.0,2.0,150.0,Suzuki
6578,105000.0,Faridabad,15932.0,1.0,4.0,350.0,Royal Enfield
6579,27000.0,Faridabad,7960.0,1.0,5.0,100.0,Hero
6580,20000.0,Faridabad,18821.0,1.0,10.0,100.0,Hero
6581,31000.0,Faridabad,24451.0,1.0,4.0,100.0,Bajaj
6582,50800.0,Mumbai,39000.0,1.0,5.0,220.0,Bajaj
6583,114000.0,Hyderabad,22493.0,1.0,5.0,500.0,Royal Enfield
6584,29000.0,Gurgaon,31646.0,1.0,5.0,125.0,Honda
6585,23000.0,Ghaziabad,7193.0,1.0,6.0,150.0,Bajaj
6586,110000.0,Chennai,25000.0,1.0,4.0,400.0,Bajaj
6587,22000.0,Faridabad,19224.0,1.0,7.0,100.0,Hero
6588,26000.0,Ghaziabad,15768.0,1.0,6.0,125.0,Honda
6589,90000.0,Faridabad,15837.0,1.0,5.0,350.0,Royal Enfield
6590,130000.0,Ghaziabad,19249.0,1.0,2.0,350.0,Royal Enfield
6591,42000.0,Jaipur,15833.0,1.0,3.0,110.0,Honda
6592,42000.0,Ghaziabad,16974.0,1.0,4.0,125.0,Honda
6593,80000.0,Gurgaon,14547.0,1.0,3.0,150.0,Suzuki
6594,62000.0,Pune,45263.0,1.0,6.0,150.0,Suzuki
6595,58000.0,Bangalore,27167.0,1.0,5.0,150.0,Suzuki
6596,48000.0,Jaipur,23541.0,1.0,6.0,150.0,Suzuki
6597,55000.0,Pune,18000.0,1.0,4.0,100.0,Hero
6598,38500.0,Jaipur,18000.0,1.0,6.0,110.0,Hero
6599,35000.0,Faridabad,10031.0,1.0,4.0,100.0,Hero
6600,35000.0,Ghaziabad,17105.0,1.0,6.0,100.0,Hero
6601,35000.0,Faridabad,10996.0,1.0,4.0,100.0,Hero
6602,35000.0,Gurgaon,18000.0,1.0,4.0,100.0,Hero
6603,35000.0,Faridabad,13273.0,1.0,5.0,110.0,Hero
6604,23000.0,Faridabad,17537.0,1.0,9.0,100.0,Hero
6605,23000.0,Gurgaon,15711.0,1.0,8.0,100.0,Hero
6606,17000.0,Faridabad,32458.0,1.0,11.0,150.0,Bajaj
6607,23000.0,Ghaziabad,22705.0,1.0,9.0,125.0,Honda
6608,23000.0,Gurgaon,2392.0,1.0,9.0,125.0,Honda
6609,180000.0,Kurnool,5700.0,1.0,3.0,310.0,TVS
6610,80000.0,Delhi,11877.0,2.0,3.0,160.0,TVS
6611,17500.0,Surat,50856.0,1.0,13.0,135.0,Bajaj
6612,35000.0,Faridabad,10430.0,1.0,3.0,100.0,Bajaj
6613,39500.0,Faridabad,5448.0,1.0,2.0,100.0,Hero
6616,40000.0,Faridabad,12808.0,1.0,3.0,125.0,Bajaj
6617,40000.0,Mumbai,32057.0,1.0,6.0,220.0,Bajaj
6638,24000.0,Faridabad,40422.0,1.0,9.0,180.0,Bajaj
6639,24000.0,Gurgaon,45335.0,1.0,7.0,100.0,Bajaj
6640,23000.0,Gurgaon,26739.0,1.0,6.0,100.0,Bajaj
6641,23000.0,Gurgaon,22397.0,1.0,5.0,100.0,Bajaj
6642,23000.0,Faridabad,17775.0,1.0,6.0,100.0,Bajaj
6643,22800.0,Delhi,15000.0,2.0,10.0,180.0,Bajaj
6644,22500.0,Faridabad,19777.0,1.0,8.0,135.0,Bajaj
6645,22000.0,Ahmedabad,32500.0,1.0,10.0,100.0,Bajaj
6646,22000.0,Jaipur,21448.0,1.0,8.0,100.0,Bajaj
6647,21000.0,Faridabad,19877.0,1.0,9.0,150.0,Bajaj
6648,21000.0,Ghaziabad,65822.0,1.0,9.0,125.0,Bajaj
6649,53000.0,Puri,28850.0,1.0,4.0,160.0,Honda
6650,194999.0,Surat,5000.0,2.0,3.0,500.0,Royal Enfield
6651,65000.0,Hamirpur(hp),17000.0,1.0,12.0,350.0,Royal Enfield
6652,97000.0,Ahmedabad,748.0,1.0,2.0,150.0,Yamaha
6653,145000.0,Mumbai,17573.0,1.0,4.0,250.0,KTM
6654,95000.0,Guwahati,15600.0,1.0,8.0,250.0,Honda
6655,175000.0,Jaipur,7000.0,1.0,5.0,500.0,Royal Enfield
6656,44000.0,Delhi,5400.0,1.0,3.0,110.0,TVS
6657,113500.0,Mysore,4000.0,1.0,5.0,200.0,Bajaj
6660,115000.0,Saharanpur,3300.0,1.0,5.0,410.0,Royal Enfield
6661,65000.0,Raipur,6202.0,1.0,5.0,180.0,TVS
6662,40000.0,Ludhiana,11000.0,1.0,6.0,100.0,Hero
6663,39107.0,Aurangabad,16289.0,1.0,4.0,100.0,Hero
6664,20000.0,Faridabad,18218.0,1.0,11.0,100.0,Hero
6665,39000.0,Noida,15000.0,1.0,5.0,100.0,Hero
6666,95000.0,Chennai,2100.0,1.0,6.0,350.0,Royal Enfield
6667,16000.0,Noida,70000.0,1.0,8.0,125.0,Honda
6668,89000.0,Chennai,1300.0,1.0,4.0,160.0,Bajaj
6669,125000.0,Pune,6800.0,1.0,4.0,200.0,KTM
6670,91000.0,Pune,8686.0,1.0,3.0,200.0,TVS
6671,50000.0,Varanasi,3747.0,1.0,3.0,110.0,Honda
6672,162000.0,Noida,16659.0,1.0,2.0,500.0,Royal Enfield
6673,25000.0,Mumbai,65000.0,1.0,10.0,125.0,Bajaj
6674,550000.0,Mumbai,18250.0,1.0,4.0,650.0,Kawasaki
6675,185000.0,Delhi,8903.0,1.0,7.0,250.0,Hyosung
6676,499000.0,Kolhapur,6000.0,1.0,2.0,750.0,Harley-Davidson
6677,150000.0,Mumbai,8500.0,1.0,4.0,500.0,Royal Enfield
6678,33000.0,Chennai,19255.0,1.0,7.0,150.0,Bajaj
6679,37999.0,Ahmedabad,18305.0,1.0,5.0,110.0,Mahindra
6680,34500.0,Gurgaon,10533.0,1.0,6.0,110.0,Honda
6681,25000.0,Ghaziabad,23850.0,1.0,11.0,150.0,Yamaha
6682,83000.0,Hyderabad,48000.0,1.0,4.0,150.0,Yamaha
6683,90047.0,Bangalore,41000.0,1.0,6.0,350.0,Royal Enfield
6684,109999.0,Gurgaon,4000.0,1.0,4.0,400.0,Bajaj
6685,120000.0,Bangalore,8000.0,,38.0,350.0,Royal Enfield
6686,76000.0,Gurgaon,15961.0,1.0,8.0,500.0,Royal Enfield
6687,17000.0,Delhi,42344.0,1.0,10.0,100.0,Hero
6688,178200.0,Srinagar,3000.0,1.0,3.0,250.0,KTM
6689,70000.0,Delhi,32000.0,2.0,63.0,350.0,Royal Enfield
6690,85000.0,Bangalore,18000.0,1.0,6.0,200.0,Bajaj
6691,120000.0,Delhi,16000.0,1.0,5.0,350.0,Royal Enfield
6692,122000.0,Delhi,20472.0,1.0,3.0,500.0,Royal Enfield
6693,30000.0,Ahmedabad,18223.0,1.0,7.0,223.0,Hero
6694,40000.0,Ahmedabad,8457.0,1.0,6.0,150.0,Suzuki
6695,39000.0,Gautam Buddha Nagar,62837.0,1.0,9.0,200.0,Bajaj
6696,130000.0,Ranip,15000.0,1.0,5.0,500.0,Royal Enfield
6697,40000.0,Kanpur,57000.0,1.0,6.0,150.0,Suzuki
6698,20000.0,Ghaziabad,27420.0,1.0,9.0,135.0,Bajaj
6699,299300.0,Davanagere,6000.0,1.0,7.0,650.0,Kawasaki
6700,700000.0,Mumbai,6500.0,1.0,3.0,650.0,Kawasaki
6701,9500.0,Delhi,50000.0,1.0,16.0,150.0,Bajaj
6702,10414.0,Delhi,43000.0,1.0,15.0,150.0,Bajaj
6703,120000.0,Delhi,18000.0,1.0,7.0,500.0,Royal Enfield
6704,45500.0,Gurgaon,21500.0,1.0,6.0,150.0,Yamaha
6716,100000.0,Chennai,30000.0,1.0,5.0,350.0,Royal Enfield
6717,12000.0,Gurgaon,61000.0,1.0,14.0,100.0,Bajaj
6718,70000.0,Bangalore,26000.0,1.0,9.0,150.0,Yamaha
6719,75000.0,Delhi,30000.0,1.0,10.0,350.0,Royal Enfield
6720,60000.0,Mumbai,14000.0,1.0,4.0,150.0,Suzuki
6721,18000.0,Faridabad,16999.0,1.0,9.0,100.0,Hero
6722,17000.0,Faridabad,12090.0,1.0,10.0,100.0,Bajaj
6723,50000.0,Faridabad,20712.0,1.0,4.0,160.0,TVS
6724,115000.0,Bangalore,24667.0,1.0,6.0,500.0,Royal Enfield
6725,110000.0,Bangalore,12800.0,1.0,8.0,500.0,Royal Enfield
6726,55000.0,Mumbai,15000.0,2.0,3.0,125.0,Honda
6732,103700.0,Ghaziabad,18023.0,1.0,5.0,200.0,Bajaj
6733,124900.0,Pune,35000.0,1.0,5.0,300.0,Mahindra
6734,128000.0,Jaipur,15000.0,1.0,4.0,200.0,KTM
6735,85500.0,Delhi,10799.0,1.0,4.0,150.0,Yamaha
6736,34500.0,Delhi,43561.0,1.0,8.0,150.0,Honda
6737,120000.0,Bangalore,18056.0,1.0,4.0,500.0,Royal Enfield
6741,12000.0,Mumbai,44004.0,1.0,14.0,125.0,Bajaj
6757,63098.0,Pune,49600.0,1.0,9.0,150.0,Yamaha
6758,20000.0,Mumbai,24870.0,1.0,5.0,100.0,Bajaj
6762,80000.0,Mumbai,7098.0,1.0,3.0,220.0,Bajaj
6763,70000.0,Delhi,70000.0,2.0,24.0,350.0,Royal Enfield
6764,75500.0,Ahmedabad,21620.0,1.0,3.0,200.0,TVS
6765,20000.0,Faridabad,38185.0,1.0,9.0,100.0,Hero
6766,17500.0,Faridabad,83742.0,1.0,12.0,125.0,Honda
6767,41000.0,Faridabad,31651.0,1.0,5.0,220.0,Bajaj
6768,25000.0,Faridabad,18754.0,1.0,7.0,100.0,Hero
6769,45000.0,Faridabad,18576.0,1.0,3.0,100.0,Hero
6770,51000.0,Faridabad,5120.0,1.0,3.0,100.0,Hero
6771,20800.0,Faridabad,20757.0,1.0,8.0,100.0,Hero
6772,24700.0,Faridabad,16754.0,1.0,6.0,100.0,Hero
6773,120000.0,Mumbai,15186.0,1.0,5.0,390.0,KTM
6774,19000.0,Jaipur,22700.0,1.0,13.0,125.0,Honda
6775,24000.0,Mumbai,34716.0,1.0,7.0,125.0,Bajaj
6776,81000.0,Kolkata,13000.0,1.0,3.0,200.0,TVS
6777,45000.0,Faridabad,841.0,1.0,5.0,220.0,Bajaj
6778,119000.0,Bangalore,8253.0,1.0,4.0,350.0,Royal Enfield
6779,22000.0,Noida,50000.0,1.0,10.0,135.0,Bajaj
6780,38800.0,Bangalore,7200.0,1.0,5.0,110.0,Yamaha
6787,106000.0,Mumbai,7157.0,1.0,2.0,200.0,TVS
6788,70000.0,Delhi,12000.0,1.0,7.0,250.0,Honda
6789,450000.0,Delhi,17000.0,2.0,7.0,883.0,Harley-Davidson
6790,140000.0,Bangalore,10936.0,1.0,3.0,400.0,Bajaj
6791,160000.0,Bangalore,6177.0,1.0,3.0,400.0,Bajaj
6792,1350000.0,Bangalore,1911.0,1.0,5.0,1090.0,MV
6793,789000.0,Pune,13000.0,1.0,4.0,765.0,Triumph
6794,1200000.0,Hyderabad,25800.0,1.0,4.0,800.0,Triumph
6795,875000.0,Rajkot,750.0,1.0,2.0,765.0,Triumph
6796,100000.0,Delhi,10400.0,1.0,6.0,350.0,Royal Enfield
6800,61300.0,Rajouri,16500.0,1.0,7.0,150.0,Yamaha
6801,94000.0,Surat,10164.0,1.0,4.0,400.0,Bajaj
6802,70705.0,Faridabad,5500.0,1.0,3.0,180.0,Bajaj
6803,45000.0,Howrah,22300.0,1.0,4.0,150.0,Hero
6804,35000.0,Delhi,12000.0,1.0,6.0,125.0,Bajaj
6805,25000.0,Visakhapatnam,60000.0,1.0,9.0,150.0,Hero
6806,99900.0,Indore,17000.0,1.0,9.0,350.0,Royal Enfield
6807,160000.0,Jaipur,14000.0,1.0,4.0,500.0,Royal Enfield
6811,32000.0,Noida,12785.0,2.0,12.0,150.0,Yamaha
6816,50000.0,Ghaziabad,23264.0,1.0,4.0,160.0,Bajaj
6824,65000.0,Bangalore,60000.0,1.0,8.0,150.0,Yamaha
6825,35000.0,Delhi,13146.0,1.0,3.0,125.0,Bajaj
6826,51000.0,Lucknow,20349.0,1.0,5.0,150.0,Bajaj
6840,100000.0,Chennai,87735.0,1.0,3.0,200.0,TVS
6844,23000.0,Jaipur,27020.0,1.0,8.0,110.0,Hero
6845,18000.0,Gurgaon,20779.0,1.0,12.0,100.0,Hero
6846,32000.0,Gurgaon,22405.0,1.0,5.0,100.0,Hero
6856,41000.0,Faridabad,17477.0,1.0,5.0,150.0,Bajaj
6857,33000.0,Kolkata,10589.0,1.0,11.0,150.0,Yamaha
6858,70000.0,Mumbai,30453.0,1.0,9.0,500.0,Royal Enfield
6859,23000.0,Gurgaon,17300.0,1.0,7.0,100.0,Bajaj
6860,70300.0,Hyderabad,10000.0,1.0,12.0,350.0,Royal Enfield
6861,170000.0,Hyderabad,9500.0,1.0,3.0,410.0,Royal Enfield
6862,20800.0,Gurgaon,27161.0,1.0,8.0,100.0,Bajaj
6863,130000.0,Udaipur,5500.0,1.0,4.0,200.0,Bajaj
6864,39000.0,Gurgaon,13000.0,1.0,7.0,150.0,Yamaha
6865,95000.0,Delhi,13254.0,1.0,7.0,500.0,Royal Enfield
6866,158300.0,Udaipur,3136.0,1.0,5.0,500.0,Royal Enfield
6867,105800.0,Nagpur,12732.0,1.0,7.0,350.0,Royal Enfield
6868,30000.0,Jodhpur,45000.0,1.0,6.0,100.0,Hero
6869,80000.0,Hyderabad,35741.0,1.0,7.0,250.0,Honda
6870,46000.0,Delhi,25400.0,1.0,5.0,150.0,Bajaj
6871,47000.0,Delhi,23980.0,1.0,5.0,150.0,Bajaj
6872,1500000.0,Hubli,2000.0,1.0,3.0,800.0,MV
6873,38000.0,Delhi,19896.0,1.0,5.0,150.0,Bajaj
6874,45000.0,Delhi,33881.0,2.0,5.0,150.0,Bajaj
6875,95000.0,Hyderabad,30000.0,1.0,6.0,200.0,KTM
6876,78500.0,Gurgaon,22000.0,1.0,7.0,350.0,Royal Enfield
6877,24000.0,Delhi,59270.0,1.0,8.0,125.0,Hero
6878,103800.0,Bangalore,22300.0,1.0,6.0,200.0,KTM
6879,36000.0,Navi Mumbai,16000.0,2.0,8.0,180.0,Bajaj
6880,35000.0,Jaipur,25108.0,1.0,11.0,150.0,Yamaha
6881,84550.0,Indore,35000.0,2.0,10.0,500.0,Royal Enfield
6882,111467.0,Hyderabad,3537.0,1.0,4.0,350.0,Royal Enfield
6883,300000.0,Surat,190.0,1.0,2.0,400.0,Kawasaki
6884,49000.0,Delhi,21000.0,1.0,6.0,150.0,Yamaha
6885,40000.0,Delhi,28000.0,2.0,6.0,150.0,Yamaha
6886,70000.0,Panchkula,28000.0,1.0,12.0,350.0,Royal Enfield
6887,19786.0,Ahmedabad,10000.0,1.0,10.0,150.0,Bajaj
6888,53000.0,Chennai,43000.0,1.0,7.0,200.0,Bajaj
6889,130000.0,Ahmedabad,12006.0,1.0,6.0,390.0,KTM
6890,40000.0,Chandigarh,30583.0,1.0,11.0,150.0,Yamaha
6891,30200.0,Ahmedabad,33333.0,1.0,8.0,100.0,Hero
6892,200000.0,Bangalore,36102.0,1.0,8.0,300.0,Kawasaki
6893,175000.0,Thane,16796.0,1.0,3.0,500.0,Royal Enfield
6894,21000.0,Chennai,23000.0,1.0,7.0,100.0,TVS
6895,24000.0,Faridabad,23522.0,1.0,5.0,100.0,TVS
6896,102000.0,Kolkata,12542.0,1.0,5.0,350.0,Royal Enfield
6897,135000.0,Jaipur,13500.0,1.0,3.0,350.0,Royal Enfield
6898,150000.0,Bangalore,19600.0,2.0,5.0,410.0,Royal Enfield
6899,150000.0,Bangalore,7300.0,1.0,5.0,410.0,Royal Enfield
6900,550000.0,Mumbai,7000.0,1.0,2.0,502.0,Benelli
6901,830000.0,Bangalore,19300.0,1.0,3.0,900.0,Kawasaki
6902,110000.0,Kolkata,9876.0,1.0,4.0,350.0,Royal Enfield
6903,109000.0,Kolkata,2000.0,1.0,5.0,350.0,Royal Enfield
6904,63000.0,Faridabad,23000.0,1.0,8.0,350.0,Royal Enfield
6905,24500.0,Gurgaon,44200.0,1.0,8.0,150.0,Hero
6906,55000.0,Mumbai,25385.0,1.0,7.0,150.0,Honda
6907,12000.0,Mumbai,34904.0,1.0,12.0,100.0,Hero
6908,24500.0,Jaipur,40929.0,1.0,5.0,100.0,Bajaj
6909,580000.0,Pune,6400.0,1.0,4.0,600.0,Benelli
6910,18000.0,Noida,13049.0,1.0,11.0,100.0,Bajaj
6911,25000.0,Raipur,50000.0,2.0,7.0,150.0,Hero
6912,51000.0,Bangalore,24675.0,1.0,5.0,150.0,Bajaj
6913,49000.0,Ghaziabad,4583.0,1.0,4.0,150.0,Suzuki
6914,30000.0,Delhi,51751.0,1.0,4.0,125.0,Honda
6915,55000.0,Faridabad,20265.0,1.0,7.0,150.0,Yamaha
6916,152500.0,Gurgaon,12280.0,1.0,4.0,390.0,KTM
6917,139300.0,Mumbai,19000.0,1.0,5.0,535.0,Royal Enfield
6918,38000.0,Bangalore,21000.0,1.0,9.0,150.0,Hero
6919,18000.0,Delhi,19864.0,2.0,9.0,150.0,Hero
6920,47000.0,Delhi,8533.0,1.0,3.0,150.0,Bajaj
6921,58700.0,Mumbai,19500.0,1.0,9.0,150.0,Yamaha
6922,43500.0,Begusarai,17500.0,1.0,5.0,150.0,Bajaj
6923,40000.0,Pune,46507.0,1.0,9.0,200.0,Bajaj
6924,45000.0,Bangalore,45000.0,1.0,7.0,180.0,Bajaj
6925,65000.0,Dehradun,23000.0,1.0,5.0,220.0,Bajaj
6926,65000.0,Hyderabad,25533.0,1.0,5.0,160.0,Honda
6927,70000.0,Ghaziabad,13241.0,1.0,4.0,200.0,Bajaj
6928,115000.0,Ghaziabad,24322.0,1.0,6.0,390.0,KTM
6929,23000.0,Ahmedabad,31477.0,1.0,11.0,150.0,Bajaj
6930,100000.0,Hyderabad,18992.0,1.0,5.0,200.0,Bajaj
6931,500000.0,Mumbai,5989.0,1.0,4.0,650.0,Kawasaki
6971,22980.0,Alipore,20000.0,1.0,8.0,125.0,TVS
6972,28980.0,Alipore,20000.0,1.0,6.0,110.0,TVS
6973,75000.0,Sonepat,6668.0,1.0,4.0,160.0,TVS
6974,140000.0,Ghaziabad,7000.0,1.0,4.0,350.0,Royal Enfield
6975,14000.0,Noida,8188.0,1.0,11.0,150.0,Hero
6976,135000.0,Delhi,12000.0,1.0,3.0,350.0,Royal Enfield
6977,37000.0,Ghaziabad,16462.0,1.0,7.0,100.0,Hero
6978,25989.0,Alipore,20000.0,1.0,12.0,150.0,Hero
6979,24000.0,Delhi,26590.0,1.0,9.0,100.0,Hero
6980,56000.0,Ghaziabad,6539.0,1.0,3.0,160.0,TVS
6981,56000.0,Delhi,1168.0,1.0,2.0,110.0,Hero
6982,130000.0,Faridabad,3734.0,1.0,3.0,350.0,Royal Enfield
6983,150000.0,Mumbai,37326.0,1.0,5.0,390.0,KTM
6984,125000.0,Pune,51137.0,1.0,7.0,390.0,KTM
6985,90000.0,Ghaziabad,43740.0,4.0,7.0,350.0,Royal Enfield
6986,95000.0,Bangalore,32182.0,2.0,9.0,350.0,Royal Enfield
6987,45000.0,Bangalore,32119.0,1.0,6.0,150.0,Yamaha
6988,65000.0,Adalaj,9200.0,1.0,4.0,200.0,TVS
6989,118000.0,Delhi,23000.0,1.0,6.0,350.0,Royal Enfield
6990,55000.0,Bangalore,10000.0,1.0,8.0,150.0,Yamaha
6991,60000.0,Gautam Buddha Nagar,26359.0,1.0,4.0,220.0,Bajaj
6992,80000.0,Delhi,3509.0,1.0,2.0,160.0,Bajaj
6993,45900.0,Mumbai,43599.0,1.0,4.0,150.0,Suzuki
6994,70000.0,Bangalore,9707.0,1.0,5.0,180.0,TVS
6995,94900.0,Bangalore,60000.0,1.0,7.0,350.0,Royal Enfield
6996,90000.0,Bangalore,61129.0,1.0,5.0,350.0,Royal Enfield
6997,48800.0,Jhansi,10000.0,1.0,3.0,100.0,Hero
6998,42985.0,Surat,6000.0,1.0,3.0,110.0,TVS
7016,72000.0,Mumbai,13637.0,1.0,4.0,200.0,TVS
7017,103000.0,Gurgaon,11996.0,1.0,3.0,150.0,Yamaha
7018,118000.0,Tiruvallur,17000.0,1.0,5.0,500.0,Royal Enfield
7019,135000.0,Ahmedabad,10779.0,1.0,2.0,350.0,Royal Enfield
7020,60000.0,Bangalore,5195.0,1.0,4.0,220.0,Bajaj
7021,66000.0,Bangalore,2981.0,1.0,4.0,220.0,Bajaj
7022,150000.0,Pune,12000.0,1.0,4.0,410.0,Royal Enfield
7023,40500.0,Faridabad,21587.0,1.0,5.0,150.0,Bajaj
7024,215900.0,Hyderabad,3900.0,2.0,2.0,390.0,KTM
7025,55000.0,Delhi,8728.0,1.0,3.0,150.0,Suzuki
7026,51426.0,Mumbai,3622.0,2.0,12.0,350.0,Royal Enfield
7034,43198.0,Durg,50000.0,1.0,7.0,223.0,Hero
7035,150000.0,Bangalore,19000.0,1.0,5.0,390.0,KTM
7036,185000.0,Bangalore,8900.0,1.0,5.0,390.0,KTM
7037,214000.0,Bangalore,19000.0,1.0,3.0,390.0,KTM
7038,35000.0,Delhi,60000.0,4.0,18.0,350.0,Royal Enfield
7044,35000.0,Bhopal,12000.0,1.0,8.0,150.0,Hero
7045,18000.0,Gurgaon,9213.0,1.0,9.0,150.0,Honda
7046,75000.0,Delhi,43678.0,1.0,7.0,350.0,Royal Enfield
7047,100000.0,Bankura,18000.0,1.0,4.0,350.0,Royal Enfield
7048,58500.0,Bangalore,15500.0,2.0,4.0,150.0,Suzuki
7049,48000.0,Mumbai,23000.0,1.0,3.0,110.0,Hero
7050,16000.0,Kanchipuram,51700.0,1.0,10.0,150.0,Honda
7051,46000.0,Mumbai,10000.0,1.0,3.0,100.0,Hero
7052,15000.0,Delhi,67945.0,1.0,11.0,100.0,Bajaj
7053,27000.0,Lucknow,36000.0,,11.0,110.0,Honda
7054,50000.0,Saharanpur,65000.0,1.0,17.0,350.0,Royal Enfield
7055,46000.0,Faridabad,6222.0,1.0,2.0,100.0,TVS
7056,35000.0,Mumbai,59835.0,1.0,6.0,150.0,Suzuki
7057,32000.0,Delhi,2820.0,1.0,5.0,100.0,Hero
7058,153300.0,Lucknow,1500.0,1.0,5.0,410.0,Royal Enfield
7061,22000.0,Delhi,10835.0,1.0,10.0,125.0,Honda
7062,17500.0,Delhi,92000.0,1.0,10.0,150.0,Bajaj
7063,34500.0,Ghaziabad,26476.0,1.0,5.0,150.0,Bajaj
7064,1100000.0,Delhi,24000.0,1.0,4.0,107.0,Harley-Davidson
7065,87000.0,Surat,27500.0,1.0,6.0,350.0,Royal Enfield
7069,22999.0,Bangalore,41000.0,2.0,11.0,135.0,Bajaj
7089,54000.0,Hyderabad,20000.0,1.0,7.0,200.0,Bajaj
7090,30000.0,Jaipur,21062.0,1.0,6.0,100.0,Hero
7092,28000.0,Pune,27212.0,1.0,7.0,100.0,Bajaj
7093,164200.0,Kolkata,1600.0,1.0,4.0,400.0,Bajaj
7094,13700.0,Vadodara,52000.0,2.0,16.0,223.0,Hero
7096,22000.0,Ghaziabad,25536.0,1.0,9.0,150.0,Hero
7097,38000.0,Faridabad,23765.0,1.0,6.0,150.0,Suzuki
7100,40000.0,Pune,43500.0,1.0,11.0,180.0,Bajaj
7101,445600.0,Pune,10741.0,1.0,5.0,750.0,Harley-Davidson
7102,135000.0,Bangalore,21900.0,1.0,3.0,400.0,Bajaj
7103,34200.0,Ludhiana,4000.0,1.0,5.0,100.0,Bajaj
7104,180000.0,Pune,9382.0,1.0,5.0,390.0,KTM
7105,32000.0,Delhi,17529.0,1.0,8.0,220.0,Bajaj
7106,15000.0,Delhi,39637.0,1.0,14.0,180.0,Bajaj
7107,97000.0,Gurgaon,12184.0,1.0,6.0,500.0,Royal Enfield
7108,50900.0,Chennai,40700.0,1.0,5.0,220.0,Bajaj
7109,52500.0,Ahmedabad,29250.0,1.0,5.0,150.0,Bajaj
7110,30000.0,Ghaziabad,14252.0,1.0,8.0,100.0,Bajaj
7111,61000.0,Pune,25961.0,1.0,4.0,150.0,Yamaha
7114,69500.0,Indore,15000.0,1.0,3.0,160.0,Bajaj
7115,9000.0,Surat,69000.0,2.0,17.0,100.0,Hero
7116,106000.0,Bangalore,390.0,1.0,3.0,200.0,Bajaj
7117,35000.0,Ahmedabad,40588.0,1.0,7.0,150.0,Bajaj
7118,110000.0,Ahmedabad,8117.0,1.0,3.0,150.0,Yamaha
7119,65000.0,Sonepat,8800.0,,4.0,200.0,TVS
7120,75000.0,Delhi,19000.0,1.0,3.0,160.0,TVS
7121,44000.0,Delhi,25000.0,1.0,6.0,150.0,Bajaj
7122,80800.0,Noida,20513.0,1.0,10.0,350.0,Royal Enfield
7123,55000.0,Faridabad,28864.0,,8.0,150.0,Yamaha
7124,33200.0,Jhansi,21000.0,2.0,5.0,100.0,Hero
7133,150000.0,Mumbai,8800.0,1.0,3.0,350.0,Royal Enfield
7134,110000.0,Mumbai,22000.0,1.0,4.0,350.0,Royal Enfield
7135,34000.0,Bangalore,26110.0,1.0,8.0,220.0,Bajaj
7136,67000.0,Mumbai,24063.0,1.0,3.0,160.0,Honda
7137,132000.0,Jaipur,3467.0,1.0,6.0,350.0,Royal Enfield
7146,65000.0,Ahmedabad,25708.0,1.0,8.0,250.0,Honda
7147,25700.0,Pune,50000.0,1.0,10.0,160.0,TVS
7148,130000.0,Dehradun,3500.0,1.0,3.0,350.0,Royal Enfield
7149,99000.0,Pune,13431.0,1.0,6.0,350.0,Royal Enfield
7150,13000.0,Mumbai,10000.0,1.0,13.0,125.0,Bajaj
7151,35000.0,Delhi,11211.0,1.0,4.0,100.0,Hero
7152,62000.0,Faridabad,27813.0,1.0,11.0,350.0,Royal Enfield
7153,130000.0,Trivandrum,61000.0,1.0,7.0,390.0,KTM
7154,44000.0,Delhi,7230.0,1.0,7.0,200.0,Bajaj
7155,40000.0,Delhi,80402.0,1.0,9.0,200.0,Bajaj
7157,62000.0,Jaipur,21734.0,1.0,9.0,150.0,Yamaha
7158,125000.0,Gurgaon,12800.0,1.0,3.0,350.0,Royal Enfield
7170,170200.0,Lucknow,7123.0,1.0,3.0,200.0,KTM
7171,69600.0,Mumbai,21000.0,1.0,5.0,150.0,Suzuki
7172,90000.0,Trivandrum,17000.0,1.0,7.0,350.0,Royal Enfield
7173,64000.0,Bangalore,20094.0,1.0,6.0,220.0,Bajaj
7174,150900.0,Varanasi,1200.0,1.0,3.0,410.0,Royal Enfield
7175,15000.0,Gurgaon,85086.0,1.0,14.0,160.0,TVS
7176,25000.0,Mumbai,67503.0,,15.0,150.0,Honda
7177,36000.0,Ghaziabad,20199.0,1.0,7.0,150.0,Yamaha
7178,70000.0,Hyderabad,30000.0,1.0,5.0,160.0,Honda
7179,46000.0,Hyderabad,28176.0,1.0,7.0,150.0,Yamaha
7180,35000.0,Ghaziabad,46448.0,1.0,6.0,100.0,Hero
7181,39000.0,Pune,20273.0,1.0,4.0,100.0,Bajaj
7182,60000.0,Pune,6457.0,1.0,4.0,220.0,Bajaj
7200,16000.0,Delhi,25000.0,1.0,12.0,125.0,Bajaj
7201,53000.0,Delhi,29800.0,1.0,4.0,180.0,TVS
7206,75000.0,Mumbai,16000.0,1.0,6.0,200.0,Bajaj
7207,150000.0,Pune,32267.0,1.0,5.0,390.0,KTM
7208,15000.0,Gautam Buddha Nagar,70347.0,1.0,13.0,125.0,Honda
7209,120000.0,Pune,2876.0,1.0,5.0,350.0,Royal Enfield
7210,78500.0,Lucknow,10000.0,1.0,6.0,200.0,Bajaj
7211,49500.0,Mehsana,20000.0,2.0,4.0,160.0,TVS
7212,189400.0,Thane,8000.0,1.0,3.0,310.0,TVS
7213,154000.0,Udaipur,301.0,1.0,3.0,500.0,Royal Enfield
7214,35800.0,Kolkata,25000.0,1.0,7.0,150.0,Hero
7215,121000.0,Pune,9494.0,1.0,6.0,500.0,Royal Enfield
7216,49000.0,Jalandhar,6000.0,1.0,8.0,220.0,Bajaj
7217,70000.0,Ghaziabad,43241.0,1.0,6.0,150.0,Yamaha
7218,65000.0,Jaipur,14391.0,2.0,4.0,150.0,Yamaha
7219,118000.0,Pune,12000.0,1.0,5.0,200.0,Bajaj
7220,75000.0,Goregaon,8500.0,1.0,4.0,200.0,TVS
7221,45612.0,Bangalore,36000.0,1.0,7.0,150.0,Yamaha
7222,30500.0,Delhi,21000.0,2.0,8.0,150.0,Yamaha
7223,80000.0,Pune,48898.0,1.0,7.0,500.0,Royal Enfield
7224,130000.0,Gurgaon,19200.0,2.0,5.0,500.0,Royal Enfield
7225,22000.0,Jabalpur,45000.0,1.0,10.0,135.0,Bajaj
7231,170000.0,Nashik,7000.0,1.0,3.0,390.0,KTM
7232,80000.0,Bangalore,29850.0,1.0,7.0,350.0,Royal Enfield
7233,65000.0,Faridabad,26925.0,1.0,5.0,150.0,Yamaha
7234,20000.0,Gurgaon,28090.0,1.0,9.0,125.0,Honda
7235,60000.0,Delhi,74.0,1.0,1.0,110.0,Honda
7236,30000.0,Delhi,59217.0,1.0,5.0,150.0,Bajaj
7237,52000.0,Pune,7000.0,1.0,6.0,220.0,Bajaj
7238,15000.0,Gurgaon,54246.0,2.0,11.0,125.0,Honda
7239,12000.0,Gurgaon,42083.0,1.0,13.0,150.0,Bajaj
7240,53000.0,Gurgaon,2505.0,1.0,2.0,110.0,Honda
7241,55000.0,Gurgaon,2505.0,1.0,2.0,110.0,Honda
7242,25000.0,Gurgaon,32162.0,2.0,10.0,100.0,Hero
7243,70000.0,Bally,25000.0,1.0,7.0,350.0,Royal Enfield
7244,120000.0,Kurnool,34000.0,1.0,6.0,500.0,Royal Enfield
7245,45000.0,Mumbai,10000.0,1.0,4.0,110.0,Honda
7246,65000.0,Mumbai,8000.0,1.0,3.0,110.0,Honda
7247,49990.0,Delhi,46000.0,1.0,7.0,220.0,Bajaj
7248,30000.0,Delhi,70000.0,2.0,7.0,150.0,Yamaha
7250,146000.0,Bangalore,14000.0,1.0,5.0,410.0,Royal Enfield
7251,149000.0,Jalandhar,6600.0,1.0,3.0,350.0,Royal Enfield
7256,23000.0,Faridabad,17122.0,1.0,8.0,100.0,Hero
7257,24000.0,Faridabad,17540.0,1.0,8.0,150.0,Bajaj
7258,24000.0,Faridabad,21990.0,1.0,7.0,100.0,Hero
7259,24000.0,Faridabad,15451.0,1.0,8.0,100.0,Hero
7260,24000.0,Faridabad,17980.0,1.0,6.0,100.0,Hero
7261,24000.0,Faridabad,14244.0,1.0,7.0,100.0,Hero
7262,14000.0,Faridabad,21007.0,1.0,9.0,150.0,Yamaha
7263,25000.0,Faridabad,11332.0,1.0,6.0,100.0,Hero
7264,25000.0,Faridabad,10721.0,1.0,6.0,100.0,Hero
7265,25000.0,Faridabad,3192.0,1.0,7.0,100.0,Hero
7266,26000.0,Faridabad,30489.0,1.0,6.0,100.0,Hero
7267,87000.0,Gautam Buddha Nagar,21000.0,1.0,6.0,350.0,Royal Enfield
7268,195200.0,Bangalore,2503.0,1.0,3.0,310.0,TVS
7269,45000.0,Roorkee,17000.0,1.0,5.0,125.0,Honda
7270,19000.0,Bangalore,80828.0,1.0,11.0,150.0,Bajaj
7271,70000.0,Pune,6135.0,1.0,3.0,220.0,Bajaj
7272,38500.0,Faridabad,4877.0,1.0,2.0,100.0,Bajaj
7273,32000.0,Gurgaon,35466.0,1.0,5.0,150.0,Bajaj
7274,75000.0,Gurgaon,16135.0,1.0,6.0,350.0,Royal Enfield
7275,30000.0,Faridabad,16217.0,1.0,5.0,100.0,Hero
7276,46000.0,Faridabad,14788.0,1.0,3.0,150.0,Bajaj
7277,17000.0,Gurgaon,31214.0,1.0,10.0,150.0,Hero
7278,80000.0,Bangalore,16298.0,1.0,5.0,150.0,Bajaj
7279,29000.0,Gurgaon,28619.0,1.0,8.0,125.0,Honda
7280,120000.0,Bangalore,38000.0,1.0,6.0,390.0,KTM
7281,75000.0,Delhi,23085.0,1.0,5.0,150.0,Yamaha
7282,100000.0,Gurgaon,26098.0,1.0,6.0,500.0,Royal Enfield
7283,75000.0,Delhi,41000.0,1.0,9.0,350.0,Royal Enfield
7284,16500.0,Faridabad,22457.0,1.0,8.0,110.0,Yamaha
7285,148000.0,Bangalore,10805.0,1.0,4.0,400.0,Bajaj
7286,130000.0,Rajkot,96046.0,1.0,4.0,350.0,Royal Enfield
7287,75000.0,Delhi,29716.0,1.0,11.0,350.0,Royal Enfield
7288,23000.0,Vellore,32500.0,2.0,11.0,160.0,TVS
7289,115000.0,Mumbai,38813.0,1.0,4.0,400.0,Bajaj
7290,65000.0,Delhi,38057.0,1.0,7.0,150.0,Yamaha
7291,41000.0,Delhi,26528.0,,5.0,160.0,TVS
7292,175000.0,Ghaziabad,6078.0,1.0,3.0,200.0,KTM
7293,162000.0,Delhi,8000.0,1.0,6.0,390.0,KTM
7294,133500.0,Mumbai,1608.0,1.0,2.0,350.0,Royal Enfield
7295,67000.0,Coimbatore,21963.0,1.0,4.0,180.0,TVS
7296,185000.0,Hyderabad,3004.0,1.0,4.0,500.0,Royal Enfield
7297,80000.0,Delhi,38430.0,1.0,10.0,350.0,Royal Enfield
7298,83000.0,Bangalore,35678.0,1.0,8.0,350.0,Royal Enfield
7299,26000.0,Faridabad,37469.0,1.0,10.0,220.0,Bajaj
7300,44000.0,Ahmedabad,14107.0,1.0,4.0,150.0,Bajaj
7301,35000.0,Bardhaman,50000.0,1.0,8.0,150.0,Hero
7302,21000.0,Jaipur,55000.0,1.0,8.0,125.0,Yamaha
7303,24000.0,Ernakulam,14500.0,1.0,12.0,220.0,Bajaj
7304,41000.0,Faridabad,25943.0,1.0,5.0,180.0,TVS
7305,18500.0,Faridabad,19492.0,1.0,10.0,100.0,Hero
7306,36000.0,Faridabad,21578.0,1.0,6.0,180.0,TVS
7307,17800.0,Faridabad,21587.0,1.0,7.0,110.0,Mahindra
7308,25000.0,Faridabad,15775.0,1.0,5.0,125.0,Yamaha
7309,145000.0,Pune,9500.0,1.0,2.0,150.0,Yamaha
7310,63000.0,Delhi,9999.0,1.0,3.0,160.0,TVS
7311,70000.0,Jaipur,207102.0,1.0,2.0,180.0,TVS
7312,10000.0,Tiruvallur,29825.0,2.0,11.0,150.0,Honda
7313,52000.0,Kachchh,12600.0,1.0,4.0,160.0,Honda
7314,18000.0,Gurgaon,35550.0,1.0,11.0,100.0,Hero
7315,23500.0,Faridabad,19720.0,1.0,6.0,125.0,Yamaha
7316,103000.0,Thane,19339.0,1.0,5.0,350.0,Royal Enfield
7317,135000.0,Delhi,22000.0,1.0,5.0,500.0,Royal Enfield
7318,89300.0,Bangalore,17300.0,1.0,6.0,200.0,Bajaj
7319,43800.0,Virar,6500.0,1.0,6.0,150.0,Suzuki
7320,20000.0,Faridabad,10649.0,1.0,6.0,100.0,TVS
7340,95000.0,Pune,20241.0,1.0,6.0,350.0,Royal Enfield
7341,175000.0,Bangalore,23500.0,1.0,5.0,390.0,KTM
7342,150000.0,Bangalore,27356.0,1.0,3.0,350.0,Royal Enfield
7343,38700.0,Ghaziabad,40000.0,1.0,5.0,150.0,Suzuki
7344,18000.0,Nagaur,31000.0,1.0,8.0,110.0,Honda
7345,105000.0,Jaipur,1543.0,1.0,5.0,350.0,Royal Enfield
7346,43000.0,Bangalore,33807.0,2.0,7.0,220.0,Bajaj
7347,45000.0,Faridabad,23481.0,1.0,5.0,180.0,TVS
7348,836000.0,Pune,7224.0,1.0,2.0,797.0,Ducati
7351,446200.0,Delhi,2500.0,2.0,4.0,650.0,Hyosung
7352,55000.0,Jaipur,4779.0,1.0,11.0,350.0,Royal Enfield
7353,74200.0,Delhi,6300.0,1.0,3.0,180.0,TVS
7354,60000.0,Faridabad,10121.0,1.0,2.0,150.0,Bajaj
7355,21666.0,Bangalore,19075.0,1.0,7.0,100.0,Bajaj
7356,22000.0,Chandigarh,86845.0,1.0,13.0,150.0,Bajaj
7357,45000.0,Pune,33000.0,1.0,10.0,150.0,Yamaha
7358,45000.0,Pune,27000.0,1.0,9.0,220.0,Bajaj
7359,90000.0,Delhi,25000.0,1.0,7.0,350.0,Royal Enfield
7360,51000.0,Gurgaon,12668.0,1.0,8.0,150.0,Yamaha
7361,28000.0,Faridabad,11131.0,1.0,4.0,100.0,Bajaj
7362,31500.0,Faridabad,14267.0,1.0,5.0,100.0,Bajaj
7363,16500.0,Delhi,67731.0,1.0,10.0,100.0,Hero
7364,70000.0,Delhi,12266.0,1.0,3.0,150.0,Suzuki
7365,23000.0,Faridabad,28870.0,1.0,9.0,100.0,Hero
7366,33000.0,Faridabad,18643.0,1.0,5.0,100.0,Hero
7367,32000.0,Jaipur,22844.0,1.0,8.0,100.0,Hero
7368,20000.0,Faridabad,34304.0,1.0,11.0,220.0,Bajaj
7369,38000.0,Jaipur,21822.0,1.0,6.0,125.0,Honda
7370,21000.0,Faridabad,19774.0,1.0,9.0,100.0,Hero
7371,27000.0,Faridabad,22115.0,1.0,3.0,100.0,Bajaj
7372,21000.0,Faridabad,17210.0,1.0,9.0,100.0,Hero
7373,21000.0,Faridabad,16057.0,1.0,8.0,100.0,Hero
7374,35000.0,Faridabad,18303.0,1.0,3.0,100.0,Hero
7375,33000.0,Gurgaon,14244.0,1.0,5.0,150.0,Honda
7376,41000.0,Delhi,15880.0,,5.0,160.0,TVS
7377,65000.0,Ghaziabad,10906.0,2.0,3.0,160.0,TVS
7378,76000.0,Ahmedabad,23885.0,1.0,3.0,220.0,Bajaj
7379,38000.0,Jaipur,20000.0,1.0,6.0,100.0,Hero
7380,18000.0,Faridabad,35778.0,1.0,11.0,100.0,Hero
7381,46000.0,Faridabad,11309.0,1.0,2.0,100.0,Hero
7382,32000.0,Gurgaon,23060.0,1.0,4.0,110.0,Honda
7383,48000.0,Gurgaon,52904.0,1.0,14.0,350.0,Royal Enfield
7384,53500.0,Bahadurgarh,21890.0,1.0,8.0,200.0,Bajaj
7385,30000.0,Pune,51000.0,1.0,9.0,125.0,Honda
7386,47000.0,Gurgaon,24580.0,1.0,5.0,150.0,Bajaj
7387,19000.0,Faridabad,25794.0,1.0,7.0,125.0,Yamaha
7388,42000.0,Chennai,52000.0,2.0,7.0,223.0,Hero
7389,41900.0,Alipore,20000.0,1.0,7.0,160.0,TVS
7390,33000.0,Delhi,12000.0,1.0,4.0,100.0,Hero
7427,23400.0,Bangalore,25000.0,1.0,11.0,223.0,Hero
7428,67500.0,Nagpur,35000.0,2.0,9.0,200.0,KTM
7429,70000.0,Delhi,9900.0,1.0,5.0,220.0,Bajaj
7430,60000.0,Delhi,12000.0,1.0,5.0,220.0,Bajaj
7431,170000.0,Anekal,210.0,1.0,8.0,650.0,Hyosung
7432,14500.0,Agra,43000.0,2.0,9.0,125.0,Honda
7434,50000.0,Hyderabad,29800.0,1.0,7.0,150.0,Yamaha
7443,89700.0,Navi Mumbai,26000.0,1.0,6.0,350.0,Royal Enfield
7444,80600.0,Mumbai,26000.0,2.0,7.0,350.0,Royal Enfield
7445,97942.0,Navi Mumbai,8979.0,1.0,6.0,350.0,Royal Enfield
7454,27000.0,Bangalore,46006.0,2.0,10.0,150.0,Yamaha
7455,25000.0,Hissar,28000.0,1.0,12.0,180.0,Bajaj
7456,42200.0,Ahmedabad,57000.0,1.0,7.0,200.0,Bajaj
7457,95000.0,Kolkata,13452.0,1.0,6.0,350.0,Royal Enfield
7458,34850.0,Pune,75838.0,1.0,6.0,150.0,Honda
7459,34918.0,Pune,60055.0,1.0,5.0,150.0,Bajaj
7460,60000.0,Chennai,15500.0,1.0,5.0,150.0,Yamaha
7462,273200.0,Bhubaneshwar,12000.0,1.0,7.0,650.0,Hyosung
7463,350000.0,Gurgaon,21000.0,2.0,7.0,750.0,Harley-Davidson
7464,160000.0,Bangalore,8298.0,1.0,3.0,400.0,Bajaj
7465,27333.0,Ahmedabad,26000.0,1.0,6.0,100.0,Hero
7466,46000.0,Bangalore,37000.0,1.0,5.0,150.0,Bajaj
7467,100000.0,Thiruvananthapuram,80000.0,2.0,41.0,250.0,Ideal
7468,11000.0,Adalaj,65000.0,1.0,10.0,100.0,Hero
7469,40000.0,Delhi,44000.0,1.0,5.0,150.0,Yamaha
7470,41000.0,Faridabad,6168.0,1.0,5.0,150.0,Yamaha
7471,32000.0,Gurgaon,40828.0,1.0,6.0,150.0,Yamaha
7472,33000.0,Delhi,13007.0,2.0,6.0,150.0,Yamaha
7473,24000.0,Delhi,28000.0,1.0,7.0,100.0,Bajaj
7474,340000.0,Pune,13900.0,2.0,7.0,750.0,Harley-Davidson
7475,39000.0,Ahmedabad,7005.0,1.0,6.0,100.0,Hero
7476,250000.0,Bangalore,45000.0,1.0,5.0,320.0,Yamaha
7477,254581.0,Gorakhpur,19100.0,1.0,4.0,320.0,Yamaha
7478,40000.0,Delhi,37000.0,1.0,7.0,150.0,Yamaha
7479,14500.0,Indore,35000.0,1.0,12.0,110.0,TVS
7480,20000.0,Indore,50000.0,1.0,8.0,100.0,Hero
7481,1149000.0,Delhi,9875.0,1.0,6.0,1300.0,Suzuki
7482,44300.0,Mumbai,9600.0,1.0,6.0,150.0,Bajaj
7483,23000.0,Jodhpur,36301.0,1.0,13.0,135.0,Bajaj
7484,29000.0,Jaipur,12653.0,1.0,7.0,150.0,Hero
7485,139300.0,Visakhapatnam,5400.0,1.0,5.0,350.0,Royal Enfield
7486,12500.0,Bangalore,53700.0,2.0,16.0,150.0,Bajaj
7487,15000.0,Mumbai,34997.0,1.0,11.0,150.0,Bajaj
7488,55000.0,Thane,8200.0,1.0,5.0,150.0,Bajaj
7489,109999.0,Kolkata,8821.0,1.0,7.0,500.0,Royal Enfield
7490,52000.0,Ahmedabad,13551.0,1.0,4.0,150.0,Bajaj
7491,125000.0,Patna,7292.0,1.0,4.0,350.0,Royal Enfield
7492,20000.0,Delhi,43750.0,2.0,13.0,220.0,Bajaj
7493,19000.0,Delhi,41999.0,1.0,8.0,135.0,Bajaj
7495,12000.0,Noida,35609.0,1.0,7.0,125.0,Bajaj
7496,170000.0,Pune,18140.0,1.0,3.0,500.0,Royal Enfield
7497,70500.0,Pune,8152.0,1.0,3.0,160.0,Honda
7498,13500.0,Ghaziabad,48763.0,1.0,10.0,110.0,Honda
7499,13000.0,Ghaziabad,28954.0,1.0,9.0,125.0,Bajaj
7500,27000.0,Ghaziabad,41153.0,1.0,6.0,125.0,Hero
7501,65000.0,Gurgaon,7024.0,1.0,3.0,160.0,TVS
7502,80000.0,Bangalore,2100.0,1.0,5.0,150.0,Yamaha
7503,235000.0,Delhi,1100.0,1.0,4.0,390.0,KTM
7504,67500.0,Mumbai,10000.0,1.0,3.0,160.0,Honda
7508,42273.0,Mumbai,44696.0,2.0,8.0,200.0,Bajaj
7509,35800.0,Raipur,13574.0,1.0,9.0,150.0,Yamaha
7510,35000.0,Mumbai,43399.0,2.0,6.0,150.0,Suzuki
7511,26000.0,Delhi,18000.0,1.0,9.0,100.0,Hero
7512,525000.0,Delhi,6000.0,1.0,4.0,750.0,Harley-Davidson
7513,145000.0,Delhi,19000.0,1.0,7.0,250.0,Hyosung
7514,195000.0,Mumbai,11000.0,1.0,5.0,300.0,Benelli
7515,250000.0,Mumbai,11400.0,1.0,5.0,300.0,Benelli
7516,26000.0,Delhi,27000.0,1.0,7.0,125.0,Bajaj
7520,13000.0,Mansa,28881.0,1.0,13.0,180.0,Bajaj
7521,50600.0,Mumbai,8000.0,1.0,4.0,150.0,Yamaha
7523,75000.0,Ahmedabad,20500.0,1.0,7.0,250.0,Honda
7525,17500.0,Delhi,42852.0,1.0,6.0,100.0,Bajaj
7526,59000.0,Bangalore,21952.0,1.0,3.0,150.0,Honda
7527,38000.0,Delhi,8000.0,1.0,7.0,150.0,Yamaha
7528,138000.0,Hyderabad,1038.0,1.0,3.0,400.0,Bajaj
7531,33000.0,Ambala,5900.0,1.0,5.0,150.0,Bajaj
7532,110000.0,Hyderabad,5500.0,1.0,3.0,150.0,Yamaha
7533,40000.0,Bangalore,42966.0,1.0,7.0,150.0,Yamaha
7534,30000.0,Hyderabad,47000.0,1.0,9.0,125.0,Honda
7535,80000.0,Pune,30900.0,2.0,9.0,250.0,Honda
7536,50000.0,Pune,44811.0,1.0,10.0,250.0,Honda
7537,45000.0,Hyderabad,34900.0,1.0,7.0,150.0,Yamaha
7538,200000.0,Chennai,15000.0,1.0,5.0,300.0,Benelli
7542,15000.0,Amravati,80000.0,1.0,11.0,100.0,Hero
7543,49000.0,Ahmedabad,13959.0,1.0,4.0,150.0,Yamaha
7544,55000.0,Delhi,19400.0,1.0,5.0,160.0,TVS
7545,45000.0,Jodhpur,33247.0,1.0,7.0,200.0,Bajaj
7547,125000.0,Mumbai,7530.0,1.0,5.0,350.0,Royal Enfield
7548,12000.0,Gurgaon,65536.0,1.0,12.0,100.0,Bajaj
7549,21500.0,Ahmedabad,26542.0,1.0,14.0,100.0,Bajaj
7550,120000.0,Hyderabad,45000.0,1.0,4.0,350.0,Royal Enfield
7551,48000.0,Mumbai,22500.0,1.0,4.0,125.0,Honda
7553,29000.0,Mumbai,51106.0,1.0,9.0,220.0,Bajaj
7557,15000.0,Delhi,48000.0,2.0,8.0,125.0,Honda
7558,170000.0,Delhi,3500.0,1.0,4.0,250.0,KTM
7561,150000.0,Jaipur,12500.0,1.0,4.0,250.0,KTM
7563,37000.0,Kolkata,42.0,1.0,8.0,125.0,Bajaj
7564,30000.0,Kolkata,16900.0,1.0,8.0,100.0,Hero
7565,38000.0,Kolkata,8962.0,1.0,5.0,100.0,Hero
7566,45000.0,Tiruchirappalli,34000.0,1.0,9.0,150.0,Yamaha
7567,15000.0,Kolkata,15000.0,1.0,16.0,160.0,Hero
7568,51000.0,Nanded,22000.0,1.0,6.0,160.0,Honda
7569,23490.0,Mumbai,39000.0,1.0,9.0,125.0,Bajaj
7570,23000.0,Mumbai,10009.0,1.0,7.0,125.0,Hero
7573,106000.0,Dharamasala,6200.0,1.0,4.0,350.0,Royal Enfield
7574,11000.0,Delhi,53254.0,1.0,15.0,150.0,Honda
7575,74500.0,Delhi,14934.0,1.0,5.0,350.0,Royal Enfield
7576,333333.0,Pune,16000.0,1.0,5.0,650.0,Kawasaki
7578,20000.0,Gurgaon,59516.0,1.0,9.0,125.0,Honda
7582,26799.0,Chhindwara,45000.0,1.0,8.0,100.0,Bajaj
7583,160000.0,Pune,11689.0,1.0,3.0,350.0,Royal Enfield
7584,24000.0,Faridabad,20375.0,1.0,6.0,100.0,Hero
7585,23000.0,Ghaziabad,18000.0,1.0,6.0,125.0,Hero
7586,655000.0,Delhi,5034.0,1.0,4.0,797.0,Ducati
7587,380000.0,Bangalore,31000.0,1.0,9.0,796.0,Ducati
7588,34154.0,Bangalore,33500.0,2.0,7.0,223.0,Hero
7589,125000.0,Bhopal,21000.0,2.0,6.0,535.0,Royal Enfield
7590,105000.0,Bangalore,7684.0,1.0,2.0,200.0,Bajaj
7591,65000.0,Jaipur,26454.0,1.0,3.0,180.0,TVS
7592,127600.0,Hyderabad,12888.0,1.0,4.0,200.0,KTM
7593,32000.0,Faridabad,10909.0,1.0,5.0,110.0,Honda
7594,10000.0,Delhi,1223.0,1.0,13.0,150.0,Bajaj
7595,1070500.0,Delhi,289.0,1.0,3.0,959.0,Ducati
7596,72500.0,Hyderabad,10000.0,1.0,8.0,200.0,KTM
7597,260000.0,Bangalore,11000.0,1.0,3.0,310.0,BMW
7598,22500.0,Mumbai,80000.0,1.0,7.0,150.0,Yamaha
7599,25000.0,Mumbai,13382.0,2.0,10.0,150.0,Yamaha
7600,170000.0,Hyderabad,3822.0,1.0,3.0,250.0,KTM
7601,25000.0,Mumbai,22917.0,1.0,9.0,150.0,Yamaha
7602,26000.0,Mumbai,37000.0,1.0,9.0,150.0,Yamaha
7603,28000.0,Mumbai,566931.0,1.0,5.0,150.0,Yamaha
7604,134700.0,Kolkata,5550.0,1.0,5.0,390.0,KTM
7605,425000.0,Gurgaon,4800.0,2.0,4.0,650.0,Kawasaki
7606,45000.0,Aurangabad,41230.0,1.0,6.0,160.0,Honda
7607,18900.0,Kalyan,38000.0,1.0,11.0,135.0,Bajaj
7608,65000.0,Hyderabad,36000.0,1.0,6.0,200.0,Bajaj
7609,29000.0,Ahmedabad,25000.0,1.0,11.0,100.0,Hero
7610,7000.0,Ahmedabad,80000.0,,15.0,150.0,Bajaj
7611,8000.0,Faridabad,49730.0,2.0,11.0,100.0,TVS
7612,8100.0,Faridabad,49730.0,1.0,11.0,100.0,TVS
7614,20000.0,Faridabad,16764.0,1.0,9.0,100.0,Hero
7615,76200.0,Hyderabad,18300.0,1.0,7.0,150.0,Honda
7616,23000.0,Bhopal,42500.0,1.0,13.0,100.0,Bajaj
7617,46000.0,Chennai,17407.0,2.0,9.0,150.0,Honda
7618,250000.0,Ahmedabad,7600.0,,5.0,750.0,Harley-Davidson
7619,22000.0,Mumbai,35000.0,2.0,11.0,135.0,Bajaj
7620,35000.0,Delhi,11246.0,1.0,5.0,125.0,Honda
7621,699000.0,Delhi,9000.0,,5.0,675.0,Triumph
7623,37500.0,Jaipur,20511.0,1.0,5.0,100.0,Hero
7624,121700.0,Hyderabad,10500.0,1.0,3.0,150.0,Yamaha
7625,108000.0,Kochi,11270.0,1.0,5.0,200.0,Bajaj
7626,15344.0,Jamnagar,71943.0,,12.0,150.0,Bajaj
7627,70000.0,Hyderabad,11000.0,1.0,3.0,220.0,Bajaj
7630,530000.0,Delhi,22800.0,1.0,4.0,600.0,Benelli
7631,21000.0,Bangalore,11374.0,1.0,11.0,150.0,Bajaj
7632,20000.0,Delhi,81260.0,1.0,8.0,100.0,Hero
7633,18000.0,Delhi,750000.0,1.0,10.0,100.0,Hero
7634,73000.0,Bangalore,6041.0,1.0,4.0,200.0,Bajaj
7637,90000.0,Bangalore,20000.0,1.0,9.0,200.0,KTM
7646,55000.0,Mumbai,32000.0,,9.0,200.0,KTM
7649,18000.0,Delhi,34860.0,1.0,6.0,125.0,TVS
7650,478000.0,Jaipur,1234.0,1.0,3.0,650.0,Kawasaki
7651,48000.0,Bangalore,63371.0,1.0,8.0,150.0,Yamaha
7652,75000.0,Bangalore,28000.0,1.0,7.0,150.0,Yamaha
7653,62000.0,Bangalore,14490.0,1.0,8.0,150.0,Yamaha
7656,33700.0,Kolkata,54250.0,1.0,8.0,220.0,Bajaj
7657,20000.0,Noida,45000.0,1.0,11.0,200.0,Bajaj
7658,120000.0,Pune,28000.0,1.0,6.0,350.0,Royal Enfield
7659,15500.0,Faridabad,21814.0,1.0,7.0,135.0,Bajaj
7660,12200.0,Ghaziabad,58000.0,1.0,10.0,100.0,TVS
7661,65000.0,Bangalore,26592.0,1.0,4.0,220.0,Bajaj
7662,29000.0,Bangalore,26434.0,2.0,11.0,135.0,Bajaj
7663,24000.0,Bangalore,24527.0,1.0,13.0,100.0,Hero
7664,36000.0,Ahmedabad,35000.0,1.0,5.0,100.0,Hero
7665,32000.0,Ahmedabad,52500.0,1.0,7.0,110.0,Hero
7666,33000.0,Bangalore,27629.0,1.0,10.0,150.0,Yamaha
7667,25000.0,Delhi,25000.0,1.0,12.0,200.0,Bajaj
7668,135000.0,Chennai,7582.0,1.0,4.0,535.0,Royal Enfield
7669,67300.0,Mangalore,13000.0,1.0,4.0,160.0,Honda
7670,950000.0,Delhi,6898.0,1.0,6.0,800.0,MV
7671,1550000.0,Delhi,9800.0,2.0,6.0,1000.0,Yamaha
7672,32000.0,Gurgaon,23000.0,1.0,3.0,100.0,TVS
7673,33000.0,Bangalore,24000.0,1.0,10.0,150.0,Yamaha
7674,44000.0,Bangalore,25220.0,1.0,8.0,150.0,Yamaha
7675,67000.0,Bangalore,47493.0,1.0,4.0,160.0,Honda
7676,58000.0,Bangalore,24220.0,1.0,5.0,220.0,Bajaj
7677,58000.0,Bangalore,54500.0,1.0,7.0,200.0,Bajaj
7678,58000.0,Bangalore,18200.0,1.0,5.0,150.0,Yamaha
7679,59000.0,Bangalore,4258.0,1.0,4.0,150.0,Suzuki
7680,40000.0,Bangalore,42000.0,1.0,13.0,223.0,Hero
7690,56000.0,Bangalore,34721.0,1.0,9.0,150.0,Yamaha
7691,25000.0,Pune,21000.0,1.0,11.0,100.0,Hero
7693,116200.0,Vadodara,6000.0,1.0,3.0,350.0,Royal Enfield
7694,215000.0,Delhi,417.0,1.0,2.0,500.0,Royal Enfield
7695,55000.0,Bangalore,47042.0,1.0,5.0,220.0,Bajaj
7696,68000.0,Chennai,4961.0,1.0,4.0,150.0,Suzuki
7697,105000.0,Chennai,4268.0,1.0,2.0,200.0,Bajaj
7698,100000.0,Bangalore,12100.0,1.0,10.0,500.0,Royal Enfield
7699,96000.0,Bangalore,7794.0,1.0,7.0,350.0,Royal Enfield
7700,85000.0,Delhi,9537.0,2.0,4.0,350.0,Royal Enfield
7701,28000.0,Ghaziabad,15234.0,1.0,9.0,180.0,Bajaj
7702,50000.0,Kalyan,2000.0,1.0,5.0,220.0,Bajaj
7703,37000.0,Delhi,13919.0,1.0,7.0,125.0,Honda
7704,83000.0,Mumbai,5578.0,1.0,6.0,220.0,Bajaj
7705,35000.0,Bangalore,36845.0,1.0,10.0,150.0,Yamaha
7707,140000.0,Pune,4832.0,1.0,4.0,410.0,Royal Enfield
7708,105000.0,Warangal,25000.0,1.0,7.0,350.0,Royal Enfield
7709,34000.0,Nagpur,40000.0,1.0,9.0,100.0,Hero
7710,72000.0,Zirakpur,7500.0,1.0,4.0,150.0,Yamaha
7711,50000.0,Hyderabad,10100.0,1.0,8.0,150.0,Bajaj
7712,31599.0,Jaipur,19111.0,1.0,8.0,100.0,TVS
7713,56000.0,Chennai,27350.0,1.0,6.0,220.0,Bajaj
7714,103000.0,Bankura,14400.0,1.0,6.0,350.0,Royal Enfield
7715,125000.0,Mumbai,13000.0,1.0,5.0,200.0,KTM
7716,100000.0,Delhi,30000.0,1.0,7.0,350.0,Royal Enfield
7717,68000.0,Guwahati,11100.0,1.0,5.0,160.0,Honda
7718,110000.0,Delhi,5655.0,1.0,5.0,200.0,Bajaj
7719,23600.0,Chennai,37500.0,1.0,11.0,100.0,Hero
7720,26000.0,Lucknow,43000.0,1.0,7.0,125.0,Bajaj
7721,52000.0,Bangalore,25000.0,1.0,7.0,150.0,Honda
7722,95000.0,Abohar,9000.0,1.0,8.0,350.0,Royal Enfield
7723,70000.0,Alipore,20775.0,1.0,5.0,220.0,Bajaj
7724,50000.0,Bangalore,17000.0,1.0,7.0,150.0,Honda
7725,15000.0,Noida,40000.0,1.0,12.0,125.0,Honda
7726,80000.0,Chennai,3000.0,1.0,4.0,150.0,Suzuki
7727,76000.0,Gurgaon,3450.0,1.0,4.0,220.0,Bajaj
7728,58100.0,Hyderabad,14000.0,1.0,5.0,150.0,Bajaj
7729,20000.0,Surat,5792.0,1.0,8.0,125.0,Hero
7730,75000.0,Bangalore,17475.0,1.0,4.0,160.0,Honda
7731,48000.0,Delhi,17746.0,1.0,5.0,160.0,TVS
7732,85000.0,Ghaziabad,21977.0,1.0,7.0,350.0,Royal Enfield
7733,350000.0,Noida,30000.0,1.0,9.0,883.0,Harley-Davidson
7734,28000.0,Delhi,31288.0,1.0,8.0,110.0,Hero
7735,39000.0,Anjar,1200.0,1.0,7.0,160.0,TVS
7736,20000.0,Palakkad,49500.0,1.0,10.0,110.0,TVS
7737,115000.0,Gurgaon,18832.0,1.0,5.0,350.0,Royal Enfield
7738,18000.0,Noida,38056.0,1.0,10.0,100.0,TVS
7739,12800.0,Amraoti,54000.0,1.0,14.0,150.0,Hero
7740,23000.0,Rajkot,46000.0,1.0,24.0,100.0,Hero
7741,110000.0,Surat,4700.0,1.0,6.0,250.0,Honda
7742,147000.0,Bangalore,11000.0,1.0,5.0,350.0,Royal Enfield
7743,20000.0,Chennai,27000.0,1.0,9.0,110.0,Bajaj
7744,35000.0,Chennai,32342.0,1.0,9.0,220.0,Bajaj
7745,48500.0,Delhi,8000.0,1.0,5.0,135.0,Bajaj
7746,54000.0,Hyderabad,32000.0,1.0,7.0,220.0,Bajaj
7747,22600.0,Ghaziabad,78000.0,2.0,8.0,110.0,Hero
7748,67500.0,Mumbai,1276.0,1.0,9.0,200.0,Bajaj
7749,17300.0,Ahmedabad,29000.0,1.0,12.0,100.0,Bajaj
7750,35000.0,Delhi,23000.0,1.0,6.0,110.0,Hero
7751,33000.0,Delhi,18000.0,1.0,5.0,100.0,Hero
7752,52000.0,Barabanki,38943.0,1.0,6.0,220.0,Bajaj
7753,32000.0,Ludhiana,13500.0,1.0,7.0,100.0,Hero
7754,149600.0,Pune,24000.0,1.0,6.0,390.0,KTM
7755,130000.0,Delhi,24000.0,1.0,4.0,350.0,Royal Enfield
7756,46000.0,Lucknow,33000.0,1.0,10.0,150.0,Yamaha
7757,100000.0,Delhi,9000.0,1.0,4.0,150.0,Yamaha
7758,25000.0,Kota,21250.0,1.0,9.0,100.0,Hero
7759,14500.0,Delhi,17999.0,,15.0,100.0,Hero
7760,39000.0,Delhi,22000.0,1.0,4.0,100.0,Hero
7761,30000.0,Karnal,6639.0,1.0,9.0,180.0,TVS
7762,60000.0,Delhi,20373.0,1.0,6.0,220.0,Bajaj
7763,15600.0,Jaipur,84186.0,1.0,16.0,125.0,Hero
7764,22000.0,Pune,60857.0,1.0,13.0,150.0,Bajaj
7765,35000.0,Faridabad,40000.0,1.0,12.0,220.0,Bajaj
7766,52000.0,Kolkata,24000.0,1.0,7.0,150.0,Suzuki
7767,41000.0,Aurangabad,10000.0,1.0,5.0,110.0,Honda
7768,38000.0,Margao,53000.0,1.0,9.0,150.0,Hero
7769,80000.0,Patna,10000.0,1.0,7.0,220.0,Bajaj
7770,110000.0,Mumbai,33800.0,1.0,6.0,350.0,Royal Enfield
7771,160000.0,Hyderabad,25000.0,1.0,6.0,500.0,Royal Enfield
7772,41500.0,Nabha,59154.0,1.0,5.0,100.0,Hero
7773,40000.0,Bangalore,27875.0,1.0,12.0,200.0,Bajaj
7774,140000.0,Bangalore,22000.0,1.0,5.0,350.0,Royal Enfield
7775,42000.0,Wardha,10883.0,1.0,5.0,100.0,Hero
7776,78000.0,Unnao,6400.0,1.0,4.0,180.0,TVS
7777,26000.0,Pune,23236.0,1.0,12.0,100.0,Hero
7778,77000.0,Delhi,19820.0,1.0,6.0,220.0,Bajaj
7779,28000.0,Mumbai,66000.0,1.0,11.0,150.0,Hero
7780,18000.0,Jaipur,40266.0,1.0,11.0,125.0,Honda
7781,53000.0,Delhi,15000.0,1.0,7.0,220.0,Bajaj
7782,85000.0,Pune,14000.0,1.0,8.0,350.0,Royal Enfield
7783,14200.0,Delhi,55200.0,1.0,16.0,150.0,Bajaj
7784,175000.0,Gurgaon,2200.0,1.0,4.0,500.0,Royal Enfield
7785,140000.0,Delhi,19631.0,2.0,4.0,400.0,Bajaj
7786,80000.0,Delhi,22271.0,1.0,6.0,200.0,Bajaj
7787,65000.0,Delhi,15000.0,1.0,14.0,350.0,Royal Enfield
7788,45000.0,Thane,27000.0,1.0,6.0,160.0,Honda
7789,18000.0,Surat,57000.0,1.0,16.0,223.0,Hero
7790,10000.0,Ahmedabad,47000.0,1.0,18.0,150.0,Bajaj
7791,120000.0,Delhi,6500.0,1.0,5.0,300.0,Mahindra
7792,60000.0,Gurgaon,3500.0,1.0,4.0,180.0,Bajaj
7793,23200.0,Vadodara,33000.0,1.0,10.0,125.0,Honda
7794,38000.0,Delhi,22840.0,1.0,5.0,150.0,Bajaj
7795,21500.0,Mumbai,90000.0,1.0,10.0,150.0,Bajaj
7796,55000.0,Pune,28000.0,1.0,5.0,150.0,Bajaj
7797,65000.0,Delhi,20314.0,1.0,4.0,150.0,Bajaj
7798,12000.0,Trivandrum,78500.0,2.0,16.0,125.0,Bajaj
7799,32000.0,Delhi,33767.0,1.0,4.0,110.0,TVS
7800,28000.0,Mumbai,46915.0,2.0,10.0,125.0,Honda
7801,50000.0,Patna,27918.0,1.0,5.0,150.0,Bajaj
7802,45000.0,Indore,35497.0,1.0,7.0,220.0,Bajaj
7803,160000.0,Bangalore,7500.0,2.0,4.0,300.0,Mahindra
7804,20000.0,Delhi,67209.0,1.0,11.0,100.0,Hero
7805,75000.0,Pune,23045.0,1.0,9.0,350.0,Royal Enfield
7806,23000.0,Lucknow,20000.0,1.0,6.0,100.0,Bajaj
7807,32000.0,Lucknow,22697.0,1.0,7.0,125.0,Suzuki
7808,20000.0,Kanchipuram,52000.0,1.0,10.0,150.0,Yamaha
7809,55005.0,Godhara,6600.0,1.0,5.0,220.0,Bajaj
7810,87000.0,Gautam Buddha Nagar,16336.0,1.0,7.0,350.0,Royal Enfield
7811,70000.0,Mumbai,13858.0,2.0,11.0,350.0,Royal Enfield
7812,35000.0,Ahmedabad,11885.0,1.0,12.0,125.0,Suzuki
7813,196700.0,Mumbai,13216.0,1.0,4.0,390.0,KTM
7814,25000.0,Delhi,32588.0,1.0,9.0,150.0,Bajaj
7815,123000.0,Kadapa,14500.0,1.0,4.0,250.0,Yamaha
7816,95500.0,Delhi,18000.0,1.0,8.0,350.0,Royal Enfield
7817,32000.0,Delhi,12000.0,1.0,6.0,100.0,Hero
7818,41000.0,Delhi,20245.0,2.0,11.0,220.0,Bajaj
7819,15000.0,Perumbavoor,35000.0,2.0,19.0,100.0,Hero
7820,41500.0,24 Pargana,3000.0,1.0,3.0,110.0,Bajaj
7821,115000.0,Delhi,23560.0,1.0,5.0,500.0,Royal Enfield
7822,16000.0,Gurgaon,28350.0,1.0,15.0,150.0,TVS
7823,60000.0,Delhi,35000.0,1.0,5.0,220.0,Bajaj
7824,45000.0,Gurgaon,13300.0,1.0,5.0,150.0,Bajaj
7825,107000.0,Delhi,16505.0,1.0,5.0,350.0,Royal Enfield
7826,89000.0,Delhi,20099.0,1.0,4.0,250.0,Yamaha
7827,98000.0,Guntur,5900.0,1.0,3.0,200.0,Hero
7828,17000.0,Delhi,36111.0,1.0,12.0,150.0,Yamaha
7829,36000.0,Delhi,18000.0,1.0,4.0,110.0,TVS
7830,50000.0,Gurgaon,23080.0,1.0,7.0,200.0,Bajaj
7831,130000.0,Sundargarh,15000.0,1.0,8.0,250.0,Honda
7832,115000.0,Delhi,10350.0,1.0,3.0,350.0,Royal Enfield
7833,35000.0,Delhi,19134.0,1.0,11.0,150.0,Yamaha
7834,20000.0,Thrissur,52000.0,1.0,11.0,180.0,Bajaj
7835,40000.0,Chandigarh,1501.0,1.0,2.0,100.0,Bajaj
7836,22000.0,Gurgaon,32579.0,1.0,6.0,110.0,Honda
7837,155000.0,Bangalore,20449.0,1.0,6.0,390.0,KTM
7838,38000.0,Gurgaon,23700.0,1.0,4.0,110.0,TVS
7839,22400.0,Delhi,14000.0,1.0,10.0,100.0,Hero
7840,23000.0,Delhi,58000.0,1.0,9.0,150.0,Bajaj
7841,22000.0,Delhi,32000.0,1.0,13.0,150.0,Yamaha
7842,45000.0,Delhi,39889.0,1.0,7.0,150.0,Suzuki
7843,35000.0,Pune,25398.0,1.0,7.0,125.0,Bajaj
7844,45000.0,Ghaziabad,19827.0,1.0,3.0,110.0,Bajaj
7845,51000.0,Faridabad,30000.0,1.0,8.0,220.0,Bajaj
7846,22000.0,Gurgaon,53085.0,1.0,9.0,100.0,Bajaj
7847,90000.0,Gurgaon,44777.0,1.0,6.0,350.0,Royal Enfield
7848,130000.0,Dharwar,8000.0,1.0,4.0,350.0,Royal Enfield
7849,70000.0,Nazira,12600.0,1.0,7.0,180.0,TVS
7850,75000.0,Samastipur,16000.0,1.0,4.0,150.0,Yamaha
7851,120000.0,Delhi,23719.0,1.0,5.0,350.0,Royal Enfield
7852,750000.0,Trivandrum,7500.0,1.0,5.0,800.0,Kawasaki
7853,60000.0,Gurgaon,31769.0,1.0,5.0,150.0,Bajaj
7854,120000.0,Pune,26709.0,1.0,6.0,390.0,KTM
7855,26000.0,Noida,20000.0,1.0,13.0,150.0,Bajaj
7856,134100.0,Delhi,1700.0,1.0,4.0,350.0,Royal Enfield
7857,85999.0,Delhi,16589.0,1.0,8.0,350.0,Royal Enfield
7858,70000.0,Ahmedabad,65000.0,1.0,10.0,500.0,Royal Enfield
7859,90000.0,Pune,5770.0,1.0,5.0,350.0,Royal Enfield
7860,65000.0,Gurgaon,14101.0,,34.0,350.0,Royal Enfield
7861,110000.0,Gurgaon,14418.0,1.0,4.0,500.0,Royal Enfield
7862,92000.0,Ghaziabad,26900.0,1.0,7.0,350.0,Royal Enfield
7863,15995.0,Nellore,88808.0,1.0,17.0,100.0,Hero
7864,40000.0,Patiala,45139.0,1.0,9.0,150.0,Yamaha
7865,30000.0,Saharanpur,15982.0,1.0,8.0,125.0,Hero
7866,52000.0,Delhi,12486.0,1.0,5.0,150.0,Bajaj
7867,75500.0,Hyderabad,24500.0,1.0,3.0,220.0,Bajaj
7868,42000.0,Gurgaon,6843.0,1.0,4.0,100.0,Hero
7869,30009.0,Mumbai,39022.0,1.0,11.0,150.0,Suzuki
7870,16000.0,Dehradun,92666.0,1.0,14.0,100.0,Bajaj
7871,57500.0,Latur,71000.0,1.0,9.0,223.0,Hero
7872,29600.0,Latur,105000.0,1.0,15.0,125.0,Bajaj
7873,126508.0,Pune,22191.0,1.0,5.0,500.0,Royal Enfield
7874,29000.0,Ahmedabad,54262.0,2.0,12.0,220.0,Bajaj
7875,132000.0,Pune,6000.0,1.0,5.0,350.0,Royal Enfield
7876,56000.0,Surat,8089.0,1.0,5.0,150.0,Bajaj
7877,26675.0,Thane,30032.0,1.0,8.0,125.0,Bajaj
7878,136000.0,Tiruvallur,13333.0,1.0,3.0,350.0,Royal Enfield
7879,65000.0,Unnao,15200.0,1.0,6.0,220.0,Bajaj
7880,40000.0,Chandigarh,5995.0,1.0,5.0,125.0,Bajaj
7881,22600.0,Delhi,25000.0,1.0,11.0,100.0,Hero
7882,84000.0,24 Pargana,200.0,1.0,4.0,150.0,Suzuki
7883,38500.0,Delhi,34000.0,1.0,7.0,150.0,Bajaj
7884,29900.0,Delhi,41048.0,1.0,10.0,150.0,Yamaha
7885,150000.0,Faridabad,5200.0,1.0,6.0,500.0,Royal Enfield
7886,70000.0,Gurgaon,15000.0,1.0,5.0,150.0,Suzuki
7887,51300.0,Bangalore,27015.0,1.0,7.0,150.0,Honda
7888,60000.0,Delhi,21000.0,1.0,7.0,220.0,Bajaj
7889,80000.0,Bangalore,17000.0,1.0,6.0,220.0,Bajaj
7890,28000.0,Ahmedabad,33000.0,1.0,12.0,125.0,Honda
7891,124600.0,Pune,19000.0,1.0,7.0,500.0,Royal Enfield
7892,117000.0,Bangalore,24000.0,1.0,8.0,350.0,Royal Enfield
7893,70000.0,Mumbai,8000.0,1.0,6.0,160.0,Honda
7894,20500.0,Noida,69200.0,1.0,12.0,125.0,Honda
7895,25000.0,Vadodara,24010.0,1.0,12.0,100.0,Hero
7896,35000.0,Gurgaon,26000.0,1.0,8.0,125.0,Hero
7897,125000.0,Bangalore,13000.0,1.0,7.0,350.0,Royal Enfield
7898,25000.0,Jaipur,10500.0,1.0,9.0,125.0,Yamaha
7899,54400.0,Gurgaon,27000.0,1.0,6.0,220.0,Bajaj
7900,75000.0,Ghaziabad,3650.0,1.0,5.0,220.0,Bajaj
7901,70000.0,Jaipur,10000.0,1.0,4.0,150.0,Bajaj
7902,99000.0,Delhi,18000.0,2.0,7.0,350.0,Royal Enfield
7903,112000.0,Bangalore,12200.0,1.0,7.0,350.0,Royal Enfield
7904,21000.0,Delhi,35698.0,1.0,11.0,100.0,Hero
7905,180900.0,Delhi,11466.0,1.0,4.0,200.0,KTM
7906,550000.0,Mumbai,3500.0,2.0,4.0,650.0,Kawasaki
7907,70000.0,Hyderabad,15500.0,1.0,5.0,220.0,Bajaj
7908,71800.0,Dehradun,22650.0,2.0,6.0,150.0,Honda
7909,90000.0,Kalyan,7500.0,1.0,3.0,220.0,Bajaj
7910,37800.0,Pratapgarh,15000.0,1.0,5.0,125.0,Bajaj
7911,31621.0,Ambala,19000.0,1.0,6.0,100.0,Hero
7912,89720.0,Chandigarh,33885.0,1.0,8.0,350.0,Royal Enfield
7913,60000.0,Hyderabad,12609.0,1.0,5.0,160.0,Honda
7914,65000.0,Delhi,11811.0,1.0,9.0,350.0,Royal Enfield
7915,120000.0,Mumbai,33647.0,1.0,4.0,400.0,Bajaj
7916,48000.0,Hyderabad,14290.0,1.0,5.0,150.0,Bajaj
7917,72000.0,Amraoti,30000.0,2.0,8.0,350.0,Royal Enfield
7918,30000.0,Gurgaon,45322.0,1.0,7.0,150.0,Bajaj
7919,55000.0,Hosur,10440.0,1.0,5.0,150.0,Bajaj
7920,16979.0,Delhi,17299.0,1.0,12.0,223.0,Hero
7921,30000.0,Ahmedabad,57298.0,1.0,10.0,150.0,Honda
7922,36000.0,Surat,10000.0,2.0,8.0,220.0,Bajaj
7923,135000.0,Mumbai,9800.0,1.0,6.0,390.0,KTM
7924,55400.0,Puri,39000.0,1.0,9.0,150.0,Honda
7925,30000.0,Ghaziabad,38000.0,2.0,9.0,150.0,Yamaha
7926,50000.0,Pune,46527.0,1.0,8.0,220.0,Bajaj
7927,25000.0,Ahmedabad,73625.0,1.0,8.0,125.0,Honda
7928,29000.0,Asansol,26000.0,2.0,9.0,150.0,Bajaj
7929,26000.0,Jhajjar,42000.0,1.0,7.0,110.0,Hero
7930,82000.0,Hamirpur(hp),6000.0,1.0,5.0,200.0,Bajaj
7931,150000.0,Bangalore,10000.0,1.0,6.0,500.0,Royal Enfield
7932,42000.0,Ahmedabad,2600.0,1.0,8.0,220.0,Bajaj
7933,60000.0,Ahmedabad,15000.0,1.0,6.0,150.0,Suzuki
7934,58000.0,Ahmedabad,40000.0,1.0,7.0,150.0,Yamaha
7935,75000.0,Thane,13500.0,1.0,4.0,200.0,TVS
7936,121900.0,Dharmapuri,10500.0,1.0,5.0,200.0,KTM
7937,149100.0,Noida,1450.0,1.0,5.0,500.0,Royal Enfield
7938,80000.0,Bangalore,9300.0,1.0,5.0,150.0,Suzuki
7939,42200.0,Ghaziabad,3325.0,2.0,5.0,150.0,Bajaj
7940,65000.0,Delhi,7000.0,1.0,4.0,150.0,Bajaj
7941,22800.0,Ludhiana,20750.0,1.0,7.0,100.0,TVS
7942,100000.0,Chennai,6742.0,1.0,7.0,350.0,Royal Enfield
7943,60311.0,Pune,26800.0,1.0,5.0,150.0,Bajaj
7944,20500.0,Delhi,51320.0,1.0,9.0,100.0,Hero
7945,30000.0,Nagpur,55297.0,1.0,11.0,150.0,Bajaj
7946,18000.0,Chennai,25000.0,1.0,12.0,125.0,Hero
7947,75000.0,Thangadh,12511.0,1.0,5.0,200.0,Bajaj
7948,22000.0,Pune,5639.0,1.0,15.0,100.0,Hero
7949,55000.0,Pune,15581.0,1.0,3.0,150.0,Bajaj
7950,130000.0,Bangalore,33125.0,1.0,4.0,500.0,Royal Enfield
7951,87000.0,Delhi,19549.0,1.0,7.0,350.0,Royal Enfield
7952,55000.0,Mumbai,9643.0,1.0,3.0,100.0,Hero
7953,650000.0,Thane,10963.0,1.0,5.0,883.0,Harley-Davidson
7954,64466.0,Mumbai,42386.0,1.0,6.0,150.0,Yamaha
7955,24000.0,Delhi,25804.0,1.0,8.0,125.0,Bajaj
7956,45000.0,Kanchipuram,17000.0,1.0,4.0,150.0,Bajaj
7957,47000.0,Chennai,22226.0,1.0,4.0,125.0,Hero
7958,75700.0,Mumbai,12530.0,1.0,6.0,150.0,Yamaha
7959,42000.0,Surat,18000.0,1.0,8.0,150.0,Yamaha
7960,110000.0,Ahmedabad,6859.0,1.0,3.0,200.0,KTM
7961,69000.0,Delhi,38069.0,1.0,8.0,350.0,Royal Enfield
7962,45000.0,Delhi,24500.0,2.0,8.0,220.0,Bajaj
7963,26900.0,Ghaziabad,36000.0,1.0,7.0,125.0,Hero
7964,125000.0,Bangalore,1230.0,1.0,3.0,200.0,Bajaj
7965,68000.0,Chennai,14000.0,1.0,8.0,150.0,Yamaha
7966,140000.0,Thane,5500.0,1.0,5.0,410.0,Royal Enfield
7967,19000.0,Ahmedabad,42000.0,2.0,10.0,150.0,Yamaha
7968,92000.0,Hyderabad,7000.0,1.0,4.0,220.0,Bajaj
7969,62000.0,Bally,9400.0,1.0,6.0,150.0,Bajaj
7970,85000.0,Vadodara,16904.0,1.0,7.0,350.0,Royal Enfield
7971,111000.0,Dehradun,17169.0,1.0,4.0,400.0,Bajaj
7972,72000.0,Bareilly,8000.0,1.0,4.0,160.0,Bajaj
7973,24100.0,Jhansi,20000.0,1.0,7.0,110.0,Honda
7974,114000.0,Jaipur,38000.0,1.0,7.0,350.0,Royal Enfield
7975,45000.0,Chitradurga,1363.0,1.0,3.0,110.0,TVS
7976,60000.0,Delhi,14200.0,1.0,7.0,200.0,Bajaj
7977,190000.0,Gurgaon,4288.0,1.0,3.0,310.0,TVS
7978,110000.0,Pune,9000.0,1.0,12.0,500.0,Royal Enfield
7979,34000.0,Chennai,15440.0,1.0,5.0,150.0,Bajaj
7980,130000.0,Bangalore,27044.0,1.0,6.0,500.0,Royal Enfield
7981,30000.0,Ahmedabad,50028.0,1.0,11.0,180.0,Bajaj
7982,45500.0,Dakshina Kannada,12000.0,2.0,5.0,150.0,Suzuki
7983,28000.0,Ghaziabad,55141.0,1.0,10.0,223.0,Hero
7984,90000.0,Delhi,9000.0,1.0,5.0,350.0,Royal Enfield
7985,60000.0,Pune,10121.0,1.0,6.0,150.0,Suzuki
7986,190104.0,Lonavala,9500.0,1.0,4.0,390.0,KTM
7987,25000.0,Noida,21466.0,1.0,10.0,135.0,Bajaj
7988,25000.0,Alibag,54000.0,2.0,12.0,150.0,Yamaha
7989,110000.0,Meerut,20764.0,1.0,4.0,350.0,Royal Enfield
7990,25000.0,Ahmedabad,62593.0,2.0,9.0,125.0,Honda
7991,35000.0,Delhi,55250.0,1.0,6.0,200.0,Bajaj
7992,84000.0,Hyderabad,8527.0,1.0,4.0,200.0,TVS
7993,75000.0,Hyderabad,24000.0,1.0,9.0,150.0,Yamaha
7994,74400.0,Mumbai,3000.0,1.0,3.0,150.0,Bajaj
7995,55000.0,Delhi,15000.0,1.0,6.0,220.0,Bajaj
7996,45500.0,Virudhunagar,9000.0,1.0,4.0,100.0,Bajaj
7997,478000.0,Delhi,1300.0,1.0,5.0,750.0,Harley-Davidson
7998,52000.0,Chennai,25600.0,1.0,6.0,160.0,Honda
7999,35000.0,Delhi,13000.0,1.0,7.0,125.0,Honda
8000,115000.0,Delhi,26000.0,1.0,7.0,350.0,Royal Enfield
8001,170000.0,Barasat,5500.0,1.0,3.0,300.0,Mahindra
8002,100300.0,Palanpur,11824.0,1.0,6.0,350.0,Royal Enfield
8003,12000.0,Mumbai,82000.0,2.0,17.0,150.0,Bajaj
8004,65000.0,Bhiwadi,9300.0,1.0,4.0,150.0,Bajaj
8005,130000.0,Delhi,15000.0,2.0,5.0,390.0,KTM
8006,30000.0,Chennai,18168.0,1.0,7.0,100.0,Hero
8007,145000.0,Delhi,8600.0,1.0,6.0,390.0,KTM
8008,107000.0,Delhi,15000.0,1.0,7.0,350.0,Royal Enfield
8009,68700.0,Mumbai,29000.0,1.0,10.0,350.0,Royal Enfield
8010,55000.0,Chennai,23000.0,1.0,6.0,150.0,Honda
8011,47000.0,Dhanbad,7000.0,1.0,4.0,125.0,Yamaha
8012,75000.0,Pune,30000.0,1.0,9.0,350.0,Royal Enfield
8013,65000.0,Bangalore,20100.0,1.0,6.0,220.0,Bajaj
8014,53000.0,Ahmedabad,9319.0,1.0,4.0,150.0,Bajaj
8015,103000.0,Allahabad,9450.0,1.0,8.0,500.0,Royal Enfield
8016,47100.0,Bangalore,33000.0,1.0,8.0,150.0,Honda
8017,25500.0,Delhi,25866.0,1.0,9.0,180.0,Bajaj
8018,125000.0,Gurgaon,10409.0,1.0,4.0,500.0,Royal Enfield
8019,32000.0,Ghaziabad,18818.0,1.0,11.0,150.0,Yamaha
8020,155000.0,Pune,6153.0,1.0,5.0,350.0,Royal Enfield
8021,150000.0,Mumbai,11535.0,1.0,3.0,400.0,Bajaj
8022,45000.0,Lucknow,52000.0,1.0,6.0,220.0,Bajaj
8023,30000.0,Jodhpur,37125.0,1.0,8.0,135.0,Bajaj
8024,70000.0,Delhi,14424.0,1.0,4.0,200.0,TVS
8025,70000.0,Delhi,21543.0,1.0,3.0,150.0,Suzuki
8026,70000.0,Gurgaon,5768.0,1.0,5.0,220.0,Bajaj
8027,60000.0,Bangalore,15000.0,2.0,9.0,200.0,Bajaj
8028,30000.0,Poonamallee,33000.0,1.0,10.0,100.0,Hero
8029,76000.0,Pune,7500.0,1.0,5.0,220.0,Bajaj
8030,40000.0,Thane,45000.0,1.0,8.0,220.0,Bajaj
8031,145000.0,Vizianagaram,24000.0,2.0,6.0,390.0,KTM
8032,26900.0,Ajmer,91000.0,1.0,10.0,220.0,Bajaj
8033,120000.0,Ludhiana,13208.0,1.0,10.0,500.0,Royal Enfield
8034,17000.0,Mumbai,53399.0,2.0,13.0,200.0,Bajaj
8035,82000.0,Delhi,4524.0,1.0,3.0,160.0,TVS
8036,72000.0,Mumbai,14405.0,1.0,6.0,200.0,Bajaj
8037,30000.0,Delhi,24021.0,1.0,5.0,125.0,Honda
8038,23000.0,Pune,40000.0,,16.0,100.0,Hero
8039,40000.0,Delhi,55687.0,1.0,8.0,150.0,Hero
8040,70000.0,Karwar,26000.0,1.0,4.0,150.0,Honda
8041,115000.0,Mumbai,16476.0,1.0,5.0,350.0,Royal Enfield
8042,25000.0,Ghaziabad,48246.0,2.0,7.0,110.0,Hero
8043,65000.0,Pune,20000.0,1.0,5.0,220.0,Bajaj
8044,65000.0,Delhi,34833.0,1.0,4.0,160.0,Honda
8045,54799.0,Gurgaon,27488.0,1.0,8.0,150.0,Honda
8046,72000.0,Delhi,9125.0,1.0,6.0,150.0,Yamaha
8047,48000.0,Delhi,18533.0,1.0,5.0,180.0,TVS
8048,20000.0,Ludhiana,10495.0,1.0,11.0,135.0,Bajaj
8049,35000.0,Ludhiana,8209.0,1.0,9.0,150.0,Yamaha
8050,44000.0,Pune,71124.0,1.0,8.0,200.0,Bajaj
8051,145000.0,Kalyan,4500.0,1.0,4.0,200.0,KTM
8052,42000.0,Gurgaon,1700.0,1.0,3.0,100.0,Bajaj
8053,95000.0,Gautam Buddha Nagar,10729.0,1.0,3.0,160.0,Honda
8054,52000.0,Delhi,40272.0,1.0,4.0,150.0,Suzuki
8055,33000.0,Sirsa,21664.0,1.0,6.0,100.0,Hero
8056,37000.0,Sirsa,16664.0,1.0,4.0,100.0,Hero
8057,42000.0,Sirsa,14311.0,1.0,5.0,150.0,Bajaj
8058,75000.0,Gurgaon,14396.0,1.0,7.0,350.0,Royal Enfield
8059,14000.0,Noida,38987.0,1.0,15.0,100.0,Hero
8060,30500.0,Mumbai,30312.0,2.0,15.0,180.0,Bajaj
8061,35000.0,Lucknow,17079.0,1.0,8.0,100.0,Hero
8062,49900.0,Chennai,13813.0,1.0,4.0,150.0,Hero
8063,25000.0,Ahmedabad,65901.0,1.0,10.0,100.0,Hero
8064,40000.0,Bangalore,27090.0,2.0,8.0,220.0,Bajaj
8065,17000.0,Ahmedabad,54519.0,1.0,10.0,100.0,Bajaj
8066,75000.0,Ranchi,17243.0,2.0,4.0,250.0,Yamaha
8067,128000.0,Jaipur,8500.0,1.0,5.0,350.0,Royal Enfield
8068,15000.0,Ludhiana,10750.0,1.0,15.0,100.0,Bajaj
8069,145000.0,Kathua,14000.0,1.0,4.0,500.0,Royal Enfield
8070,47000.0,Ganganagar,19151.0,1.0,4.0,100.0,Hero
8071,20000.0,Ghaziabad,71970.0,1.0,13.0,150.0,Bajaj
8072,35000.0,Delhi,31733.0,1.0,8.0,220.0,Bajaj
8073,65800.0,Mumbai,31000.0,1.0,11.0,350.0,Royal Enfield
8074,65000.0,Jaipur,12061.0,1.0,4.0,180.0,TVS
8075,86000.0,Bangalore,4700.0,1.0,4.0,160.0,Honda
8076,93000.0,Hyderabad,500.0,1.0,4.0,220.0,Bajaj
8077,16000.0,Ludhiana,29333.0,1.0,8.0,100.0,Bajaj
8078,95000.0,Faridabad,7875.0,1.0,6.0,350.0,Royal Enfield
8079,90000.0,Delhi,16589.0,1.0,8.0,350.0,Royal Enfield
8080,50000.0,Mumbai,22426.0,1.0,7.0,223.0,Hero
8081,25000.0,Bangalore,49871.0,2.0,8.0,125.0,Bajaj
8082,40000.0,Ranchi,27500.0,1.0,12.0,220.0,Bajaj
8083,165000.0,Bangalore,23000.0,1.0,5.0,250.0,Benelli
8084,93000.0,Bangalore,13453.0,1.0,3.0,200.0,TVS
8085,122500.0,Sangareddy,25000.0,1.0,6.0,390.0,KTM
8086,14000.0,Ahmedabad,64270.0,2.0,17.0,100.0,Bajaj
8087,19000.0,Salem,36000.0,1.0,10.0,100.0,TVS
8088,175000.0,Noida,16051.0,1.0,6.0,250.0,Hyosung
8089,103000.0,Bangalore,7000.0,1.0,5.0,150.0,Yamaha
8090,48000.0,Indore,42000.0,1.0,5.0,150.0,Bajaj
8091,17000.0,Chandigarh,45000.0,1.0,11.0,135.0,Bajaj
8092,30000.0,Chennai,43333.0,1.0,10.0,150.0,Honda
8093,30000.0,Bangalore,87370.0,1.0,10.0,150.0,Honda
8094,17000.0,Pune,59000.0,1.0,15.0,100.0,Hero
8095,42000.0,Gandhinagar,15000.0,1.0,5.0,135.0,Bajaj
8096,135000.0,Kolkata,9500.0,1.0,6.0,200.0,KTM
8097,45000.0,Deesa,35000.0,1.0,8.0,220.0,Bajaj
8098,50000.0,Ahmedabad,6000.0,1.0,8.0,200.0,Bajaj
8099,102000.0,Delhi,2600.0,1.0,5.0,150.0,Yamaha
8100,100000.0,Jaipur,22600.0,1.0,8.0,350.0,Royal Enfield
8101,92000.0,Nizamabad,11060.0,1.0,4.0,250.0,Yamaha
8102,46000.0,Ahmedabad,26419.0,1.0,4.0,150.0,Hero
8103,23132.0,Bangalore,38752.0,1.0,9.0,100.0,Bajaj
8104,21000.0,Ahmedabad,40824.0,1.0,7.0,110.0,Mahindra
8105,28499.0,Ahmedabad,23500.0,1.0,8.0,125.0,Honda
8106,380000.0,Bangalore,15027.0,2.0,7.0,750.0,Harley-Davidson
8107,97000.0,Tiruppur,78.0,1.0,2.0,160.0,Bajaj
8108,30000.0,Noida,34205.0,1.0,9.0,150.0,Yamaha
8109,80000.0,Gadchiroli,6500.0,1.0,4.0,160.0,Bajaj
8110,17000.0,Jhansi,35000.0,,11.0,100.0,Hero
8111,19200.0,Jhansi,25000.0,2.0,10.0,125.0,Honda
8112,105000.0,Mumbai,11000.0,1.0,7.0,535.0,Royal Enfield
8113,33000.0,Mumbai,22.0,1.0,4.0,100.0,Bajaj
8114,125000.0,Pune,11451.0,1.0,6.0,350.0,Royal Enfield
8115,20000.0,Gangaghat,65000.0,1.0,11.0,150.0,Hero
8116,46000.0,Pune,5214.0,1.0,3.0,125.0,Bajaj
8117,62600.0,Secunderabad,25000.0,2.0,10.0,350.0,Royal Enfield
8118,21000.0,Noida,46000.0,1.0,7.0,100.0,Bajaj
8119,55000.0,Jhajjar,15000.0,1.0,5.0,223.0,Hero
8120,21000.0,Gurgaon,45244.0,1.0,9.0,150.0,Bajaj
8121,55000.0,Delhi,30000.0,1.0,6.0,150.0,Bajaj
8122,42500.0,Jalandhar,8628.0,1.0,4.0,100.0,Hero
8123,37000.0,Delhi,32000.0,1.0,8.0,150.0,Yamaha
8124,25000.0,Ahmedabad,46956.0,1.0,7.0,110.0,Mahindra
8125,35000.0,Gautam Buddha Nagar,7578.0,1.0,9.0,160.0,TVS
8126,22000.0,Delhi,30664.0,1.0,9.0,150.0,Suzuki
8127,200000.0,Hyderabad,19659.0,1.0,3.0,310.0,TVS
8128,28000.0,Bhuj,54400.0,1.0,10.0,125.0,Honda
8129,23000.0,Mumbai,54548.0,1.0,8.0,125.0,Bajaj
8130,10000.0,Vastral,28900.0,2.0,18.0,100.0,Hero
8131,14227.0,Bhopal,36000.0,1.0,15.0,150.0,Bajaj
8132,34600.0,Noida,21500.0,1.0,5.0,110.0,Honda
8133,39600.0,Ahmedabad,9000.0,1.0,3.0,100.0,Bajaj
8134,21700.0,Ludhiana,12350.0,1.0,8.0,110.0,Honda
8135,34000.0,Sirsa,53817.0,1.0,9.0,180.0,TVS
8136,28000.0,Ahmednagar,2347.0,1.0,6.0,100.0,Bajaj
8137,112000.0,Rajkot,10000.0,1.0,6.0,350.0,Royal Enfield
8138,25000.0,Bangalore,29956.0,1.0,7.0,125.0,Honda
8139,169000.0,Bangalore,4411.0,1.0,2.0,350.0,Royal Enfield
8140,45600.0,Patna,23128.0,1.0,7.0,150.0,Honda
8141,35000.0,Mumbai,50861.0,1.0,9.0,125.0,Bajaj
8142,45000.0,Bangalore,17160.0,2.0,6.0,220.0,Bajaj
8143,60000.0,Ghaziabad,15733.0,1.0,4.0,100.0,Hero
8144,154400.0,Bangalore,8500.0,1.0,3.0,350.0,Royal Enfield
8145,70000.0,Noida,17408.0,1.0,6.0,220.0,Bajaj
8146,75000.0,Delhi,11921.0,1.0,3.0,150.0,Hero
8147,40000.0,Delhi,59445.0,1.0,7.0,150.0,Hero
8148,101000.0,Delhi,18894.0,1.0,5.0,350.0,Royal Enfield
8149,75000.0,Pune,29094.0,1.0,9.0,350.0,Royal Enfield
8150,60000.0,Delhi,5559.0,1.0,3.0,125.0,Honda
8151,110000.0,Delhi,13975.0,2.0,6.0,350.0,Royal Enfield
8152,150000.0,Bangalore,76467.0,1.0,9.0,350.0,Royal Enfield
8153,85000.0,Phagwara,49000.0,1.0,13.0,350.0,Royal Enfield
8154,41000.0,Pune,9624.0,1.0,3.0,110.0,Suzuki
8155,45000.0,Delhi,12551.0,1.0,9.0,150.0,Yamaha
8156,100000.0,Pune,98056.0,1.0,7.0,500.0,Royal Enfield
8157,85000.0,Ghaziabad,45000.0,1.0,8.0,350.0,Royal Enfield
8158,50000.0,Gurgaon,20040.0,1.0,5.0,220.0,Bajaj
8159,445600.0,Thane,8000.0,1.0,5.0,750.0,Harley-Davidson
8160,36500.0,Kheda,19000.0,1.0,5.0,100.0,Hero
8161,20000.0,Swaimadhopur,35000.0,,12.0,135.0,Bajaj
8162,32000.0,Lucknow,40000.0,2.0,11.0,150.0,Bajaj
8163,56000.0,Ahmedabad,4411.0,1.0,3.0,100.0,Hero
8164,240000.0,Ludhiana,4000.0,1.0,5.0,390.0,KTM
8165,155000.0,Mumbai,15500.0,1.0,5.0,390.0,KTM
8166,45000.0,Bangalore,24950.0,1.0,9.0,160.0,TVS
8167,35000.0,Patna,23000.0,1.0,8.0,150.0,Bajaj
8168,55000.0,Bangalore,14500.0,1.0,6.0,150.0,Bajaj
8169,45000.0,Delhi,22500.0,1.0,7.0,150.0,Yamaha
8170,45000.0,Chennai,38724.0,1.0,7.0,150.0,Yamaha
8171,27500.0,Jalandhar,15435.0,1.0,8.0,100.0,Hero
8172,109600.0,Kharagpur,31500.0,1.0,5.0,350.0,Royal Enfield
8173,22000.0,Alibag,24000.0,1.0,9.0,125.0,Bajaj
8174,200000.0,Mumbai,4000.0,1.0,5.0,390.0,KTM
8175,65000.0,Delhi,28000.0,2.0,15.0,350.0,Royal Enfield
8176,51000.0,Jobner,15500.0,2.0,3.0,125.0,Hero
8177,13000.0,Gurgaon,35583.0,1.0,15.0,125.0,Bajaj
8178,133500.0,Gurgaon,17000.0,1.0,3.0,250.0,Yamaha
8179,10951.0,Vadodara,1638.0,1.0,16.0,100.0,Bajaj
8180,25000.0,Gondia,16000.0,1.0,12.0,150.0,Yamaha
8181,19000.0,Ahmedabad,60064.0,1.0,10.0,150.0,Bajaj
8182,19000.0,Jalandhar,17204.0,1.0,11.0,135.0,Bajaj
8183,54000.0,Ghaziabad,250841.0,1.0,11.0,350.0,Royal Enfield
8184,65000.0,Bulandshahr,60000.0,1.0,7.0,150.0,Honda
8185,35000.0,Udaipur,40000.0,1.0,13.0,160.0,TVS
8186,25000.0,Pondicherry,50000.0,1.0,9.0,150.0,Yamaha
8187,21600.0,Kanchipuram,25000.0,1.0,9.0,125.0,Suzuki
8188,70000.0,Delhi,21582.0,1.0,3.0,150.0,Bajaj
8189,125000.0,Bangalore,3679.0,1.0,4.0,350.0,Royal Enfield
8190,85000.0,Bundi,15000.0,,7.0,350.0,Royal Enfield
8192,145000.0,Ghaziabad,12400.0,1.0,2.0,350.0,Royal Enfield
8193,18000.0,Gautam Buddha Nagar,40429.0,1.0,10.0,125.0,Honda
8194,25000.0,Sirsa,20293.0,1.0,8.0,100.0,Hero
8195,175000.0,Ernakulam,10951.0,1.0,6.0,500.0,Royal Enfield
8196,110000.0,Delhi,800.0,1.0,3.0,250.0,Yamaha
8197,860000.0,Delhi,12000.0,2.0,5.0,200.0,KTM
8198,19000.0,Ahmedabad,32500.0,1.0,12.0,100.0,Hero
8199,113300.0,Noida,21537.0,1.0,5.0,350.0,Royal Enfield
8200,18000.0,Ambala,18695.0,1.0,10.0,150.0,Yamaha
8201,95000.0,Pune,21000.0,1.0,8.0,350.0,Royal Enfield
8202,101000.0,Bangalore,17278.0,1.0,6.0,350.0,Royal Enfield
8203,125000.0,Delhi,11734.0,1.0,3.0,200.0,Bajaj
8204,85000.0,Gorakhpur,2648.0,1.0,2.0,150.0,Yamaha
8205,231000.0,Faridabad,4168.0,1.0,6.0,650.0,Hyosung
8206,126000.0,Mumbai,20000.0,1.0,4.0,400.0,Bajaj
8207,170000.0,Dharwar,12400.0,1.0,4.0,200.0,KTM
8208,90000.0,Ahmedabad,52594.0,1.0,3.0,200.0,TVS
8209,25000.0,Adalaj,85000.0,1.0,14.0,150.0,Hero
8210,115000.0,Gurgaon,6096.0,1.0,5.0,500.0,Royal Enfield
8211,20000.0,Tiruvallur,43000.0,1.0,12.0,150.0,Honda
8212,171000.0,Bhiwani,3700.0,1.0,4.0,500.0,Royal Enfield
8213,110000.0,Gurgaon,8855.0,1.0,3.0,350.0,Royal Enfield
8214,80000.0,Hamirpur,17000.0,1.0,3.0,200.0,Bajaj
8215,269000.0,Mumbai,2204.0,1.0,4.0,250.0,Kawasaki
8216,85000.0,Mumbai,58093.0,2.0,6.0,390.0,KTM
8217,105000.0,Delhi,10581.0,1.0,4.0,350.0,Royal Enfield
8218,42000.0,Meerut,15000.0,1.0,5.0,160.0,TVS
8219,21000.0,Kurukshetra,43000.0,1.0,9.0,125.0,Hero
8220,56000.0,Ahmedabad,11600.0,1.0,4.0,150.0,Bajaj
8221,125000.0,Pune,10059.0,1.0,5.0,350.0,Royal Enfield
8222,111088.0,Dongargaon,17000.0,1.0,4.0,200.0,Bajaj
8223,49800.0,Bangalore,27083.0,1.0,7.0,150.0,Honda
8224,55000.0,Gurgaon,67445.0,1.0,10.0,150.0,Yamaha
8225,22000.0,Hyderabad,5610.0,1.0,10.0,150.0,Hero
8226,48000.0,Dehradun,27000.0,1.0,5.0,150.0,Bajaj
8227,145000.0,Delhi,7481.0,1.0,5.0,500.0,Royal Enfield
8228,68000.0,Dehradun,26000.0,1.0,3.0,180.0,Bajaj
8229,195000.0,Delhi,1768.0,1.0,3.0,500.0,Royal Enfield
8230,10000.0,Ghaziabad,29238.0,1.0,16.0,110.0,TVS
8231,14200.0,Sonipat,37000.0,1.0,13.0,100.0,Hero
8232,85000.0,Gurgaon,18474.0,1.0,6.0,200.0,Bajaj
8233,95000.0,Gurgaon,24000.0,1.0,10.0,250.0,Honda
8234,16000.0,Chennai,79000.0,1.0,12.0,125.0,Bajaj
8235,215000.0,Ajmer,8700.0,1.0,6.0,250.0,Hyosung
8236,70000.0,Ghaziabad,18302.0,2.0,4.0,220.0,Bajaj
8237,40000.0,Delhi,25392.0,1.0,4.0,100.0,Hero
8238,84700.0,Pune,27845.0,1.0,6.0,200.0,Bajaj
8239,30000.0,Chandigarh,27598.0,1.0,8.0,110.0,Honda
8240,51500.0,Delhi,4734.0,1.0,6.0,220.0,Bajaj
8241,98000.0,Bangalore,1700.0,1.0,3.0,200.0,Bajaj
8242,42000.0,Mumbai,30090.0,1.0,11.0,150.0,Yamaha
8243,218000.0,Bangalore,10016.0,1.0,6.0,250.0,Hyosung
8244,52000.0,Mumbai,42786.0,1.0,7.0,200.0,Bajaj
8245,67800.0,Hyderabad,11000.0,1.0,5.0,200.0,Bajaj
8246,108400.0,Delhi,3545.0,1.0,8.0,500.0,Royal Enfield
8247,98000.0,Mubarakpur,9550.0,1.0,7.0,350.0,Royal Enfield
8248,77777.0,Patna,11000.0,1.0,5.0,220.0,Bajaj
8249,45000.0,Bangalore,45000.0,1.0,10.0,220.0,Bajaj
8250,32000.0,Pune,44667.0,1.0,8.0,125.0,Bajaj
8251,54000.0,Mumbai,100.0,1.0,3.0,110.0,TVS
8252,215000.0,Mumbai,3900.0,1.0,4.0,390.0,KTM
8253,33000.0,Chennai,34588.0,1.0,8.0,150.0,Honda
8254,102000.0,Delhi,2000.0,1.0,5.0,150.0,Yamaha
8255,40000.0,Thane,14500.0,2.0,8.0,150.0,Yamaha
8256,48000.0,Hyderabad,65000.0,1.0,9.0,220.0,Bajaj
8257,100000.0,Chennai,25351.0,1.0,7.0,500.0,Royal Enfield
8258,119000.0,Pune,21000.0,1.0,5.0,350.0,Royal Enfield
8259,25500.0,Ahmedabad,42500.0,1.0,9.0,150.0,Bajaj
8260,160000.0,Delhi,3144.0,1.0,3.0,400.0,Bajaj
8261,231000.0,Mumbai,8794.0,1.0,3.0,390.0,KTM
8262,173400.0,Mumbai,10060.0,1.0,4.0,250.0,Honda
8263,55000.0,Bangalore,16956.0,1.0,7.0,180.0,TVS
8264,90000.0,Mumbai,2307.0,1.0,3.0,200.0,Hero
8265,40000.0,Chennai,39988.0,1.0,6.0,150.0,Suzuki
8266,65000.0,Mumbai,7420.0,1.0,6.0,150.0,Suzuki
8267,160000.0,Pune,4118.0,1.0,6.0,500.0,Royal Enfield
8268,35000.0,Mumbai,30000.0,1.0,11.0,220.0,Bajaj
8269,38000.0,Bidar,26000.0,1.0,6.0,100.0,Hero
8270,99000.0,Mumbai,16000.0,2.0,7.0,350.0,Royal Enfield
8271,92000.0,Delhi,2947.0,1.0,3.0,150.0,Suzuki
8272,22000.0,Jaipur,35300.0,2.0,10.0,125.0,Honda
8273,10800.0,Ghazipur,47970.0,1.0,16.0,150.0,Bajaj
8274,150000.0,Noida,5377.0,1.0,3.0,500.0,Royal Enfield
8275,40000.0,Hyderabad,93566.0,1.0,6.0,150.0,Bajaj
8276,98000.0,Thane,29119.0,1.0,7.0,350.0,Royal Enfield
8277,60000.0,Pune,40000.0,2.0,17.0,350.0,Royal Enfield
8278,16900.0,Delhi,48000.0,1.0,17.0,100.0,Hero
8279,105000.0,Chennai,9300.0,1.0,5.0,150.0,Yamaha
8280,121000.0,Kota,5300.0,2.0,6.0,535.0,Royal Enfield
8281,118000.0,Chennai,3009.0,1.0,6.0,350.0,Royal Enfield
8282,211300.0,Surat,15000.0,1.0,7.0,250.0,Hyosung
8283,119600.0,Bangalore,28000.0,1.0,5.0,350.0,Royal Enfield
8284,69100.0,Faridabad,17000.0,1.0,5.0,223.0,Hero
8285,37000.0,Tumkur,29857.0,1.0,5.0,150.0,Bajaj
8286,42500.0,Sanand,12068.0,1.0,3.0,100.0,Hero
8287,60000.0,Ghaziabad,8714.0,1.0,4.0,150.0,Bajaj
8288,45000.0,Delhi,33052.0,1.0,10.0,220.0,Bajaj
8289,22000.0,Ahmedabad,25000.0,1.0,8.0,125.0,Bajaj
8290,65000.0,Anantapur,31100.0,1.0,5.0,180.0,TVS
8291,20000.0,Vadodara,47830.0,1.0,13.0,100.0,Hero
8292,18000.0,Kartarpur,75000.0,1.0,14.0,223.0,Hero
8293,40000.0,Pune,41657.0,1.0,8.0,160.0,TVS
8294,90500.0,Noida,23602.0,2.0,7.0,250.0,Honda
8295,75000.0,Alibag,7200.0,1.0,5.0,160.0,Honda
8296,75000.0,Mumbai,10300.0,1.0,4.0,160.0,Honda
8297,17000.0,Delhi,25000.0,1.0,10.0,150.0,Bajaj
8298,86900.0,Udaipur,3000.0,1.0,6.0,150.0,Yamaha
8299,25000.0,Bangalore,86000.0,1.0,7.0,125.0,Hero
8300,50000.0,Karnal,16833.0,1.0,5.0,150.0,Bajaj
8301,80000.0,Chennai,28764.0,1.0,6.0,150.0,Honda
8302,120000.0,Delhi,2172.0,1.0,3.0,350.0,Royal Enfield
8303,105786.0,Mumbai,15000.0,1.0,5.0,200.0,KTM
8304,186300.0,Mumbai,18000.0,1.0,4.0,200.0,KTM
8305,52000.0,Delhi,19000.0,1.0,8.0,200.0,Bajaj
8306,45000.0,Delhi,28750.0,1.0,4.0,125.0,Bajaj
8307,26000.0,Kolkata,78800.0,1.0,15.0,100.0,Hero
8308,35000.0,Delhi,12185.0,1.0,7.0,150.0,Hero
8309,46000.0,Rajkot,36000.0,1.0,10.0,150.0,Honda
8310,19000.0,Vadodara,38000.0,1.0,16.0,100.0,Hero
8311,48915.0,Bhavnagar,22000.0,1.0,8.0,150.0,Honda
8312,23000.0,Anand,11700.0,1.0,16.0,223.0,Hero
8313,95000.0,Vadodara,11400.0,1.0,6.0,200.0,Bajaj
8314,100000.0,Ludhiana,6578.0,1.0,6.0,200.0,KTM
8315,97900.0,Bangalore,17500.0,1.0,6.0,200.0,Bajaj
8316,160000.0,Mumbai,1320.0,1.0,4.0,400.0,Bajaj
8317,26000.0,Sirsa,21825.0,1.0,10.0,150.0,Bajaj
8318,90000.0,Sirsa,9355.0,1.0,7.0,350.0,Royal Enfield
8319,420000.0,Pune,5670.0,1.0,5.0,650.0,Kawasaki
8320,90000.0,Jabalpur,26000.0,2.0,31.0,350.0,Royal Enfield
8321,45400.0,Mumbai,21000.0,1.0,4.0,135.0,Bajaj
8322,75000.0,Hyderabad,17617.0,1.0,4.0,200.0,TVS
8323,40000.0,Ghaziabad,23156.0,1.0,5.0,150.0,Bajaj
8324,80000.0,Delhi,11982.0,1.0,4.0,200.0,TVS
8325,91000.0,Gorakhpur,7456.0,1.0,4.0,150.0,Yamaha
8326,26000.0,Mumbai,36631.0,2.0,9.0,150.0,Bajaj
8327,38000.0,Varanasi,31927.0,2.0,9.0,220.0,Bajaj
8328,75000.0,Ranga Reddy,27000.0,2.0,7.0,350.0,Royal Enfield
8329,65000.0,Gurgaon,18494.0,1.0,4.0,150.0,Honda
8330,110000.0,Farrukhabad,18120.0,1.0,5.0,350.0,Royal Enfield
8331,21000.0,Jaipur,46093.0,1.0,9.0,100.0,Bajaj
8332,55000.0,Pune,5000.0,1.0,8.0,220.0,Bajaj
8333,195000.0,Bareilly,850.0,1.0,2.0,200.0,KTM
8334,100000.0,Visakhapatnam,17540.0,1.0,4.0,200.0,Bajaj
8335,72000.0,Pune,3162.0,1.0,2.0,150.0,Bajaj
8336,130000.0,Bangalore,29000.0,1.0,6.0,200.0,KTM
8337,52000.0,Delhi,21200.0,1.0,10.0,150.0,Yamaha
8338,28000.0,Ghaziabad,27893.0,,8.0,223.0,Hero
8339,32000.0,Pune,41972.0,1.0,10.0,125.0,Bajaj
8340,35000.0,Bangalore,39468.0,1.0,9.0,135.0,Bajaj
8341,65000.0,Navi Mumbai,18070.0,1.0,4.0,180.0,TVS
8342,76000.0,Pune,16025.0,2.0,9.0,250.0,Honda
8343,107100.0,Bangalore,37000.0,1.0,6.0,350.0,Royal Enfield
8344,135000.0,Dehradun,25000.0,1.0,5.0,200.0,KTM
8345,113000.0,Hyderabad,286055.0,1.0,5.0,350.0,Royal Enfield
8346,21000.0,Mandi Dabwali,40700.0,1.0,6.0,110.0,TVS
8347,22000.0,Mandi Dabwali,18000.0,1.0,11.0,100.0,Hero
8348,48900.0,Chennai,16500.0,1.0,6.0,150.0,Bajaj
8349,35000.0,Gautam Buddha Nagar,74183.0,1.0,9.0,220.0,Bajaj
8350,94000.0,Mumbai,6069.0,1.0,3.0,200.0,Hero
8351,199000.0,Ghaziabad,3635.0,1.0,4.0,390.0,KTM
8352,15000.0,Delhi,69619.0,1.0,13.0,100.0,Bajaj
8353,100000.0,Kadi,14500.0,1.0,5.0,350.0,Royal Enfield
8354,50000.0,Gurgaon,12859.0,1.0,6.0,150.0,Bajaj
8355,35000.0,Delhi,10234.0,1.0,4.0,100.0,Hero
8356,115000.0,Delhi,4615.0,1.0,3.0,200.0,Bajaj
8357,30000.0,Mumbai,22167.0,1.0,10.0,110.0,Honda
8358,120000.0,Ahmedabad,11446.0,1.0,5.0,200.0,KTM
8359,45000.0,Gandhinagar,32893.0,1.0,6.0,150.0,Suzuki
8360,24000.0,Delhi,51503.0,1.0,8.0,180.0,Bajaj
8361,588200.0,Chennai,3450.0,1.0,3.0,750.0,Harley-Davidson
8362,140000.0,Seppa,35000.0,1.0,5.0,300.0,Mahindra
8363,37000.0,Delhi,18695.0,1.0,5.0,150.0,Bajaj
8364,92000.0,Pune,24707.0,1.0,6.0,350.0,Royal Enfield
8365,110000.0,Hyderabad,194992.0,1.0,11.0,500.0,Royal Enfield
8366,195000.0,Delhi,1401.0,1.0,3.0,500.0,Royal Enfield
8367,90000.0,Jaipur,9902.0,1.0,7.0,350.0,Royal Enfield
8368,35000.0,Lucknow,35000.0,1.0,8.0,150.0,Honda
8369,700000.0,Mumbai,10334.0,1.0,5.0,883.0,Harley-Davidson
8370,256000.0,Thane,5823.0,1.0,4.0,250.0,Hyosung
8371,73000.0,Hyderabad,12464.0,1.0,4.0,160.0,Honda
8372,80000.0,Thiruvallur,15500.0,1.0,3.0,220.0,Bajaj
8373,220000.0,Pune,1884.0,1.0,5.0,250.0,Hyosung
8374,116600.0,Pune,50000.0,1.0,7.0,500.0,Royal Enfield
8375,60000.0,Mumbai,16971.0,1.0,5.0,220.0,Bajaj
8376,120601.0,Delhi,19631.0,2.0,4.0,400.0,Bajaj
8377,70000.0,Jodhpur,7500.0,1.0,5.0,150.0,Suzuki
8378,131000.0,Hyderabad,14379.0,1.0,3.0,150.0,Yamaha
8379,58000.0,Delhi,21853.0,1.0,7.0,150.0,Yamaha
8380,15000.0,Tiruvallur,35000.0,1.0,13.0,100.0,Hero
8381,70000.0,Mumbai,12679.0,1.0,3.0,150.0,Suzuki
8382,13000.0,Jamnagar,24780.0,1.0,14.0,150.0,Bajaj
8383,33000.0,Bangalore,20210.0,1.0,8.0,110.0,TVS
8384,110000.0,Delhi,6000.0,1.0,3.0,200.0,TVS
8385,46000.0,Mumbai,16298.0,1.0,4.0,100.0,Hero
8386,55000.0,Surat,18496.0,1.0,5.0,220.0,Bajaj
8387,75000.0,Gurgaon,30687.0,1.0,14.0,350.0,Royal Enfield
8388,70000.0,Rajkot,6740.0,1.0,4.0,150.0,Suzuki
8389,36000.0,Hyderabad,574.0,1.0,8.0,220.0,Bajaj
8390,75000.0,Delhi,17924.0,2.0,11.0,500.0,Royal Enfield
8391,90000.0,Hyderabad,10000.0,1.0,7.0,223.0,Hero
8392,28000.0,Chennai,23452.0,1.0,11.0,150.0,Yamaha
8393,24500.0,Ludhiana,58699.0,1.0,8.0,135.0,Bajaj
8394,20000.0,Agra,20000.0,1.0,11.0,135.0,Bajaj
8395,12000.0,Noida,45000.0,1.0,15.0,150.0,TVS
8396,150000.0,Mathura,17000.0,,4.0,500.0,Royal Enfield
8397,45000.0,Chennai,18742.0,1.0,6.0,150.0,Yamaha
8398,43000.0,Bangalore,42837.0,1.0,8.0,150.0,Honda
8399,55000.0,Rupnagar,27000.0,1.0,9.0,150.0,Yamaha
8400,11900.0,Noida,34968.0,1.0,14.0,150.0,Hero
8401,1100000.0,Mumbai,6000.0,1.0,7.0,1000.0,Kawasaki
8402,22000.0,Ranip,30000.0,2.0,4.0,100.0,Bajaj
8403,45000.0,Mumbai,32035.0,1.0,10.0,150.0,Yamaha
8404,119999.0,Patna,28916.0,1.0,5.0,350.0,Royal Enfield
8405,99735.0,Pune,20946.0,1.0,4.0,200.0,Bajaj
8406,76000.0,Delhi,11424.0,1.0,5.0,150.0,Yamaha
8407,23000.0,Delhi,57682.0,1.0,8.0,125.0,Honda
8408,59000.0,Delhi,7345.0,1.0,4.0,160.0,Honda
8409,120000.0,Delhi,3626.0,1.0,4.0,350.0,Royal Enfield
8410,70000.0,Chennai,19500.0,1.0,5.0,180.0,TVS
8411,140000.0,Navi Mumbai,10800.0,1.0,6.0,390.0,KTM
8412,23000.0,Delhi,27594.0,1.0,9.0,125.0,Honda
8413,45000.0,Indore,31116.0,1.0,8.0,125.0,Hero
8414,12500.0,Ahmedabad,70403.0,,15.0,100.0,Hero
8415,55000.0,Suri,29500.0,1.0,6.0,150.0,Yamaha
8416,55000.0,Batala,4900.0,1.0,7.0,220.0,Bajaj
8417,115000.0,Challakere,23000.0,2.0,5.0,390.0,KTM
8418,105000.0,Chennai,9240.0,1.0,7.0,350.0,Royal Enfield
8419,20000.0,Chennai,37501.0,1.0,9.0,100.0,Hero
8420,50001.0,Chinchwad,9150.0,1.0,9.0,220.0,Bajaj
8421,35000.0,Asansol,23000.0,1.0,7.0,100.0,Hero
8422,145000.0,Mumbai,10300.0,1.0,4.0,350.0,Royal Enfield
8423,42900.0,Jhansi,5000.0,1.0,3.0,100.0,TVS
8424,25000.0,Jhansi,26000.0,1.0,9.0,100.0,Hero
8425,13000.0,Chennai,37887.0,1.0,13.0,125.0,Honda
8426,95000.0,Hyderabad,26000.0,1.0,6.0,200.0,Bajaj
8427,42000.0,Hyderabad,16500.0,1.0,6.0,100.0,Hero
8428,23000.0,Pune,39000.0,1.0,11.0,125.0,Bajaj
8429,65000.0,Mumbai,23000.0,1.0,5.0,150.0,Bajaj
8432,84300.0,Dhubri,9900.0,1.0,4.0,200.0,Bajaj
8433,92000.0,Noida,16499.0,1.0,4.0,350.0,Royal Enfield
8434,85000.0,Delhi,38000.0,1.0,9.0,350.0,Royal Enfield
8435,30000.0,Gurgaon,47293.0,1.0,5.0,125.0,Honda
8436,105000.0,Delhi,20000.0,1.0,4.0,350.0,Royal Enfield
8437,18000.0,Hyderabad,3869.0,1.0,16.0,100.0,Hero
8438,260000.0,Bhubaneshwar,11000.0,1.0,4.0,300.0,Benelli
8439,61000.0,Ambikapur,16000.0,1.0,3.0,160.0,Honda
8440,70000.0,Agra,13500.0,1.0,4.0,200.0,Bajaj
8441,20000.0,Surat,150000.0,1.0,16.0,100.0,Hero
8442,56000.0,Sonepat,6876.0,1.0,6.0,150.0,Suzuki
8443,30000.0,Deoria,49000.0,2.0,8.0,125.0,Honda
8444,20500.0,Mumbai,51630.0,,11.0,135.0,Bajaj
8445,211000.0,Ahmedabad,5806.0,1.0,6.0,250.0,Hyosung
8446,406600.0,Delhi,10196.0,1.0,5.0,750.0,Harley-Davidson
8447,45000.0,Bangalore,26200.0,2.0,8.0,150.0,Yamaha
8448,75500.0,Kolkata,12400.0,1.0,3.0,160.0,Honda
8449,58000.0,Chennai,18127.0,1.0,10.0,150.0,Yamaha
8450,25000.0,Ahmedabad,46583.0,1.0,12.0,150.0,Honda
8451,80000.0,Gurgaon,18474.0,1.0,6.0,200.0,Bajaj
8452,93000.0,Faridabad,20436.0,1.0,6.0,350.0,Royal Enfield
8453,90000.0,Solan,14060.0,1.0,4.0,150.0,Yamaha
8454,780000.0,Tiruvallur,13000.0,1.0,4.0,1200.0,Harley-Davidson
8455,125000.0,Mumbai,5264.0,1.0,7.0,500.0,Royal Enfield
8456,20000.0,Delhi,16000.0,1.0,11.0,100.0,Bajaj
8457,124000.0,Delhi,6154.0,1.0,4.0,350.0,Royal Enfield
8458,15000.0,Delhi,34000.0,1.0,20.0,100.0,Hero
8459,22000.0,Delhi,13000.0,1.0,10.0,135.0,Bajaj
8460,17000.0,Delhi,20102.0,1.0,16.0,100.0,Hero
8461,160000.0,Jaipur,8000.0,1.0,5.0,500.0,Royal Enfield
8462,22000.0,Delhi,25000.0,1.0,12.0,135.0,Bajaj
8463,90000.0,Delhi,32000.0,1.0,8.0,350.0,Royal Enfield
8464,20000.0,Delhi,18000.0,1.0,9.0,150.0,Hero
8465,25000.0,Delhi,42777.0,1.0,6.0,100.0,Hero
8466,50000.0,Howrah,7289.0,1.0,3.0,110.0,Honda
8467,44000.0,Delhi,10455.0,1.0,5.0,150.0,Bajaj
8468,28000.0,Patiala,69189.0,1.0,10.0,180.0,Bajaj
8469,23000.0,Pune,9145.0,1.0,18.0,100.0,Hero
8470,25000.0,Delhi,65000.0,1.0,12.0,150.0,Yamaha
8471,18000.0,Chennai,22824.0,1.0,8.0,100.0,Hero
8472,70000.0,Mumbai,8000.0,1.0,5.0,220.0,Bajaj
8473,87000.0,Pune,140.0,1.0,3.0,160.0,Honda
8474,10000.0,Ghaziabad,64955.0,1.0,15.0,150.0,Bajaj
8475,45000.0,Delhi,45710.0,1.0,16.0,350.0,Royal Enfield
8476,26000.0,Delhi,61041.0,1.0,10.0,180.0,TVS
8477,175000.0,Hyderabad,6344.0,1.0,3.0,200.0,KTM
8478,120000.0,Pune,8827.0,1.0,5.0,500.0,Royal Enfield
8479,12000.0,Akot,45000.0,1.0,13.0,100.0,Hero
8480,125000.0,Bangalore,19500.0,1.0,5.0,500.0,Royal Enfield
8481,27500.0,Gurgaon,40000.0,1.0,5.0,100.0,Hero
8482,140000.0,Delhi,12739.0,1.0,3.0,350.0,Royal Enfield
8483,30000.0,Mumbai,43984.0,1.0,10.0,150.0,Hero
8484,36000.0,Mumbai,13532.0,1.0,9.0,150.0,Honda
8485,55000.0,Mumbai,40870.0,1.0,4.0,150.0,Honda
8487,98102.0,Delhi,10923.0,1.0,3.0,150.0,Suzuki
8488,38000.0,Delhi,20765.0,1.0,9.0,200.0,Bajaj
8502,220000.0,Aligarh,2402.0,2.0,3.0,310.0,TVS
8504,180000.0,Surat,13000.0,1.0,6.0,250.0,Kawasaki
8505,360000.0,Gurgaon,63000.0,1.0,9.0,883.0,Harley-Davidson
8506,110000.0,Mumbai,29639.0,1.0,5.0,350.0,Royal Enfield
8507,135000.0,Pune,23688.0,1.0,3.0,350.0,Royal Enfield
8508,75000.0,Mysore,51319.0,1.0,18.0,350.0,Royal Enfield
8509,132000.0,Mumbai,579.0,1.0,2.0,150.0,Yamaha
8510,330000.0,Gurgaon,4241.0,1.0,3.0,310.0,BMW
8511,40085.0,Varanasi,9500.0,1.0,5.0,150.0,Bajaj
8512,32713.0,Gurgaon,43500.0,1.0,12.0,223.0,Hero
8513,550000.0,Mumbai,4764.0,1.0,5.0,883.0,Harley-Davidson
8514,74000.0,Nashik,3000.0,1.0,3.0,220.0,Bajaj
8515,31160.0,Saharanpur,12200.0,1.0,4.0,110.0,TVS
8516,100000.0,Faridabad,10136.0,1.0,6.0,350.0,Royal Enfield
8517,16000.0,Faridabad,24519.0,1.0,9.0,110.0,Yamaha
8518,17998.0,Gurgaon,34879.0,1.0,10.0,125.0,Bajaj
8519,45000.0,Gurgaon,25805.0,1.0,5.0,150.0,Bajaj
8520,16000.0,Delhi,27000.0,1.0,16.0,100.0,Hero
8521,19500.0,Delhi,20000.0,1.0,13.0,135.0,Bajaj
8522,20000.0,Delhi,20328.0,1.0,12.0,125.0,Hero
8523,35000.0,Vadodara,20645.0,1.0,8.0,150.0,Hero
8524,65000.0,Vadodara,13000.0,1.0,8.0,200.0,Bajaj
8525,20000.0,Noida,36000.0,1.0,14.0,223.0,Hero
8526,100000.0,Bangalore,13265.0,1.0,4.0,350.0,Royal Enfield
8527,16600.0,Ahmedabad,8321.0,1.0,12.0,150.0,Bajaj
8528,22000.0,Ahmedabad,33256.0,1.0,12.0,150.0,Bajaj
8529,20000.0,Chennai,30000.0,1.0,11.0,110.0,Bajaj
8530,18000.0,Bangalore,41160.0,1.0,14.0,150.0,TVS
8531,85000.0,Bangalore,40.0,1.0,2.0,200.0,Hero
8532,70000.0,Mumbai,2200.0,1.0,6.0,220.0,Bajaj
8533,20000.0,Chennai,3712.0,1.0,9.0,110.0,TVS
8534,60000.0,Bangalore,13608.0,1.0,5.0,180.0,TVS
8535,48500.0,Dakshina Kannada,37000.0,1.0,5.0,150.0,Bajaj
8540,41000.0,Kolkata,24000.0,1.0,9.0,150.0,Hero
8541,25000.0,Delhi,19225.0,1.0,6.0,100.0,Bajaj
8542,30500.0,Delhi,37000.0,1.0,12.0,150.0,Yamaha
8543,66000.0,Hyderabad,27942.0,1.0,8.0,150.0,Yamaha
8544,36000.0,Chennai,32231.0,1.0,9.0,150.0,Yamaha
8545,29500.0,Alappuzha,54000.0,1.0,11.0,150.0,Yamaha
8546,230000.0,Visakhapatnam,9000.0,1.0,7.0,300.0,Kawasaki
8547,55000.0,Delhi,12500.0,1.0,5.0,220.0,Bajaj
8548,105900.0,Mumbai,29700.0,1.0,6.0,350.0,Royal Enfield
8549,150100.0,Pune,22000.0,1.0,6.0,390.0,KTM
8550,16000.0,Jaipur,80981.0,1.0,12.0,125.0,Honda
8551,32000.0,Mumbai,68543.0,,15.0,100.0,Hero
8552,27000.0,Mumbai,89454.0,,17.0,125.0,Honda
8553,15000.0,Bangalore,72367.0,1.0,15.0,180.0,Bajaj
8554,32000.0,Delhi,17659.0,1.0,9.0,223.0,Hero
8555,115000.0,Bangalore,23931.0,1.0,4.0,400.0,Bajaj
8556,79900.0,Delhi,8347.0,1.0,4.0,200.0,Bajaj
8557,50000.0,Chennai,40500.0,1.0,5.0,160.0,Honda
8558,27500.0,Ahmedabad,40000.0,1.0,9.0,220.0,Bajaj
8559,35000.0,Bally,4750.0,1.0,9.0,150.0,Hero
8560,18000.0,Bhiwandi,30000.0,1.0,15.0,100.0,Hero
8561,190000.0,Mumbai,4500.0,1.0,5.0,390.0,KTM
8562,46000.0,Ahmedabad,9235.0,1.0,3.0,110.0,TVS
8563,101001.0,Ahmedabad,28000.0,1.0,8.0,500.0,Royal Enfield
8564,80000.0,Ahmedabad,28097.0,1.0,10.0,350.0,Royal Enfield
8565,75000.0,Ahmedabad,22805.0,1.0,8.0,350.0,Royal Enfield
8566,65000.0,Ahmedabad,39838.0,1.0,20.0,350.0,Royal Enfield
8567,40000.0,Bangalore,8713.0,1.0,5.0,135.0,Bajaj
8568,100000.0,Faridabad,17652.0,1.0,5.0,200.0,Bajaj
8569,140000.0,Delhi,400.0,1.0,4.0,350.0,Royal Enfield
8570,281000.0,Nagpur,12000.0,1.0,7.0,650.0,Hyosung
8571,50000.0,Hissar,658.0,2.0,4.0,223.0,Hero
8572,72000.0,Kolkata,50.0,1.0,4.0,150.0,Hero
8573,450000.0,Jalandhar,2000.0,1.0,5.0,750.0,Harley-Davidson
8574,28000.0,Ahmedabad,27555.0,1.0,6.0,125.0,Bajaj
8575,62000.0,Bangalore,16030.0,1.0,5.0,150.0,Bajaj
8576,459877.0,Hyderabad,12118.0,1.0,4.0,650.0,Kawasaki
8577,130000.0,Bangalore,12000.0,1.0,12.0,350.0,Royal Enfield
8578,104000.0,Bangalore,16800.0,1.0,6.0,200.0,KTM
8579,16580.0,Bangalore,62000.0,2.0,15.0,125.0,Hero
8580,25500.0,Jaipur,37827.0,1.0,6.0,110.0,Mahindra
8581,12999.0,Vasai,30000.0,2.0,13.0,100.0,Hero
8582,149000.0,Ranchi,2000.0,1.0,6.0,500.0,Royal Enfield
8583,16000.0,Chennai,19081.0,1.0,12.0,110.0,TVS
8584,28000.0,Gurgaon,31586.0,1.0,8.0,150.0,Yamaha
8585,51200.0,Mumbai,19000.0,1.0,7.0,220.0,Bajaj
8586,50000.0,Mumbai,30000.0,1.0,7.0,220.0,Bajaj
8587,127300.0,Delhi,1400.0,1.0,5.0,350.0,Royal Enfield
8588,20000.0,Delhi,25000.0,1.0,7.0,125.0,Honda
8589,134100.0,Gurgaon,2750.0,1.0,4.0,350.0,Royal Enfield
8590,235000.0,Gurgaon,3943.0,1.0,5.0,320.0,Yamaha
8591,1450000.0,Mumbai,340.0,1.0,3.0,1000.0,Yamaha
8592,157400.0,Ahmedabad,9500.0,1.0,3.0,400.0,Bajaj
8595,95783.0,Mumbai,12975.0,1.0,6.0,350.0,Royal Enfield
8596,90000.0,Mumbai,14300.0,1.0,7.0,350.0,Royal Enfield
8597,90000.0,Mumbai,10000.0,1.0,3.0,350.0,Royal Enfield
8598,120000.0,Bangalore,3689.0,1.0,4.0,200.0,Bajaj
8599,55000.0,Mumbai,3000.0,1.0,4.0,125.0,Honda
8600,55000.0,Mumbai,15200.0,1.0,6.0,160.0,Honda
8601,85000.0,Delhi,32894.0,1.0,5.0,220.0,Bajaj
8602,22000.0,Chennai,44944.0,1.0,9.0,100.0,Bajaj
8603,80000.0,Delhi,17000.0,2.0,8.0,350.0,Royal Enfield
8604,161793.0,Delhi,2330.0,1.0,4.0,500.0,Royal Enfield
8605,131500.0,Delhi,4200.0,1.0,4.0,350.0,Royal Enfield
8606,250430.0,Jabalpur,4300.0,1.0,3.0,390.0,KTM
8607,200000.0,Bhubaneshwar,10600.0,1.0,5.0,320.0,Yamaha
8608,125000.0,Mumbai,5757.0,1.0,5.0,300.0,Mahindra
8609,64000.0,Bangalore,5812.0,1.0,5.0,150.0,Yamaha
8610,43000.0,Hyderabad,70000.0,1.0,11.0,223.0,Hero
8611,125000.0,Mumbai,20986.0,1.0,4.0,350.0,Royal Enfield
8612,40000.0,Shillong,40000.0,2.0,9.0,150.0,Bajaj
8613,35500.0,Delhi,11000.0,2.0,6.0,150.0,Bajaj
8614,34500.0,Bareilly,22000.0,,7.0,220.0,Bajaj
8615,83000.0,Lucknow,5000.0,1.0,3.0,220.0,Bajaj
8616,20000.0,Faridabad,2562.0,1.0,10.0,100.0,Hero
8617,39000.0,Noida,16000.0,1.0,6.0,100.0,Hero
8618,17000.0,Delhi,21243.0,1.0,14.0,135.0,Bajaj
8619,40000.0,Vasai,11500.0,1.0,7.0,150.0,Bajaj
8620,19000.0,Chennai,22783.0,1.0,10.0,150.0,Yamaha
8621,15000.0,Rajkot,28000.0,1.0,12.0,180.0,Bajaj
8622,56789.0,Delhi,20000.0,1.0,6.0,200.0,Bajaj
8623,90000.0,Delhi,46588.0,2.0,7.0,350.0,Royal Enfield
8624,30000.0,Hyderabad,41230.0,1.0,10.0,100.0,Hero
8625,57000.0,Nagpur,23500.0,1.0,5.0,150.0,Bajaj
8626,45000.0,Kanchipuram,32800.0,1.0,7.0,150.0,Yamaha
8627,23300.0,Nellore,32000.0,2.0,10.0,150.0,Bajaj
8628,65000.0,Gurgaon,40000.0,1.0,12.0,500.0,Royal Enfield
8629,21000.0,Gurgaon,29057.0,1.0,10.0,150.0,Bajaj
8630,35000.0,Thane,21124.0,1.0,6.0,150.0,Yamaha
8631,400000.0,Faridabad,7400.0,1.0,6.0,750.0,Harley-Davidson
8632,45900.0,Mumbai,40000.0,1.0,6.0,160.0,Honda
8633,29000.0,Mumbai,57687.0,2.0,9.0,125.0,Honda
8634,22000.0,Chennai,42300.0,1.0,11.0,150.0,Bajaj
8635,21000.0,Coimbatore,49309.0,1.0,13.0,125.0,Yamaha
8636,27500.0,Bhatinda,16930.0,1.0,8.0,150.0,Yamaha
8637,799000.0,Delhi,15000.0,1.0,11.0,1000.0,Honda
8638,120000.0,Chennai,28000.0,1.0,6.0,500.0,Royal Enfield
8645,250000.0,Pune,2730.0,1.0,2.0,390.0,KTM
8646,125000.0,Pune,18580.0,,6.0,390.0,KTM
8649,45000.0,Bangalore,48206.0,1.0,5.0,150.0,Suzuki
8650,20000.0,Bangalore,34623.0,2.0,7.0,180.0,Bajaj
8651,53300.0,Hyderabad,19853.0,1.0,5.0,150.0,Bajaj
8652,22100.0,Ghaziabad,21500.0,1.0,9.0,150.0,Honda
8653,80000.0,Mumbai,15550.0,1.0,3.0,160.0,Honda
8657,41000.0,Kolkata,12000.0,1.0,4.0,135.0,Bajaj
8658,12000.0,Gurgaon,81900.0,1.0,16.0,150.0,Honda
8659,67000.0,Pune,40000.0,2.0,22.0,350.0,Royal Enfield
8660,180000.0,Pune,6900.0,1.0,5.0,390.0,KTM
8661,135000.0,Pune,8823.0,1.0,5.0,390.0,KTM
8663,421000.0,Rajkot,2400.0,2.0,7.0,883.0,Harley-Davidson
8664,16000.0,Una,20000.0,1.0,11.0,150.0,Yamaha
8665,30000.0,Aurangabad,33000.0,1.0,9.0,100.0,Hero
8666,30000.0,Ghaziabad,25528.0,1.0,7.0,150.0,Bajaj
8667,35000.0,Delhi,27000.0,1.0,6.0,150.0,Bajaj
8668,35000.0,Noida,16695.0,1.0,6.0,150.0,Bajaj
8669,10000.0,Mumbai,27228.0,1.0,16.0,150.0,Bajaj
8670,100000.0,Delhi,13190.0,1.0,4.0,350.0,Royal Enfield
8673,50000.0,Gurgaon,28332.0,1.0,8.0,200.0,Bajaj
8674,80000.0,Visakhapatnam,4500.0,1.0,4.0,310.0,TVS
8675,120000.0,Nashik,19000.0,1.0,5.0,350.0,Royal Enfield
8676,92000.0,Ludhiana,23569.0,,7.0,500.0,Royal Enfield
8677,70000.0,Meerut,28000.0,1.0,4.0,200.0,Bajaj
8678,49000.0,Mumbai,36065.0,1.0,5.0,200.0,Bajaj
8679,40000.0,Gautam Buddha Nagar,25049.0,1.0,8.0,110.0,Hero
8680,116800.0,Delhi,17662.0,1.0,5.0,350.0,Royal Enfield
8681,47000.0,Moradabad,17000.0,2.0,5.0,150.0,Bajaj
8682,120000.0,Jaipur,51791.0,1.0,6.0,250.0,Hyosung
8683,20000.0,Gurgaon,84384.0,1.0,13.0,180.0,Bajaj
8684,141500.0,Chennai,4285.0,1.0,4.0,400.0,Bajaj
8685,16800.0,Jhansi,35000.0,2.0,13.0,100.0,Hero
8686,24200.0,Jhansi,30000.0,1.0,9.0,150.0,Bajaj
8687,19800.0,Jhansi,35000.0,1.0,12.0,150.0,Bajaj
8688,72000.0,Gurgaon,28045.0,1.0,5.0,220.0,Bajaj
8689,28000.0,Pune,109521.0,1.0,10.0,150.0,Bajaj
8690,50000.0,Delhi,23662.0,2.0,7.0,200.0,Bajaj
8691,120000.0,Gurgaon,11786.0,1.0,4.0,300.0,Mahindra
8692,31000.0,Gurgaon,33548.0,1.0,10.0,125.0,Hero
8693,142000.0,Delhi,233.0,1.0,2.0,250.0,Yamaha
8694,35000.0,Bangalore,36273.0,1.0,8.0,150.0,Bajaj
8695,22000.0,Ludhiana,47470.0,1.0,13.0,100.0,Hero
8696,85000.0,Delhi,8650.0,1.0,6.0,150.0,Yamaha
8697,90000.0,Gurgaon,179.0,2.0,5.0,200.0,Bajaj
8698,55000.0,Mumbai,17157.0,1.0,5.0,150.0,Bajaj
8699,125000.0,Pune,8500.0,1.0,5.0,200.0,Bajaj
8700,17500.0,Bangalore,31100.0,1.0,15.0,100.0,Hero
8701,14000.0,Vadodara,30243.0,1.0,13.0,100.0,Bajaj
8702,50000.0,24 Pargana,11000.0,2.0,5.0,160.0,Honda
8703,22000.0,Jamnagar,13416.0,1.0,17.0,150.0,Honda
8704,125000.0,Jalandhar,21000.0,1.0,13.0,350.0,Royal Enfield
8705,18000.0,Chennai,15372.0,1.0,10.0,150.0,Yamaha
8706,17000.0,Chennai,39500.0,1.0,11.0,135.0,Bajaj
8707,17000.0,Chennai,28408.0,1.0,12.0,150.0,TVS
8708,90000.0,Jaipur,34548.0,1.0,7.0,350.0,Royal Enfield
8709,83000.0,Vadodara,24800.0,1.0,7.0,350.0,Royal Enfield
8710,30000.0,Yamuna Nagar,16000.0,1.0,11.0,180.0,Bajaj
8711,125000.0,Mumbai,47757.0,1.0,4.0,350.0,Royal Enfield
8714,51000.0,Guwahati,10800.0,1.0,4.0,125.0,Honda
8715,17300.0,Jhansi,35000.0,1.0,10.0,100.0,TVS
8719,65000.0,Ghaziabad,28300.0,1.0,12.0,350.0,Royal Enfield
8720,33700.0,Jhansi,15000.0,1.0,5.0,100.0,Hero
8721,85000.0,Chandigarh,6500.0,1.0,5.0,200.0,Bajaj
8722,30000.0,Bangalore,68000.0,1.0,9.0,220.0,Bajaj
8728,18000.0,Pune,46300.0,1.0,15.0,150.0,Bajaj
8729,20000.0,Pune,61991.0,1.0,15.0,150.0,Bajaj
8731,80000.0,Nashik,2000.0,1.0,4.0,150.0,Bajaj
8732,22000.0,Mumbai,41214.0,1.0,8.0,150.0,Bajaj
8740,100000.0,Pune,23378.0,1.0,5.0,350.0,Royal Enfield
8741,135000.0,Rohtak,6850.0,1.0,3.0,500.0,Royal Enfield
8742,95000.0,Rohtak,5000.0,2.0,4.0,200.0,Bajaj
8743,19500.0,Jaipur,20493.0,1.0,15.0,125.0,Hero
8744,60000.0,Kolkata,19865.0,1.0,4.0,220.0,Bajaj
8745,75000.0,Visakhapatnam,22088.0,1.0,8.0,200.0,KTM
8746,18000.0,Delhi,23641.0,1.0,10.0,135.0,Bajaj
8747,650000.0,Delhi,1900.0,1.0,5.0,883.0,Harley-Davidson
8748,33000.0,Mumbai,78000.0,1.0,10.0,150.0,Honda
8749,52000.0,Ahmedabad,22000.0,1.0,6.0,160.0,TVS
8750,80000.0,Bangalore,56478.0,1.0,9.0,350.0,Royal Enfield
8751,55000.0,Dehradun,45000.0,1.0,6.0,220.0,Bajaj
8752,88000.0,Pune,6151.0,1.0,9.0,350.0,Royal Enfield
8753,99999.0,Pune,42303.0,2.0,26.0,350.0,Royal Enfield
8754,58600.0,Dehradun,10000.0,1.0,5.0,220.0,Bajaj
8755,32000.0,Pune,39632.0,1.0,6.0,150.0,Bajaj
8756,47500.0,Mumbai,50000.0,1.0,23.0,135.0,Yamaha
8759,74000.0,Mumbai,8667.0,1.0,3.0,160.0,TVS
8760,47500.0,Mumbai,12227.0,1.0,6.0,150.0,Yamaha
8761,60000.0,Bangalore,13115.0,1.0,6.0,150.0,Yamaha
8762,38000.0,Pune,35000.0,1.0,6.0,100.0,Hero
8763,90000.0,Mumbai,9780.0,1.0,4.0,250.0,Yamaha
8764,35000.0,Sholapur,49000.0,1.0,7.0,150.0,Hero
8765,32000.0,Delhi,18000.0,1.0,9.0,223.0,Hero
8766,169999.0,Jamnagar,11500.0,1.0,5.0,500.0,Royal Enfield
8767,30000.0,Delhi,23000.0,1.0,7.0,125.0,Honda
8775,90000.0,Ambala,8986.0,1.0,7.0,250.0,Honda
8776,120000.0,Delhi,3059.0,1.0,6.0,250.0,Honda
8777,47500.0,Mumbai,12546.0,1.0,5.0,125.0,Honda
8783,30000.0,Osmanabad,80000.0,1.0,10.0,150.0,Honda
8784,84000.0,Bangalore,7380.0,1.0,5.0,220.0,Bajaj
8785,76900.0,Bangalore,12000.0,1.0,5.0,220.0,Bajaj
8786,52000.0,Bangalore,16105.0,2.0,5.0,220.0,Bajaj
8787,65000.0,Bangalore,10330.0,1.0,4.0,220.0,Bajaj
8788,24000.0,Faridabad,12714.0,1.0,8.0,125.0,Bajaj
8790,70000.0,Mumbai,33144.0,1.0,14.0,350.0,Royal Enfield
8791,21305.0,Ahmedabad,60000.0,,11.0,220.0,Bajaj
8799,98000.0,Pali,4500.0,1.0,3.0,200.0,TVS
8800,40000.0,Kendua,28000.0,1.0,9.0,150.0,Bajaj
8801,22500.0,Delhi,17000.0,1.0,13.0,110.0,Yamaha
8802,50000.0,Delhi,22000.0,1.0,6.0,200.0,Bajaj
8806,32000.0,Gautam Buddha Nagar,60252.0,1.0,10.0,150.0,Hero
8807,54000.0,Delhi,20631.0,1.0,12.0,350.0,Royal Enfield
8808,50000.0,Hyderabad,35053.0,1.0,5.0,150.0,Suzuki
8809,20000.0,Delhi,43358.0,1.0,10.0,100.0,Hero
8810,25000.0,Gurgaon,53575.0,1.0,11.0,125.0,Yamaha
8811,150000.0,Bangalore,6410.0,1.0,4.0,350.0,Royal Enfield
8812,25000.0,Delhi,15098.0,2.0,9.0,110.0,Honda
8813,130000.0,Pune,27370.0,1.0,6.0,350.0,Royal Enfield
8814,23000.0,Chandigarh,28795.0,1.0,8.0,125.0,Honda
8815,52096.0,Bhatinda,58870.0,2.0,9.0,150.0,Yamaha
8816,32000.0,Noida,22580.0,2.0,4.0,110.0,Mahindra
8817,40000.0,Mumbai,22295.0,1.0,8.0,220.0,Bajaj
8818,120000.0,Jaipur,32814.0,2.0,8.0,500.0,Royal Enfield
8819,18500.0,Ahmedabad,68000.0,1.0,12.0,135.0,Bajaj
8820,60000.0,Pune,15235.0,1.0,5.0,150.0,Bajaj
8821,38000.0,Delhi,48000.0,2.0,9.0,150.0,Yamaha
8822,110000.0,Pune,8736.0,1.0,3.0,150.0,Yamaha
8823,105000.0,Chennai,22253.0,2.0,6.0,500.0,Royal Enfield
8824,400000.0,Bijnor,18000.0,2.0,9.0,883.0,Harley-Davidson
8825,130000.0,Gurgaon,18832.0,1.0,4.0,350.0,Royal Enfield
8826,42000.0,Delhi,13000.0,2.0,5.0,180.0,Bajaj
8827,73000.0,Hyderabad,17250.0,1.0,4.0,160.0,Honda
8828,39200.0,Faridabad,12000.0,1.0,4.0,110.0,Hero
8829,70000.0,Delhi,23463.0,1.0,4.0,200.0,TVS
8830,150000.0,Bangalore,141644.0,1.0,11.0,500.0,Royal Enfield
8831,31074.0,Anantapur,49100.0,1.0,7.0,150.0,Bajaj
8832,20000.0,Kanchipuram,25000.0,1.0,9.0,150.0,Yamaha
8833,125000.0,Pune,14480.0,1.0,9.0,500.0,Royal Enfield
8834,125000.0,Kanchipuram,13000.0,1.0,6.0,500.0,Royal Enfield
8835,45000.0,Mumbai,46000.0,1.0,6.0,160.0,Honda
8836,170200.0,Mumbai,1000.0,1.0,2.0,350.0,Royal Enfield
8837,50000.0,Mumbai,15032.0,1.0,8.0,180.0,Bajaj
8838,30000.0,Gohana,20500.0,1.0,6.0,100.0,Hero
8839,160000.0,Noida,1754.0,1.0,4.0,500.0,Royal Enfield
8840,75000.0,Gandhinagar,28366.0,1.0,5.0,150.0,Honda
8841,40000.0,Thane,25010.0,1.0,6.0,180.0,Bajaj
8842,45000.0,Jabalpur,50000.0,1.0,7.0,180.0,TVS
8843,215000.0,Mumbai,18277.0,1.0,5.0,300.0,Benelli
8844,103300.0,Hyderabad,20000.0,1.0,6.0,200.0,Bajaj
8864,129600.0,Pune,4266.0,1.0,3.0,150.0,Yamaha
8865,110000.0,Bangalore,35006.0,1.0,5.0,500.0,Royal Enfield
8866,53000.0,Navi Mumbai,15000.0,1.0,6.0,220.0,Bajaj
8867,85000.0,Bangalore,37301.0,1.0,6.0,200.0,Bajaj
8868,100000.0,Bangalore,17000.0,1.0,5.0,350.0,Royal Enfield
8869,85000.0,Ghaziabad,18894.0,1.0,11.0,350.0,Royal Enfield
8870,140900.0,Hooghly,29416.0,1.0,5.0,390.0,KTM
8871,120000.0,Pune,6671.0,1.0,3.0,250.0,Yamaha
8872,90000.0,Uran,15000.0,1.0,4.0,200.0,Bajaj
8873,29000.0,Mumbai,48500.0,1.0,10.0,200.0,Bajaj
8874,31000.0,Jaunpur,61000.0,1.0,7.0,150.0,Bajaj
8875,18000.0,Vadodara,2616.0,1.0,12.0,110.0,Yamaha
8876,65000.0,Rajkot,18000.0,,8.0,150.0,Yamaha
8877,42000.0,Bangalore,34502.0,2.0,7.0,220.0,Bajaj
8878,55000.0,Belgaum,13000.0,1.0,5.0,220.0,Bajaj
8879,20000.0,Bangalore,29051.0,2.0,14.0,150.0,Bajaj
8880,81000.0,Gurgaon,8759.0,1.0,3.0,200.0,Bajaj
8881,60000.0,Visakhapatnam,19351.0,1.0,5.0,220.0,Bajaj
8882,27500.0,Noida,71496.0,1.0,11.0,180.0,Bajaj
8883,120000.0,Mumbai,4442.0,1.0,2.0,200.0,TVS
8884,45000.0,Gurgaon,8161.0,1.0,4.0,125.0,Hero
8906,35000.0,Bangalore,34400.0,1.0,11.0,180.0,Bajaj
8907,145000.0,Moradabad,350.0,1.0,4.0,200.0,Bajaj
8908,34000.0,Bhopal,40000.0,1.0,9.0,125.0,Honda
8909,23000.0,Chennai,34000.0,2.0,11.0,160.0,TVS
8910,55000.0,Faridabad,35000.0,1.0,7.0,200.0,Bajaj
8911,18000.0,Chennai,253621.0,1.0,11.0,100.0,Hero
8912,16000.0,Chennai,33474.0,1.0,12.0,100.0,Hero
8913,25000.0,Hisar,65000.0,1.0,7.0,180.0,Bajaj
8914,90000.0,Chennai,16000.0,1.0,5.0,150.0,Yamaha
8915,36000.0,Bhopal,9131.0,1.0,6.0,125.0,Bajaj
8916,25000.0,Bhopal,28000.0,1.0,10.0,125.0,Honda
8917,50000.0,Ludhiana,14818.0,1.0,6.0,160.0,TVS
8918,22000.0,Chennai,40328.0,1.0,8.0,125.0,Bajaj
8919,78000.0,Bangalore,20880.0,1.0,5.0,160.0,Honda
8920,80000.0,Chennai,27428.0,1.0,7.0,200.0,KTM
8921,110000.0,Jaipur,25232.0,1.0,5.0,200.0,Bajaj
8922,15000.0,Bhiwani,45000.0,2.0,13.0,135.0,Bajaj
8923,98000.0,Bangalore,23000.0,1.0,7.0,350.0,Royal Enfield
8924,51000.0,Jaipur,23000.0,2.0,6.0,160.0,TVS
8925,16000.0,Chennai,26512.0,2.0,16.0,100.0,Hero
8926,72000.0,Moradabad,36000.0,2.0,13.0,350.0,Royal Enfield
8927,25000.0,Jodhpur,17100.0,2.0,8.0,100.0,Bajaj
8928,32000.0,Lucknow,41585.0,2.0,9.0,100.0,Bajaj
8929,30000.0,Palamu,40000.0,2.0,5.0,125.0,Hero
8930,49000.0,Bangalore,40000.0,2.0,7.0,220.0,Bajaj
8931,65000.0,Jaipur,9870.0,1.0,6.0,180.0,Bajaj
8932,90000.0,Delhi,6000.0,1.0,7.0,350.0,Royal Enfield
8933,21000.0,Chennai,16000.0,1.0,11.0,100.0,Hero
8934,33500.0,Jaipur,40000.0,1.0,9.0,150.0,Yamaha
8935,46500.0,Ludhiana,3500.0,1.0,4.0,110.0,Honda
8936,29999.0,Vadodara,28000.0,1.0,13.0,200.0,Bajaj
8937,58100.0,Hyderabad,16000.0,1.0,5.0,150.0,Bajaj
8938,22000.0,Ludhiana,16000.0,1.0,9.0,125.0,Honda
8939,17000.0,Cuttack,84559.0,1.0,16.0,100.0,Hero
8940,22000.0,Delhi,21049.0,1.0,12.0,100.0,Hero
8941,15500.0,Chandigarh,51000.0,1.0,15.0,100.0,Hero
8942,20000.0,Cuttack,39727.0,1.0,8.0,100.0,Bajaj
8943,20000.0,Chennai,16036.0,1.0,7.0,100.0,Bajaj
8944,38000.0,Kalyan,11544.0,1.0,9.0,220.0,Bajaj
8945,18000.0,Chennai,34589.0,1.0,9.0,125.0,Bajaj
8946,15000.0,Chennai,48283.0,1.0,15.0,150.0,Bajaj
8947,16000.0,Chennai,24500.0,1.0,9.0,100.0,Bajaj
8948,100000.0,Chennai,18300.0,1.0,8.0,500.0,Royal Enfield
8949,17000.0,Cuttack,35382.0,1.0,17.0,100.0,Hero
8950,29500.0,Vadodara,24000.0,1.0,6.0,110.0,Mahindra
8951,90000.0,Howrah,5026.0,1.0,5.0,200.0,Bajaj
8952,32000.0,Solapur,40000.0,1.0,10.0,150.0,Bajaj
8953,18000.0,Cuttack,45000.0,1.0,13.0,150.0,Bajaj
8954,80000.0,Delhi,12000.0,1.0,5.0,200.0,TVS
8955,125000.0,Hyderabad,35000.0,1.0,9.0,250.0,Honda
8956,74000.0,Delhi,856.0,1.0,4.0,150.0,Bajaj
8957,24000.0,Chennai,16138.0,1.0,7.0,100.0,Hero
8958,24000.0,Chennai,13654.0,1.0,7.0,100.0,Hero
8959,22000.0,Ludhiana,9063.0,1.0,10.0,100.0,Hero
8960,54000.0,Thane,17000.0,1.0,5.0,125.0,Honda
8961,65000.0,Mumbai,22000.0,1.0,10.0,150.0,Yamaha
8962,32000.0,Bhopal,20000.0,1.0,7.0,100.0,Hero
8963,108000.0,Bodhan,13400.0,1.0,6.0,200.0,Bajaj
8964,32999.0,Jaipur,28000.0,1.0,8.0,150.0,Bajaj
8965,30000.0,Pune,49000.0,1.0,11.0,100.0,Hero
8966,175000.0,Bhubaneswar,6800.0,1.0,5.0,390.0,KTM
8967,15000.0,Chennai,74999.0,1.0,12.0,125.0,Honda
8968,34000.0,Chennai,34733.0,1.0,11.0,200.0,Bajaj
8969,28000.0,Delhi,25999.0,1.0,6.0,110.0,TVS
8970,37000.0,Delhi,22500.0,1.0,10.0,223.0,Hero
8971,150000.0,Dharwar,9800.0,1.0,5.0,200.0,KTM
8972,25000.0,Delhi,9000.0,1.0,11.0,100.0,Hero
8973,25000.0,Delhi,10000.0,1.0,7.0,110.0,Suzuki
8974,165000.0,Pune,26000.0,1.0,5.0,390.0,KTM
8975,105000.0,Raiganj,5400.0,1.0,4.0,200.0,TVS
8976,125000.0,Delhi,4500.0,1.0,7.0,390.0,KTM
8977,23000.0,Chennai,36105.0,1.0,8.0,100.0,Bajaj
8978,17000.0,Ludhiana,14821.0,1.0,9.0,100.0,Bajaj
8979,70000.0,Mumbai,4900.0,1.0,5.0,150.0,Bajaj
8980,75000.0,Bangalore,7500.0,1.0,5.0,220.0,Bajaj
8981,55000.0,Mumbai,18000.0,1.0,6.0,220.0,Bajaj
8982,25000.0,Satna,38000.0,1.0,7.0,150.0,Bajaj
8983,58000.0,Mumbai,6000.0,1.0,5.0,150.0,Suzuki
8984,140000.0,Raigarh(mh),11100.0,1.0,6.0,390.0,KTM
8985,30000.0,Ludhiana,6000.0,1.0,8.0,100.0,Hero
8986,40000.0,Jaipur,11572.0,1.0,6.0,110.0,Mahindra
8987,53000.0,Jaipur,20000.0,1.0,6.0,150.0,Bajaj
8988,17500.0,Chennai,50000.0,1.0,11.0,100.0,Bajaj
8989,20000.0,Bhilai Nagar,2000.0,1.0,12.0,125.0,Bajaj
8990,32000.0,Lucknow,16800.0,1.0,9.0,100.0,Bajaj
8991,25000.0,Nadiad,36400.0,1.0,16.0,125.0,Honda
8992,21000.0,Gandhinagar,70600.0,1.0,25.0,100.0,Hero
8993,53000.0,Jaipur,23890.0,1.0,7.0,150.0,Bajaj
8994,21500.0,Chennai,24634.0,1.0,11.0,100.0,Hero
8995,22000.0,Chennai,43000.0,1.0,10.0,100.0,Hero
8996,90000.0,Arrah,12000.0,1.0,6.0,350.0,Royal Enfield
8997,24000.0,Jabalpur,266028.0,1.0,10.0,160.0,TVS
8998,55000.0,Katihar,379.0,1.0,4.0,125.0,Hero
8999,65000.0,Bangalore,25000.0,1.0,7.0,220.0,Bajaj
9000,95000.0,Jind,5500.0,1.0,5.0,150.0,Yamaha
9001,125000.0,Chennai,13500.0,1.0,7.0,500.0,Royal Enfield
9002,38000.0,Karnal,19000.0,1.0,7.0,150.0,Bajaj
9003,35000.0,Karnal,25000.0,1.0,6.0,125.0,Honda
9004,34000.0,Jabalpur,12525.0,1.0,8.0,100.0,Hero
9005,52000.0,Delhi,16016.0,1.0,6.0,150.0,Bajaj
9006,53000.0,Delhi,12431.0,1.0,5.0,150.0,Bajaj
9007,65000.0,Delhi,29359.0,1.0,18.0,350.0,Royal Enfield
9008,20000.0,Delhi,28054.0,1.0,13.0,150.0,Bajaj
9009,60000.0,Karnal,14000.0,1.0,5.0,150.0,Bajaj
9010,99500.0,Delhi,20000.0,1.0,7.0,350.0,Royal Enfield
9011,150000.0,Delhi,4900.0,1.0,5.0,200.0,KTM
9012,115000.0,Chennai,19000.0,1.0,6.0,350.0,Royal Enfield
9013,35000.0,Baloda,20000.0,1.0,16.0,125.0,Honda
9014,15000.0,Budhlada,61200.0,1.0,12.0,100.0,Bajaj
9015,24500.0,Ahmedabad,29407.0,1.0,11.0,100.0,Hero
9016,28500.0,Delhi,13608.0,1.0,8.0,100.0,Hero
9017,52000.0,Ludhiana,10065.0,1.0,6.0,180.0,Bajaj
9018,70000.0,Bangalore,12600.0,1.0,5.0,150.0,Bajaj
9019,28000.0,Indore,40543.0,1.0,12.0,100.0,Hero
9020,80000.0,Mumbai,14000.0,1.0,12.0,350.0,Royal Enfield
9021,130000.0,Adyar,16000.0,1.0,6.0,200.0,KTM
9022,65000.0,Delhi,10000.0,1.0,5.0,150.0,Bajaj
9023,20000.0,Muzaffarpur,55000.0,1.0,17.0,100.0,Hero
9024,84000.0,Hyderabad,73.0,1.0,4.0,150.0,Bajaj
9025,40000.0,Pondicherry,5000.0,1.0,6.0,125.0,Suzuki
9026,17500.0,Coimbatore,54345.0,2.0,10.0,100.0,Bajaj
9027,36000.0,Delhi,14500.0,2.0,8.0,150.0,Yamaha
9028,23000.0,Anantnag,2009.0,4.0,12.0,100.0,Hero
9029,14000.0,Jaipur,50000.0,2.0,19.0,100.0,Hero
9030,16500.0,Chennai,45000.0,1.0,11.0,110.0,Honda
9031,22000.0,Rajkot,15000.0,1.0,13.0,100.0,Hero
9032,21101.0,Rajkot,20000.0,1.0,24.0,100.0,Hero
9033,20000.0,Gurgaon,33150.0,1.0,5.0,100.0,Bajaj
9034,95000.0,Mumbai,20000.0,1.0,6.0,200.0,KTM
9035,22000.0,Delhi,20700.0,2.0,11.0,180.0,Bajaj
9036,22000.0,Jaipur,10000.0,1.0,8.0,100.0,Bajaj
9070,140000.0,Berhampore,2600.0,1.0,6.0,200.0,KTM
9071,44000.0,Hyderabad,15500.0,1.0,6.0,100.0,Hero
9072,41000.0,Delhi,13800.0,1.0,5.0,125.0,Hero
9073,17000.0,Chennai,30700.0,1.0,13.0,100.0,Hero
9074,19000.0,Dwarka,35000.0,1.0,9.0,100.0,Hero
9075,18000.0,Cuttack,70000.0,1.0,17.0,100.0,Hero
9076,16000.0,Chennai,53520.0,1.0,9.0,110.0,TVS
9077,25000.0,Chennai,51697.0,1.0,8.0,100.0,Bajaj
9078,28000.0,Chennai,23690.0,1.0,8.0,100.0,Hero
9079,26000.0,Chennai,28000.0,1.0,9.0,100.0,Hero
9080,22000.0,Chennai,38074.0,1.0,8.0,150.0,Hero
9081,18000.0,Chennai,93901.0,1.0,8.0,100.0,Bajaj
9082,21000.0,Chennai,97000.0,1.0,11.0,150.0,Honda
9083,32000.0,Chennai,45000.0,1.0,7.0,100.0,Hero
9084,18000.0,Chennai,92466.0,1.0,9.0,110.0,TVS
9085,21000.0,Chennai,91311.0,1.0,11.0,150.0,Honda
9087,30000.0,Jaipur,53000.0,1.0,10.0,100.0,Hero
9088,22000.0,Chennai,17308.0,1.0,10.0,100.0,Hero
9089,17500.0,Chennai,54889.0,1.0,12.0,135.0,Bajaj
9090,30000.0,Bangalore,18500.0,1.0,9.0,100.0,Bajaj
9091,16000.0,Chennai,20238.0,1.0,10.0,110.0,TVS
9092,37000.0,Chennai,14993.0,1.0,6.0,125.0,Honda
9093,20000.0,Chennai,14423.0,1.0,10.0,100.0,Hero
9094,45000.0,Chennai,8903.0,1.0,8.0,220.0,Bajaj
9095,35000.0,Jaipur,36283.0,1.0,7.0,100.0,Hero
9096,30000.0,Chennai,45991.0,1.0,7.0,125.0,Honda
9097,22000.0,Chennai,51940.0,1.0,9.0,100.0,Hero
9098,18000.0,Chennai,50000.0,1.0,11.0,100.0,Hero
9099,26000.0,Chennai,81414.0,1.0,7.0,100.0,Hero
9100,20000.0,Chennai,2584.0,1.0,11.0,100.0,Hero
9101,22000.0,Chennai,62867.0,1.0,9.0,135.0,Bajaj
9138,25000.0,Chennai,3762.0,1.0,10.0,100.0,Hero
9139,50000.0,Chennai,32461.0,1.0,6.0,150.0,Yamaha
9140,20000.0,Chennai,78394.0,1.0,10.0,100.0,Hero
9141,30000.0,Chennai,17203.0,1.0,6.0,110.0,Bajaj
9142,22000.0,Chennai,40000.0,1.0,8.0,125.0,Bajaj
9143,15000.0,Chennai,39888.0,1.0,12.0,110.0,TVS
9144,25000.0,Silvasa,30000.0,1.0,25.0,100.0,Hero
9145,18500.0,Bharuch,32000.0,1.0,20.0,100.0,Hero
9146,18000.0,Delhi,20313.0,1.0,15.0,100.0,Hero
9147,20000.0,Delhi,12000.0,1.0,13.0,100.0,Hero
9148,22000.0,Delhi,22000.0,1.0,13.0,223.0,Hero
9149,27000.0,Ludhiana,13299.0,1.0,8.0,125.0,Bajaj
9150,23000.0,Vadodara,40000.0,1.0,24.0,100.0,Hero
9151,21000.0,Delhi,21985.0,1.0,13.0,135.0,Bajaj
9152,38000.0,Delhi,40826.0,1.0,8.0,150.0,Yamaha
9153,26000.0,Chennai,5451.0,1.0,9.0,110.0,Bajaj
9154,23000.0,Chennai,38000.0,1.0,25.0,100.0,Hero
9155,14000.0,Chennai,17602.0,1.0,13.0,110.0,TVS
9156,18000.0,Chennai,38000.0,1.0,11.0,100.0,Hero
9157,32000.0,Jaipur,17870.0,1.0,7.0,110.0,TVS
9158,18000.0,Chennai,13673.0,1.0,7.0,110.0,TVS
9159,28000.0,Chennai,24434.0,1.0,9.0,100.0,Hero
9160,20000.0,Chennai,654984.0,1.0,10.0,125.0,Honda
9161,41000.0,Jaipur,8000.0,1.0,6.0,110.0,Mahindra
9176,22000.0,Nadiad,28000.0,1.0,8.0,110.0,Mahindra
9177,20000.0,Delhi,50000.0,1.0,12.0,100.0,Hero
9178,35000.0,Hospet,39000.0,1.0,12.0,150.0,Hero
9179,55000.0,Bangalore,20000.0,1.0,7.0,150.0,Bajaj
9180,109100.0,Bangalore,21200.0,1.0,7.0,350.0,Royal Enfield
9181,60350.0,Delhi,26381.0,1.0,9.0,350.0,Royal Enfield
9182,47000.0,Pune,60045.0,1.0,12.0,350.0,Royal Enfield
9183,35800.0,Bangalore,90408.0,,18.0,350.0,Royal Enfield
9184,125000.0,Chennai,17512.0,1.0,5.0,250.0,Benelli
9185,163500.0,Azamgarh,13900.0,2.0,3.0,500.0,Royal Enfield
9186,45000.0,Bangalore,30.0,2.0,7.0,200.0,Bajaj
9187,520000.0,Jaipur,399.0,1.0,2.0,750.0,Harley-Davidson
9188,304952.0,Delhi,13000.0,2.0,7.0,650.0,Hyosung
9189,20000.0,Alwar,15906.0,1.0,10.0,100.0,Hero
9190,57000.0,Pune,15000.0,1.0,7.0,180.0,Bajaj
9191,60000.0,Mumbai,28000.0,1.0,9.0,150.0,Yamaha
9192,60000.0,Hyderabad,20482.0,2.0,4.0,160.0,TVS
9193,16000.0,Hyderabad,23105.0,1.0,15.0,100.0,Hero
9194,5000.0,Delhi,82178.0,1.0,18.0,135.0,Hero
9195,70000.0,Thane,49347.0,1.0,9.0,200.0,KTM
9196,116900.0,Pune,25362.0,2.0,6.0,500.0,Royal Enfield
9197,90000.0,Jaipur,17000.0,1.0,7.0,350.0,Royal Enfield
9198,83800.0,Jaipur,21540.0,2.0,10.0,350.0,Royal Enfield
9199,58000.0,Lucknow,18000.0,1.0,9.0,150.0,Bajaj
9200,55000.0,Palai,25000.0,1.0,8.0,150.0,Honda
9201,15000.0,Gurgaon,70000.0,1.0,16.0,150.0,Bajaj
9202,32000.0,Dehradun,90000.0,1.0,5.0,100.0,Bajaj
9203,90000.0,Delhi,44000.0,1.0,10.0,350.0,Royal Enfield
9204,51900.0,Mumbai,26000.0,1.0,7.0,220.0,Bajaj
9205,31000.0,Delhi,58000.0,1.0,10.0,150.0,Yamaha
9206,28100.0,Durg,29000.0,1.0,8.0,100.0,Bajaj
9207,110000.0,Bangalore,25000.0,1.0,8.0,350.0,Royal Enfield
9208,20500.0,Delhi,48000.0,1.0,13.0,150.0,Honda
9209,25000.0,Bhiwadi,27000.0,1.0,8.0,110.0,Honda
9210,24990.0,Faridabad,39000.0,1.0,10.0,125.0,Honda
9211,120500.0,Surat,12550.0,1.0,6.0,350.0,Royal Enfield
9212,22000.0,Delhi,55000.0,1.0,14.0,150.0,Hero
9213,72100.0,Ahmedabad,22000.0,1.0,5.0,150.0,Bajaj
9234,46000.0,Gurgaon,9000.0,1.0,5.0,110.0,Honda
9235,150000.0,Bangalore,5400.0,1.0,8.0,350.0,Royal Enfield
9236,95000.0,Surat,22000.0,1.0,8.0,350.0,Royal Enfield
9237,62000.0,Delhi,30000.0,1.0,5.0,150.0,Bajaj
9238,26000.0,Bangalore,41000.0,1.0,10.0,100.0,Hero
9239,35000.0,Pune,14992.0,1.0,8.0,110.0,Honda
9240,96000.0,Bangalore,23000.0,1.0,6.0,150.0,Yamaha
9241,140000.0,Delhi,8500.0,1.0,5.0,500.0,Royal Enfield
9242,66000.0,Bangalore,59794.0,1.0,9.0,150.0,Yamaha
9243,22000.0,Sundargarh,30000.0,1.0,14.0,150.0,Bajaj
9244,36995.0,Ghaziabad,16838.0,1.0,6.0,100.0,Hero
9245,105000.0,Delhi,14779.0,1.0,4.0,350.0,Royal Enfield
9246,30000.0,Pune,33849.0,1.0,12.0,150.0,Hero
9247,70000.0,Ghaziabad,4116.0,1.0,3.0,160.0,TVS
9248,29500.0,Hyderabad,115152.0,1.0,8.0,150.0,Bajaj
9249,70000.0,Sundargarh,23000.0,1.0,5.0,200.0,Bajaj
9250,80000.0,Delhi,8000.0,1.0,10.0,250.0,Honda
9251,150000.0,Mumbai,84625.0,1.0,8.0,500.0,Royal Enfield
9252,100000.0,Ghaziabad,15078.0,1.0,7.0,350.0,Royal Enfield
9253,45000.0,Bangalore,35038.0,1.0,7.0,223.0,Hero
9254,105000.0,Gurgaon,15008.0,1.0,9.0,500.0,Royal Enfield
9255,135000.0,Bangalore,1050.0,1.0,3.0,125.0,KTM
9256,95000.0,Bangalore,25000.0,1.0,6.0,200.0,Bajaj
9257,95000.0,Pune,16725.0,1.0,5.0,200.0,Bajaj
9258,65000.0,Mumbai,18000.0,1.0,6.0,160.0,Honda
9259,37000.0,Jaipur,8030.0,1.0,4.0,110.0,Yamaha
9260,120000.0,Noida,14000.0,2.0,4.0,250.0,Honda
9261,146006.0,Guwahati,8575.0,1.0,4.0,500.0,Royal Enfield
9274,511000.0,Pune,10400.0,1.0,8.0,883.0,Harley-Davidson
9275,20000.0,Sirsa,20003.0,1.0,10.0,100.0,Hero
9280,50000.0,Ahmedabad,7500.0,1.0,5.0,110.0,Hero
9281,63000.0,Bangalore,19100.0,1.0,5.0,150.0,Suzuki
9282,139100.0,Delhi,25500.0,1.0,5.0,390.0,KTM
9283,120000.0,Gurgaon,5600.0,1.0,4.0,200.0,Bajaj
9284,115800.0,Delhi,2126.0,1.0,3.0,250.0,Yamaha
9306,60000.0,Mumbai,4150.0,1.0,6.0,150.0,Bajaj
9307,30000.0,Alibag,30000.0,1.0,10.0,160.0,TVS
9312,65450.0,Delhi,9238.0,1.0,3.0,200.0,TVS
9313,42000.0,Mumbai,16539.0,1.0,5.0,150.0,Bajaj
9314,26000.0,Lucknow,70000.0,1.0,11.0,150.0,Bajaj
9315,20000.0,Lucknow,5000.0,1.0,10.0,100.0,Hero
9316,37000.0,Delhi,28478.0,1.0,5.0,125.0,Hero
9317,50000.0,Bangalore,16674.0,1.0,4.0,150.0,Bajaj
9318,37000.0,Delhi,77596.0,1.0,8.0,150.0,Yamaha
9319,100000.0,Chennai,25000.0,1.0,10.0,350.0,Royal Enfield
9320,20000.0,Hissar,84916.0,1.0,14.0,150.0,TVS
9321,25000.0,Faridabad,80517.0,1.0,9.0,100.0,Bajaj
9322,58000.0,Delhi,4020.0,1.0,2.0,110.0,TVS
9336,220000.0,Delhi,7130.0,1.0,5.0,320.0,Yamaha
9337,120000.0,Gurgaon,8492.0,1.0,5.0,410.0,Royal Enfield
9338,138000.0,Delhi,5000.0,1.0,5.0,410.0,Royal Enfield
9339,11400.0,Gurgaon,20000.0,2.0,17.0,100.0,Hero
9340,34400.0,Delhi,24513.0,2.0,8.0,150.0,Honda
9341,25000.0,Sidhi,11122.0,1.0,11.0,100.0,Hero
9342,55000.0,Pune,6138.0,1.0,4.0,150.0,Yamaha
9343,24000.0,Hyderabad,68000.0,1.0,14.0,100.0,Hero
9344,80000.0,Delhi,56968.0,1.0,8.0,350.0,Royal Enfield
9345,78000.0,Kanchipuram,7500.0,1.0,3.0,150.0,Yamaha
9346,61483.0,Kanpur,28032.0,1.0,7.0,150.0,Honda
9347,14000.0,Mumbai,39211.0,1.0,16.0,125.0,Bajaj
9348,195000.0,Mumbai,4568.0,1.0,4.0,390.0,KTM
9349,55000.0,Pune,10000.0,1.0,6.0,180.0,Bajaj
9350,46000.0,Bangalore,27687.0,,9.0,200.0,Bajaj
9360,48000.0,Allahabad,41939.0,1.0,8.0,200.0,Bajaj
9361,50000.0,Bangalore,29134.0,1.0,7.0,220.0,Bajaj
9362,25000.0,Delhi,48587.0,1.0,8.0,150.0,Hero
9369,35000.0,Bangalore,60000.0,1.0,9.0,220.0,Bajaj
9370,450000.0,Jodhpur,3430.0,1.0,4.0,750.0,Harley-Davidson
9371,139000.0,Hyderabad,21300.0,1.0,4.0,400.0,Bajaj
9372,80000.0,Hyderabad,7127.0,1.0,5.0,220.0,Bajaj
